# M R
1.354040404040404155e+00 1.190909090909091006e+01
1.391919191919192000e+00 1.263636363636363669e+01
1.366666666666666696e+00 1.207070707070707094e+01
1.429797979797979846e+00 1.255555555555555536e+01
1.417171717171717304e+00 1.215151515151515227e+01
1.455050505050504928e+00 1.231313131313131315e+01
1.631818181818181834e+00 1.376767676767676818e+01
1.518181818181818077e+00 1.295959595959596022e+01
1.467676767676767691e+00 1.271717171717171802e+01
1.530808080808080840e+00 1.312121212121212110e+01
1.530808080808080840e+00 1.304040404040404155e+01
1.429797979797979846e+00 1.223232323232323182e+01
1.543434343434343603e+00 1.279797979797979934e+01
1.455050505050504928e+00 1.231313131313131315e+01
1.619191919191919293e+00 1.441414141414141525e+01
1.354040404040404155e+00 1.190909090909091006e+01
1.505555555555555536e+00 1.295959595959596022e+01
1.455050505050504928e+00 1.295959595959596022e+01
1.379292929292929237e+00 1.247474747474747403e+01
1.265656565656565702e+00 1.150505050505050519e+01
1.366666666666666696e+00 1.166666666666666785e+01
1.442424242424242387e+00 1.198989898989898961e+01
1.518181818181818077e+00 1.295959595959596022e+01
1.492929292929292995e+00 1.247474747474747403e+01
1.593939393939393989e+00 1.392929292929293084e+01
1.341414141414141392e+00 1.190909090909091006e+01
1.467676767676767691e+00 1.223232323232323182e+01
1.694949494949494984e+00 1.417171717171717304e+01
1.278282828282828243e+00 1.207070707070707094e+01
1.429797979797979846e+00 1.215151515151515227e+01
1.341414141414141392e+00 1.215151515151515227e+01
1.328787878787878851e+00 1.207070707070707094e+01
1.391919191919192000e+00 1.263636363636363669e+01
1.530808080808080840e+00 1.328282828282828376e+01
1.467676767676767691e+00 1.215151515151515227e+01
1.593939393939393989e+00 1.384848484848484773e+01
1.543434343434343603e+00 1.304040404040404155e+01
1.391919191919192000e+00 1.247474747474747403e+01
1.492929292929292995e+00 1.271717171717171802e+01
1.379292929292929237e+00 1.174747474747474740e+01
1.429797979797979846e+00 1.190909090909091006e+01
1.543434343434343603e+00 1.255555555555555536e+01
1.505555555555555536e+00 1.320202020202020243e+01
1.480303030303030454e+00 1.247474747474747403e+01
1.253030303030302939e+00 1.223232323232323182e+01
1.606565656565656752e+00 1.401010101010101039e+01
1.404545454545454541e+00 1.320202020202020243e+01
1.492929292929292995e+00 1.247474747474747403e+01
1.593939393939393989e+00 1.328282828282828376e+01
1.530808080808080840e+00 1.312121212121212110e+01
1.442424242424242387e+00 1.255555555555555536e+01
1.530808080808080840e+00 1.352525252525252597e+01
1.417171717171717304e+00 1.255555555555555536e+01
1.606565656565656752e+00 1.409090909090909172e+01
1.366666666666666696e+00 1.215151515151515227e+01
1.442424242424242387e+00 1.271717171717171802e+01
1.530808080808080840e+00 1.295959595959596022e+01
1.253030303030302939e+00 1.126262626262626299e+01
1.417171717171717304e+00 1.287878787878787890e+01
1.505555555555555536e+00 1.320202020202020243e+01
1.429797979797979846e+00 1.231313131313131315e+01
1.492929292929292995e+00 1.344444444444444464e+01
1.404545454545454541e+00 1.207070707070707094e+01
1.366666666666666696e+00 1.223232323232323182e+01
1.581313131313131226e+00 1.328282828282828376e+01
1.429797979797979846e+00 1.295959595959596022e+01
1.492929292929292995e+00 1.384848484848484773e+01
1.707575757575757525e+00 1.457575757575757613e+01
1.442424242424242387e+00 1.287878787878787890e+01
1.593939393939393989e+00 1.360606060606060552e+01
1.556060606060606144e+00 1.287878787878787890e+01
1.480303030303030454e+00 1.263636363636363669e+01
1.518181818181818077e+00 1.279797979797979934e+01
1.429797979797979846e+00 1.182828282828282873e+01
1.404545454545454541e+00 1.287878787878787890e+01
1.379292929292929237e+00 1.215151515151515227e+01
1.391919191919192000e+00 1.271717171717171802e+01
1.455050505050504928e+00 1.271717171717171802e+01
1.871717171717171890e+00 1.481818181818181834e+01
1.568686868686868685e+00 1.320202020202020243e+01
1.556060606060606144e+00 1.287878787878787890e+01
1.429797979797979846e+00 1.239393939393939448e+01
1.303535353535353547e+00 1.182828282828282873e+01
1.682323232323232443e+00 1.215151515151515227e+01
1.631818181818181834e+00 1.352525252525252597e+01
1.429797979797979846e+00 1.279797979797979934e+01
1.480303030303030454e+00 1.263636363636363669e+01
1.429797979797979846e+00 1.231313131313131315e+01
1.316161616161616088e+00 1.166666666666666785e+01
1.543434343434343603e+00 1.287878787878787890e+01
1.429797979797979846e+00 1.207070707070707094e+01
1.556060606060606144e+00 1.304040404040404155e+01
1.530808080808080840e+00 1.336363636363636331e+01
1.631818181818181834e+00 1.320202020202020243e+01
1.404545454545454541e+00 1.223232323232323182e+01
1.417171717171717304e+00 1.223232323232323182e+01
1.530808080808080840e+00 1.320202020202020243e+01
1.391919191919192000e+00 1.223232323232323182e+01
1.492929292929292995e+00 1.247474747474747403e+01
1.505555555555555536e+00 1.271717171717171802e+01
1.480303030303030454e+00 1.239393939393939448e+01
1.619191919191919293e+00 1.392929292929293084e+01
1.366666666666666696e+00 1.174747474747474740e+01
1.492929292929292995e+00 1.279797979797979934e+01
1.417171717171717304e+00 1.295959595959596022e+01
1.619191919191919293e+00 1.368686868686868685e+01
1.391919191919192000e+00 1.271717171717171802e+01
1.442424242424242387e+00 1.263636363636363669e+01
1.404545454545454541e+00 1.215151515151515227e+01
1.492929292929292995e+00 1.304040404040404155e+01
1.505555555555555536e+00 1.271717171717171802e+01
1.556060606060606144e+00 1.328282828282828376e+01
1.429797979797979846e+00 1.287878787878787890e+01
1.492929292929292995e+00 1.279797979797979934e+01
1.467676767676767691e+00 1.271717171717171802e+01
1.644444444444444375e+00 1.401010101010101039e+01
1.455050505050504928e+00 1.231313131313131315e+01
1.429797979797979846e+00 1.215151515151515227e+01
1.505555555555555536e+00 1.255555555555555536e+01
1.543434343434343603e+00 1.295959595959596022e+01
1.518181818181818077e+00 1.320202020202020243e+01
1.316161616161616088e+00 1.215151515151515227e+01
1.341414141414141392e+00 1.190909090909091006e+01
1.492929292929292995e+00 1.287878787878787890e+01
1.467676767676767691e+00 1.336363636363636331e+01
1.417171717171717304e+00 1.207070707070707094e+01
1.404545454545454541e+00 1.247474747474747403e+01
1.480303030303030454e+00 1.263636363636363669e+01
1.391919191919192000e+00 1.239393939393939448e+01
1.619191919191919293e+00 1.328282828282828376e+01
1.543434343434343603e+00 1.295959595959596022e+01
1.556060606060606144e+00 1.441414141414141525e+01
1.480303030303030454e+00 1.295959595959596022e+01
1.492929292929292995e+00 1.295959595959596022e+01
1.568686868686868685e+00 1.336363636363636331e+01
1.442424242424242387e+00 1.239393939393939448e+01
1.366666666666666696e+00 1.174747474747474740e+01
1.530808080808080840e+00 1.271717171717171802e+01
1.581313131313131226e+00 1.344444444444444464e+01
1.366666666666666696e+00 1.255555555555555536e+01
1.505555555555555536e+00 1.287878787878787890e+01
1.429797979797979846e+00 1.263636363636363669e+01
1.593939393939393989e+00 1.352525252525252597e+01
1.455050505050504928e+00 1.223232323232323182e+01
1.505555555555555536e+00 1.279797979797979934e+01
1.556060606060606144e+00 1.287878787878787890e+01
1.404545454545454541e+00 1.215151515151515227e+01
1.303535353535353547e+00 1.231313131313131315e+01
1.467676767676767691e+00 1.239393939393939448e+01
1.505555555555555536e+00 1.295959595959596022e+01
1.682323232323232443e+00 1.409090909090909172e+01
1.492929292929292995e+00 1.287878787878787890e+01
1.455050505050504928e+00 1.223232323232323182e+01
1.404545454545454541e+00 1.247474747474747403e+01
1.366666666666666696e+00 1.182828282828282873e+01
1.518181818181818077e+00 1.344444444444444464e+01
1.480303030303030454e+00 1.287878787878787890e+01
1.417171717171717304e+00 1.255555555555555536e+01
1.442424242424242387e+00 1.215151515151515227e+01
1.455050505050504928e+00 1.239393939393939448e+01
1.556060606060606144e+00 1.247474747474747403e+01
1.366666666666666696e+00 1.279797979797979934e+01
1.442424242424242387e+00 1.312121212121212110e+01
1.455050505050504928e+00 1.271717171717171802e+01
1.505555555555555536e+00 1.255555555555555536e+01
1.492929292929292995e+00 1.328282828282828376e+01
1.505555555555555536e+00 1.295959595959596022e+01
1.606565656565656752e+00 1.336363636363636331e+01
1.480303030303030454e+00 1.239393939393939448e+01
1.480303030303030454e+00 1.312121212121212110e+01
1.366666666666666696e+00 1.207070707070707094e+01
1.429797979797979846e+00 1.247474747474747403e+01
1.404545454545454541e+00 1.255555555555555536e+01
1.455050505050504928e+00 1.207070707070707094e+01
1.606565656565656752e+00 1.360606060606060552e+01
1.467676767676767691e+00 1.263636363636363669e+01
1.467676767676767691e+00 1.231313131313131315e+01
1.391919191919192000e+00 1.255555555555555536e+01
1.328787878787878851e+00 1.247474747474747403e+01
1.455050505050504928e+00 1.247474747474747403e+01
1.290909090909091006e+00 1.142424242424242387e+01
1.442424242424242387e+00 1.231313131313131315e+01
1.480303030303030454e+00 1.263636363636363669e+01
1.455050505050504928e+00 1.312121212121212110e+01
1.518181818181818077e+00 1.320202020202020243e+01
1.480303030303030454e+00 1.231313131313131315e+01
1.442424242424242387e+00 1.255555555555555536e+01
1.467676767676767691e+00 1.255555555555555536e+01
1.556060606060606144e+00 1.328282828282828376e+01
1.290909090909091006e+00 1.158585858585858652e+01
1.619191919191919293e+00 1.449494949494949481e+01
1.467676767676767691e+00 1.279797979797979934e+01
1.341414141414141392e+00 1.247474747474747403e+01
1.379292929292929237e+00 1.182828282828282873e+01
1.379292929292929237e+00 1.207070707070707094e+01
1.429797979797979846e+00 1.312121212121212110e+01
1.442424242424242387e+00 1.239393939393939448e+01
1.505555555555555536e+00 1.304040404040404155e+01
1.442424242424242387e+00 1.247474747474747403e+01
1.366666666666666696e+00 1.166666666666666785e+01
1.518181818181818077e+00 1.295959595959596022e+01
1.505555555555555536e+00 1.287878787878787890e+01
1.391919191919192000e+00 1.255555555555555536e+01
1.556060606060606144e+00 1.336363636363636331e+01
1.404545454545454541e+00 1.271717171717171802e+01
1.455050505050504928e+00 1.239393939393939448e+01
1.530808080808080840e+00 1.263636363636363669e+01
1.480303030303030454e+00 1.279797979797979934e+01
1.795959595959595978e+00 1.449494949494949481e+01
1.593939393939393989e+00 1.368686868686868685e+01
1.505555555555555536e+00 1.263636363636363669e+01
1.429797979797979846e+00 1.231313131313131315e+01
1.467676767676767691e+00 1.271717171717171802e+01
1.657070707070707138e+00 1.409090909090909172e+01
1.492929292929292995e+00 1.328282828282828376e+01
1.480303030303030454e+00 1.271717171717171802e+01
1.467676767676767691e+00 1.384848484848484773e+01
1.505555555555555536e+00 1.295959595959596022e+01
1.391919191919192000e+00 1.207070707070707094e+01
1.568686868686868685e+00 1.312121212121212110e+01
1.556060606060606144e+00 1.320202020202020243e+01
1.492929292929292995e+00 1.287878787878787890e+01
1.518181818181818077e+00 1.279797979797979934e+01
1.404545454545454541e+00 1.247474747474747403e+01
1.290909090909091006e+00 1.207070707070707094e+01
1.480303030303030454e+00 1.247474747474747403e+01
1.442424242424242387e+00 1.320202020202020243e+01
1.455050505050504928e+00 1.215151515151515227e+01
1.480303030303030454e+00 1.255555555555555536e+01
1.505555555555555536e+00 1.263636363636363669e+01
1.518181818181818077e+00 1.279797979797979934e+01
1.429797979797979846e+00 1.223232323232323182e+01
1.391919191919192000e+00 1.247474747474747403e+01
1.518181818181818077e+00 1.295959595959596022e+01
1.644444444444444375e+00 1.401010101010101039e+01
1.593939393939393989e+00 1.376767676767676818e+01
1.694949494949494984e+00 1.497979797979797922e+01
1.568686868686868685e+00 1.352525252525252597e+01
1.467676767676767691e+00 1.352525252525252597e+01
1.467676767676767691e+00 1.223232323232323182e+01
1.568686868686868685e+00 1.304040404040404155e+01
1.366666666666666696e+00 1.174747474747474740e+01
1.429797979797979846e+00 1.231313131313131315e+01
1.530808080808080840e+00 1.271717171717171802e+01
1.404545454545454541e+00 1.239393939393939448e+01
1.467676767676767691e+00 1.239393939393939448e+01
1.745454545454545592e+00 1.425252525252525260e+01
1.366666666666666696e+00 1.263636363636363669e+01
1.985353535353535426e+00 1.578787878787878896e+01
1.467676767676767691e+00 1.287878787878787890e+01
1.341414141414141392e+00 1.207070707070707094e+01
1.278282828282828243e+00 1.134343434343434254e+01
1.492929292929292995e+00 1.255555555555555536e+01
1.593939393939393989e+00 1.368686868686868685e+01
1.480303030303030454e+00 1.279797979797979934e+01
1.606565656565656752e+00 1.352525252525252597e+01
1.366666666666666696e+00 1.166666666666666785e+01
1.505555555555555536e+00 1.352525252525252597e+01
1.429797979797979846e+00 1.215151515151515227e+01
1.379292929292929237e+00 1.207070707070707094e+01
1.518181818181818077e+00 1.279797979797979934e+01
1.404545454545454541e+00 1.231313131313131315e+01
1.492929292929292995e+00 1.263636363636363669e+01
1.391919191919192000e+00 1.223232323232323182e+01
1.568686868686868685e+00 1.409090909090909172e+01
1.593939393939393989e+00 1.328282828282828376e+01
1.290909090909091006e+00 1.198989898989898961e+01
1.492929292929292995e+00 1.279797979797979934e+01
1.505555555555555536e+00 1.287878787878787890e+01
1.442424242424242387e+00 1.239393939393939448e+01
1.480303030303030454e+00 1.247474747474747403e+01
1.568686868686868685e+00 1.376767676767676818e+01
1.467676767676767691e+00 1.320202020202020243e+01
1.619191919191919293e+00 1.384848484848484773e+01
1.480303030303030454e+00 1.271717171717171802e+01
1.404545454545454541e+00 1.239393939393939448e+01
1.606565656565656752e+00 1.328282828282828376e+01
1.492929292929292995e+00 1.247474747474747403e+01
1.480303030303030454e+00 1.320202020202020243e+01
1.417171717171717304e+00 1.304040404040404155e+01
1.354040404040404155e+00 1.158585858585858652e+01
1.417171717171717304e+00 1.328282828282828376e+01
1.467676767676767691e+00 1.304040404040404155e+01
1.328787878787878851e+00 1.231313131313131315e+01
1.417171717171717304e+00 1.255555555555555536e+01
1.328787878787878851e+00 1.134343434343434254e+01
1.341414141414141392e+00 1.198989898989898961e+01
1.505555555555555536e+00 1.287878787878787890e+01
1.442424242424242387e+00 1.231313131313131315e+01
1.543434343434343603e+00 1.320202020202020243e+01
1.657070707070707138e+00 1.409090909090909172e+01
1.593939393939393989e+00 1.336363636363636331e+01
1.366666666666666696e+00 1.198989898989898961e+01
1.644444444444444375e+00 1.392929292929293084e+01
1.581313131313131226e+00 1.344444444444444464e+01
1.379292929292929237e+00 1.198989898989898961e+01
1.328787878787878851e+00 1.166666666666666785e+01
1.404545454545454541e+00 1.263636363636363669e+01
1.316161616161616088e+00 1.215151515151515227e+01
1.467676767676767691e+00 1.239393939393939448e+01
1.518181818181818077e+00 1.279797979797979934e+01
1.341414141414141392e+00 1.215151515151515227e+01
1.505555555555555536e+00 1.295959595959596022e+01
1.429797979797979846e+00 1.223232323232323182e+01
1.429797979797979846e+00 1.263636363636363669e+01
1.530808080808080840e+00 1.304040404040404155e+01
1.391919191919192000e+00 1.279797979797979934e+01
1.556060606060606144e+00 1.433333333333333393e+01
1.480303030303030454e+00 1.231313131313131315e+01
1.455050505050504928e+00 1.279797979797979934e+01
1.404545454545454541e+00 1.231313131313131315e+01
1.391919191919192000e+00 1.207070707070707094e+01
1.581313131313131226e+00 1.344444444444444464e+01
1.518181818181818077e+00 1.304040404040404155e+01
1.290909090909091006e+00 1.215151515151515227e+01
1.366666666666666696e+00 1.166666666666666785e+01
1.480303030303030454e+00 1.239393939393939448e+01
1.013131313131313105e+00 1.441414141414141525e+01
1.530808080808080840e+00 1.344444444444444464e+01
1.492929292929292995e+00 1.271717171717171802e+01
1.543434343434343603e+00 1.328282828282828376e+01
1.480303030303030454e+00 1.231313131313131315e+01
1.455050505050504928e+00 1.271717171717171802e+01
1.505555555555555536e+00 1.271717171717171802e+01
1.379292929292929237e+00 1.295959595959596022e+01
1.467676767676767691e+00 1.239393939393939448e+01
1.404545454545454541e+00 1.255555555555555536e+01
1.417171717171717304e+00 1.279797979797979934e+01
1.341414141414141392e+00 1.247474747474747403e+01
1.505555555555555536e+00 1.279797979797979934e+01
1.568686868686868685e+00 1.384848484848484773e+01
1.530808080808080840e+00 1.320202020202020243e+01
1.429797979797979846e+00 1.223232323232323182e+01
1.290909090909091006e+00 1.336363636363636331e+01
1.480303030303030454e+00 1.247474747474747403e+01
1.543434343434343603e+00 1.312121212121212110e+01
1.455050505050504928e+00 1.239393939393939448e+01
1.505555555555555536e+00 1.247474747474747403e+01
1.543434343434343603e+00 1.320202020202020243e+01
1.417171717171717304e+00 1.336363636363636331e+01
1.593939393939393989e+00 1.352525252525252597e+01
1.379292929292929237e+00 1.190909090909091006e+01
1.480303030303030454e+00 1.312121212121212110e+01
1.442424242424242387e+00 1.271717171717171802e+01
1.265656565656565702e+00 1.182828282828282873e+01
1.404545454545454541e+00 1.271717171717171802e+01
1.492929292929292995e+00 1.271717171717171802e+01
1.417171717171717304e+00 1.223232323232323182e+01
1.467676767676767691e+00 1.239393939393939448e+01
1.417171717171717304e+00 1.295959595959596022e+01
1.467676767676767691e+00 1.352525252525252597e+01
1.480303030303030454e+00 1.263636363636363669e+01
1.455050505050504928e+00 1.247474747474747403e+01
1.480303030303030454e+00 1.320202020202020243e+01
1.783333333333333437e+00 1.457575757575757613e+01
1.568686868686868685e+00 1.312121212121212110e+01
1.429797979797979846e+00 1.279797979797979934e+01
1.492929292929292995e+00 1.312121212121212110e+01
1.391919191919192000e+00 1.166666666666666785e+01
1.543434343434343603e+00 1.263636363636363669e+01
1.581313131313131226e+00 1.384848484848484773e+01
1.442424242424242387e+00 1.263636363636363669e+01
1.543434343434343603e+00 1.287878787878787890e+01
1.518181818181818077e+00 1.255555555555555536e+01
1.417171717171717304e+00 1.239393939393939448e+01
1.467676767676767691e+00 1.255555555555555536e+01
1.543434343434343603e+00 1.295959595959596022e+01
1.530808080808080840e+00 1.304040404040404155e+01
1.556060606060606144e+00 1.376767676767676818e+01
1.518181818181818077e+00 1.320202020202020243e+01
1.556060606060606144e+00 1.320202020202020243e+01
1.455050505050504928e+00 1.247474747474747403e+01
1.492929292929292995e+00 1.279797979797979934e+01
1.505555555555555536e+00 1.287878787878787890e+01
1.492929292929292995e+00 1.271717171717171802e+01
1.669696969696969902e+00 1.336363636363636331e+01
1.492929292929292995e+00 1.279797979797979934e+01
1.391919191919192000e+00 1.207070707070707094e+01
1.492929292929292995e+00 1.255555555555555536e+01
1.442424242424242387e+00 1.344444444444444464e+01
1.543434343434343603e+00 1.304040404040404155e+01
1.568686868686868685e+00 1.336363636363636331e+01
1.429797979797979846e+00 1.255555555555555536e+01
1.467676767676767691e+00 1.295959595959596022e+01
1.455050505050504928e+00 1.207070707070707094e+01
1.518181818181818077e+00 1.271717171717171802e+01
1.467676767676767691e+00 1.287878787878787890e+01
1.682323232323232443e+00 1.352525252525252597e+01
1.455050505050504928e+00 1.223232323232323182e+01
1.316161616161616088e+00 1.166666666666666785e+01
1.530808080808080840e+00 1.352525252525252597e+01
1.455050505050504928e+00 1.263636363636363669e+01
1.530808080808080840e+00 1.271717171717171802e+01
1.530808080808080840e+00 1.304040404040404155e+01
1.379292929292929237e+00 1.263636363636363669e+01
1.568686868686868685e+00 1.312121212121212110e+01
1.480303030303030454e+00 1.287878787878787890e+01
1.341414141414141392e+00 1.247474747474747403e+01
1.581313131313131226e+00 1.441414141414141525e+01
1.391919191919192000e+00 1.223232323232323182e+01
1.530808080808080840e+00 1.295959595959596022e+01
1.366666666666666696e+00 1.182828282828282873e+01
1.556060606060606144e+00 1.287878787878787890e+01
1.379292929292929237e+00 1.271717171717171802e+01
1.467676767676767691e+00 1.247474747474747403e+01
1.429797979797979846e+00 1.287878787878787890e+01
1.505555555555555536e+00 1.336363636363636331e+01
1.518181818181818077e+00 1.287878787878787890e+01
1.467676767676767691e+00 1.287878787878787890e+01
1.290909090909091006e+00 1.215151515151515227e+01
1.492929292929292995e+00 1.247474747474747403e+01
1.429797979797979846e+00 1.198989898989898961e+01
1.644444444444444375e+00 1.352525252525252597e+01
1.366666666666666696e+00 1.239393939393939448e+01
1.455050505050504928e+00 1.247474747474747403e+01
1.455050505050504928e+00 1.263636363636363669e+01
1.556060606060606144e+00 1.328282828282828376e+01
1.492929292929292995e+00 1.239393939393939448e+01
1.404545454545454541e+00 1.295959595959596022e+01
1.732828282828282829e+00 9.646464646464647075e+00
1.303535353535353547e+00 1.182828282828282873e+01
1.467676767676767691e+00 1.271717171717171802e+01
1.518181818181818077e+00 1.360606060606060552e+01
1.429797979797979846e+00 1.328282828282828376e+01
1.556060606060606144e+00 1.312121212121212110e+01
1.455050505050504928e+00 1.223232323232323182e+01
1.568686868686868685e+00 1.295959595959596022e+01
1.480303030303030454e+00 1.247474747474747403e+01
1.657070707070707138e+00 1.465656565656565746e+01
1.442424242424242387e+00 1.231313131313131315e+01
1.530808080808080840e+00 1.304040404040404155e+01
1.442424242424242387e+00 1.207070707070707094e+01
1.455050505050504928e+00 1.271717171717171802e+01
1.404545454545454541e+00 1.198989898989898961e+01
1.518181818181818077e+00 1.304040404040404155e+01
1.581313131313131226e+00 1.287878787878787890e+01
1.404545454545454541e+00 1.215151515151515227e+01
1.480303030303030454e+00 1.239393939393939448e+01
1.455050505050504928e+00 1.271717171717171802e+01
1.316161616161616088e+00 1.182828282828282873e+01
1.442424242424242387e+00 1.287878787878787890e+01
1.442424242424242387e+00 1.279797979797979934e+01
1.467676767676767691e+00 1.247474747474747403e+01
1.543434343434343603e+00 1.320202020202020243e+01
1.455050505050504928e+00 1.263636363636363669e+01
1.328787878787878851e+00 1.239393939393939448e+01
1.366666666666666696e+00 1.198989898989898961e+01
1.556060606060606144e+00 1.392929292929293084e+01
1.429797979797979846e+00 1.255555555555555536e+01
1.404545454545454541e+00 1.279797979797979934e+01
1.391919191919192000e+00 1.198989898989898961e+01
1.568686868686868685e+00 1.344444444444444464e+01
1.505555555555555536e+00 1.295959595959596022e+01
1.366666666666666696e+00 1.182828282828282873e+01
1.391919191919192000e+00 1.223232323232323182e+01
1.581313131313131226e+00 1.336363636363636331e+01
1.530808080808080840e+00 1.263636363636363669e+01
1.505555555555555536e+00 1.328282828282828376e+01
1.391919191919192000e+00 1.231313131313131315e+01
1.682323232323232443e+00 1.465656565656565746e+01
1.593939393939393989e+00 1.392929292929293084e+01
1.467676767676767691e+00 1.263636363636363669e+01
1.581313131313131226e+00 1.392929292929293084e+01
1.404545454545454541e+00 1.215151515151515227e+01
1.492929292929292995e+00 1.271717171717171802e+01
1.530808080808080840e+00 1.344444444444444464e+01
1.543434343434343603e+00 1.312121212121212110e+01
1.480303030303030454e+00 1.231313131313131315e+01
1.429797979797979846e+00 1.239393939393939448e+01
1.316161616161616088e+00 1.198989898989898961e+01
1.379292929292929237e+00 1.279797979797979934e+01
1.366666666666666696e+00 1.215151515151515227e+01
1.846464646464646364e+00 1.465656565656565746e+01
1.543434343434343603e+00 1.344444444444444464e+01
1.480303030303030454e+00 1.263636363636363669e+01
1.391919191919192000e+00 1.158585858585858652e+01
1.316161616161616088e+00 1.182828282828282873e+01
1.480303030303030454e+00 1.255555555555555536e+01
1.417171717171717304e+00 1.239393939393939448e+01
1.366666666666666696e+00 1.174747474747474740e+01
1.556060606060606144e+00 1.320202020202020243e+01
1.606565656565656752e+00 1.360606060606060552e+01
1.492929292929292995e+00 1.287878787878787890e+01
1.328787878787878851e+00 1.223232323232323182e+01
1.581313131313131226e+00 1.336363636363636331e+01
1.429797979797979846e+00 1.295959595959596022e+01
1.556060606060606144e+00 1.328282828282828376e+01
1.543434343434343603e+00 1.263636363636363669e+01
1.404545454545454541e+00 1.271717171717171802e+01
1.404545454545454541e+00 1.239393939393939448e+01
1.404545454545454541e+00 1.207070707070707094e+01
1.505555555555555536e+00 1.312121212121212110e+01
1.543434343434343603e+00 1.295959595959596022e+01
1.505555555555555536e+00 1.304040404040404155e+01
1.379292929292929237e+00 1.304040404040404155e+01
1.467676767676767691e+00 1.352525252525252597e+01
1.417171717171717304e+00 1.198989898989898961e+01
1.354040404040404155e+00 1.198989898989898961e+01
1.644444444444444375e+00 1.376767676767676818e+01
1.379292929292929237e+00 1.239393939393939448e+01
1.530808080808080840e+00 1.287878787878787890e+01
1.404545454545454541e+00 1.231313131313131315e+01
1.556060606060606144e+00 1.360606060606060552e+01
1.518181818181818077e+00 1.279797979797979934e+01
1.366666666666666696e+00 1.207070707070707094e+01
1.391919191919192000e+00 1.198989898989898961e+01
1.278282828282828243e+00 1.215151515151515227e+01
1.404545454545454541e+00 1.231313131313131315e+01
1.619191919191919293e+00 1.360606060606060552e+01
1.328787878787878851e+00 1.207070707070707094e+01
1.467676767676767691e+00 1.304040404040404155e+01
1.341414141414141392e+00 1.207070707070707094e+01
1.518181818181818077e+00 1.295959595959596022e+01
1.480303030303030454e+00 1.328282828282828376e+01
1.455050505050504928e+00 1.255555555555555536e+01
1.455050505050504928e+00 1.263636363636363669e+01
1.593939393939393989e+00 1.376767676767676818e+01
1.391919191919192000e+00 1.287878787878787890e+01
1.543434343434343603e+00 1.304040404040404155e+01
1.657070707070707138e+00 1.328282828282828376e+01
1.391919191919192000e+00 1.198989898989898961e+01
1.429797979797979846e+00 1.215151515151515227e+01
1.341414141414141392e+00 1.174747474747474740e+01
1.581313131313131226e+00 1.328282828282828376e+01
1.455050505050504928e+00 1.263636363636363669e+01
1.556060606060606144e+00 1.279797979797979934e+01
1.480303030303030454e+00 1.304040404040404155e+01
1.455050505050504928e+00 1.247474747474747403e+01
1.442424242424242387e+00 1.223232323232323182e+01
1.606565656565656752e+00 1.360606060606060552e+01
1.518181818181818077e+00 1.295959595959596022e+01
1.455050505050504928e+00 1.207070707070707094e+01
1.379292929292929237e+00 1.231313131313131315e+01
1.783333333333333437e+00 1.514141414141414188e+01
1.467676767676767691e+00 1.263636363636363669e+01
1.467676767676767691e+00 1.239393939393939448e+01
1.278282828282828243e+00 1.207070707070707094e+01
1.417171717171717304e+00 1.287878787878787890e+01
1.581313131313131226e+00 1.328282828282828376e+01
1.543434343434343603e+00 1.287878787878787890e+01
1.240404040404040398e+00 1.150505050505050519e+01
1.606565656565656752e+00 1.344444444444444464e+01
1.417171717171717304e+00 1.223232323232323182e+01
1.391919191919192000e+00 1.215151515151515227e+01
1.379292929292929237e+00 1.215151515151515227e+01
1.467676767676767691e+00 1.247474747474747403e+01
1.492929292929292995e+00 1.263636363636363669e+01
1.492929292929292995e+00 1.304040404040404155e+01
1.354040404040404155e+00 1.166666666666666785e+01
1.581313131313131226e+00 1.368686868686868685e+01
1.429797979797979846e+00 1.231313131313131315e+01
1.556060606060606144e+00 1.328282828282828376e+01
1.568686868686868685e+00 1.336363636363636331e+01
1.354040404040404155e+00 1.190909090909091006e+01
1.429797979797979846e+00 1.223232323232323182e+01
1.328787878787878851e+00 1.287878787878787890e+01
1.909595959595959513e+00 1.514141414141414188e+01
1.631818181818181834e+00 1.392929292929293084e+01
1.492929292929292995e+00 1.279797979797979934e+01
1.404545454545454541e+00 1.304040404040404155e+01
1.783333333333333437e+00 1.481818181818181834e+01
1.518181818181818077e+00 1.271717171717171802e+01
1.492929292929292995e+00 1.247474747474747403e+01
1.429797979797979846e+00 1.279797979797979934e+01
1.404545454545454541e+00 1.215151515151515227e+01
1.518181818181818077e+00 1.304040404040404155e+01
1.404545454545454541e+00 1.263636363636363669e+01
1.505555555555555536e+00 1.271717171717171802e+01
1.429797979797979846e+00 1.207070707070707094e+01
1.442424242424242387e+00 1.263636363636363669e+01
1.530808080808080840e+00 1.271717171717171802e+01
1.328787878787878851e+00 1.239393939393939448e+01
1.391919191919192000e+00 1.287878787878787890e+01
1.492929292929292995e+00 1.287878787878787890e+01
1.480303030303030454e+00 1.287878787878787890e+01
1.505555555555555536e+00 1.263636363636363669e+01
1.290909090909091006e+00 1.190909090909091006e+01
1.568686868686868685e+00 1.336363636363636331e+01
1.556060606060606144e+00 1.312121212121212110e+01
1.518181818181818077e+00 1.263636363636363669e+01
1.682323232323232443e+00 1.457575757575757613e+01
1.568686868686868685e+00 1.352525252525252597e+01
1.379292929292929237e+00 1.255555555555555536e+01
1.354040404040404155e+00 1.223232323232323182e+01
1.808585858585858741e+00 1.530303030303030454e+01
1.492929292929292995e+00 1.304040404040404155e+01
1.467676767676767691e+00 1.279797979797979934e+01
1.505555555555555536e+00 1.287878787878787890e+01
1.391919191919192000e+00 1.247474747474747403e+01
1.467676767676767691e+00 1.247474747474747403e+01
1.379292929292929237e+00 1.207070707070707094e+01
1.593939393939393989e+00 1.392929292929293084e+01
1.442424242424242387e+00 1.336363636363636331e+01
1.417171717171717304e+00 1.231313131313131315e+01
1.455050505050504928e+00 1.247474747474747403e+01
1.581313131313131226e+00 1.360606060606060552e+01
1.417171717171717304e+00 1.255555555555555536e+01
1.442424242424242387e+00 1.263636363636363669e+01
1.455050505050504928e+00 1.231313131313131315e+01
1.492929292929292995e+00 1.271717171717171802e+01
1.581313131313131226e+00 1.312121212121212110e+01
1.253030303030302939e+00 1.166666666666666785e+01
1.530808080808080840e+00 1.287878787878787890e+01
1.505555555555555536e+00 1.263636363636363669e+01
1.227777777777777857e+00 1.231313131313131315e+01
1.505555555555555536e+00 1.271717171717171802e+01
1.644444444444444375e+00 1.417171717171717304e+01
1.442424242424242387e+00 1.215151515151515227e+01
1.278282828282828243e+00 1.158585858585858652e+01
1.467676767676767691e+00 1.287878787878787890e+01
1.543434343434343603e+00 1.295959595959596022e+01
1.417171717171717304e+00 1.239393939393939448e+01
1.467676767676767691e+00 1.263636363636363669e+01
1.467676767676767691e+00 1.312121212121212110e+01
1.568686868686868685e+00 1.352525252525252597e+01
1.404545454545454541e+00 1.215151515151515227e+01
1.480303030303030454e+00 1.295959595959596022e+01
1.669696969696969902e+00 1.352525252525252597e+01
1.518181818181818077e+00 1.287878787878787890e+01
1.543434343434343603e+00 1.279797979797979934e+01
1.480303030303030454e+00 1.304040404040404155e+01
1.568686868686868685e+00 1.328282828282828376e+01
1.429797979797979846e+00 1.255555555555555536e+01
1.505555555555555536e+00 1.328282828282828376e+01
1.429797979797979846e+00 1.223232323232323182e+01
1.442424242424242387e+00 1.304040404040404155e+01
1.682323232323232443e+00 1.538383838383838409e+01
1.480303030303030454e+00 1.304040404040404155e+01
1.644444444444444375e+00 1.368686868686868685e+01
1.480303030303030454e+00 1.231313131313131315e+01
1.568686868686868685e+00 1.312121212121212110e+01
1.530808080808080840e+00 1.328282828282828376e+01
1.518181818181818077e+00 1.295959595959596022e+01
1.505555555555555536e+00 1.384848484848484773e+01
1.366666666666666696e+00 1.223232323232323182e+01
1.429797979797979846e+00 1.239393939393939448e+01
1.391919191919192000e+00 1.239393939393939448e+01
1.518181818181818077e+00 1.304040404040404155e+01
1.593939393939393989e+00 1.295959595959596022e+01
1.429797979797979846e+00 1.255555555555555536e+01
1.556060606060606144e+00 1.312121212121212110e+01
1.543434343434343603e+00 1.336363636363636331e+01
1.379292929292929237e+00 1.174747474747474740e+01
1.391919191919192000e+00 1.198989898989898961e+01
1.543434343434343603e+00 1.255555555555555536e+01
1.354040404040404155e+00 1.231313131313131315e+01
1.290909090909091006e+00 1.239393939393939448e+01
1.543434343434343603e+00 1.295959595959596022e+01
1.417171717171717304e+00 1.312121212121212110e+01
1.568686868686868685e+00 1.304040404040404155e+01
1.404545454545454541e+00 1.231313131313131315e+01
1.669696969696969902e+00 1.441414141414141525e+01
1.593939393939393989e+00 1.328282828282828376e+01
1.442424242424242387e+00 1.255555555555555536e+01
1.429797979797979846e+00 1.320202020202020243e+01
1.467676767676767691e+00 1.239393939393939448e+01
1.429797979797979846e+00 1.271717171717171802e+01
1.631818181818181834e+00 1.344444444444444464e+01
1.492929292929292995e+00 1.279797979797979934e+01
1.442424242424242387e+00 1.207070707070707094e+01
1.442424242424242387e+00 1.247474747474747403e+01
1.492929292929292995e+00 1.247474747474747403e+01
1.492929292929292995e+00 1.287878787878787890e+01
1.480303030303030454e+00 1.263636363636363669e+01
1.467676767676767691e+00 1.271717171717171802e+01
1.391919191919192000e+00 1.182828282828282873e+01
1.442424242424242387e+00 1.255555555555555536e+01
1.530808080808080840e+00 1.304040404040404155e+01
1.467676767676767691e+00 1.376767676767676818e+01
1.391919191919192000e+00 1.174747474747474740e+01
1.404545454545454541e+00 1.239393939393939448e+01
1.669696969696969902e+00 1.360606060606060552e+01
1.530808080808080840e+00 1.295959595959596022e+01
1.429797979797979846e+00 1.320202020202020243e+01
1.543434343434343603e+00 1.328282828282828376e+01
1.467676767676767691e+00 1.263636363636363669e+01
1.492929292929292995e+00 1.287878787878787890e+01
1.417171717171717304e+00 1.287878787878787890e+01
1.581313131313131226e+00 1.344444444444444464e+01
1.530808080808080840e+00 1.295959595959596022e+01
1.417171717171717304e+00 1.279797979797979934e+01
1.505555555555555536e+00 1.271717171717171802e+01
1.543434343434343603e+00 1.312121212121212110e+01
1.467676767676767691e+00 1.295959595959596022e+01
1.455050505050504928e+00 1.279797979797979934e+01
1.404545454545454541e+00 1.336363636363636331e+01
1.505555555555555536e+00 1.287878787878787890e+01
1.556060606060606144e+00 1.352525252525252597e+01
1.530808080808080840e+00 1.328282828282828376e+01
1.467676767676767691e+00 1.223232323232323182e+01
1.467676767676767691e+00 1.231313131313131315e+01
1.505555555555555536e+00 1.312121212121212110e+01
1.417171717171717304e+00 1.271717171717171802e+01
1.783333333333333437e+00 1.392929292929293084e+01
1.543434343434343603e+00 1.271717171717171802e+01
1.391919191919192000e+00 1.198989898989898961e+01
1.505555555555555536e+00 1.287878787878787890e+01
1.518181818181818077e+00 1.320202020202020243e+01
1.619191919191919293e+00 1.392929292929293084e+01
1.593939393939393989e+00 1.287878787878787890e+01
1.429797979797979846e+00 1.287878787878787890e+01
1.391919191919192000e+00 1.239393939393939448e+01
1.619191919191919293e+00 1.368686868686868685e+01
1.492929292929292995e+00 1.279797979797979934e+01
1.530808080808080840e+00 1.247474747474747403e+01
1.429797979797979846e+00 1.295959595959596022e+01
1.354040404040404155e+00 1.198989898989898961e+01
1.606565656565656752e+00 1.312121212121212110e+01
1.455050505050504928e+00 1.223232323232323182e+01
1.518181818181818077e+00 1.287878787878787890e+01
1.467676767676767691e+00 1.247474747474747403e+01
1.505555555555555536e+00 1.271717171717171802e+01
1.467676767676767691e+00 1.223232323232323182e+01
1.480303030303030454e+00 1.255555555555555536e+01
1.391919191919192000e+00 1.287878787878787890e+01
1.518181818181818077e+00 1.320202020202020243e+01
1.429797979797979846e+00 1.279797979797979934e+01
1.455050505050504928e+00 1.223232323232323182e+01
1.518181818181818077e+00 1.312121212121212110e+01
1.455050505050504928e+00 1.198989898989898961e+01
1.593939393939393989e+00 1.344444444444444464e+01
1.543434343434343603e+00 1.360606060606060552e+01
1.492929292929292995e+00 1.295959595959596022e+01
1.480303030303030454e+00 1.255555555555555536e+01
1.341414141414141392e+00 1.215151515151515227e+01
1.429797979797979846e+00 1.215151515151515227e+01
1.467676767676767691e+00 1.279797979797979934e+01
1.455050505050504928e+00 1.271717171717171802e+01
1.417171717171717304e+00 1.255555555555555536e+01
1.455050505050504928e+00 1.198989898989898961e+01
1.341414141414141392e+00 1.239393939393939448e+01
1.429797979797979846e+00 1.255555555555555536e+01
1.442424242424242387e+00 1.295959595959596022e+01
1.631818181818181834e+00 1.417171717171717304e+01
1.518181818181818077e+00 1.304040404040404155e+01
1.644444444444444375e+00 1.304040404040404155e+01
1.417171717171717304e+00 1.239393939393939448e+01
1.568686868686868685e+00 1.328282828282828376e+01
1.492929292929292995e+00 1.401010101010101039e+01
1.467676767676767691e+00 1.247474747474747403e+01
1.404545454545454541e+00 1.215151515151515227e+01
1.278282828282828243e+00 1.190909090909091006e+01
1.429797979797979846e+00 1.263636363636363669e+01
1.366666666666666696e+00 1.198989898989898961e+01
1.391919191919192000e+00 1.223232323232323182e+01
1.631818181818181834e+00 1.368686868686868685e+01
1.442424242424242387e+00 1.328282828282828376e+01
1.530808080808080840e+00 1.295959595959596022e+01
1.619191919191919293e+00 1.352525252525252597e+01
1.404545454545454541e+00 1.255555555555555536e+01
1.530808080808080840e+00 1.271717171717171802e+01
1.404545454545454541e+00 1.287878787878787890e+01
1.455050505050504928e+00 1.255555555555555536e+01
1.442424242424242387e+00 1.271717171717171802e+01
1.492929292929292995e+00 1.328282828282828376e+01
1.417171717171717304e+00 1.190909090909091006e+01
1.581313131313131226e+00 1.320202020202020243e+01
1.467676767676767691e+00 1.328282828282828376e+01
1.354040404040404155e+00 1.247474747474747403e+01
1.391919191919192000e+00 1.207070707070707094e+01
1.455050505050504928e+00 1.239393939393939448e+01
1.429797979797979846e+00 1.287878787878787890e+01
1.568686868686868685e+00 1.328282828282828376e+01
1.492929292929292995e+00 1.376767676767676818e+01
1.417171717171717304e+00 1.215151515151515227e+01
1.593939393939393989e+00 1.352525252525252597e+01
1.480303030303030454e+00 1.263636363636363669e+01
1.442424242424242387e+00 1.247474747474747403e+01
1.455050505050504928e+00 1.287878787878787890e+01
2.010606060606060730e+00 1.570707070707070763e+01
1.657070707070707138e+00 1.433333333333333393e+01
1.543434343434343603e+00 1.263636363636363669e+01
1.429797979797979846e+00 1.287878787878787890e+01
1.593939393939393989e+00 1.287878787878787890e+01
1.530808080808080840e+00 1.295959595959596022e+01
1.505555555555555536e+00 1.287878787878787890e+01
1.518181818181818077e+00 1.312121212121212110e+01
1.404545454545454541e+00 1.271717171717171802e+01
1.492929292929292995e+00 1.271717171717171802e+01
1.530808080808080840e+00 1.271717171717171802e+01
1.455050505050504928e+00 1.215151515151515227e+01
1.543434343434343603e+00 1.312121212121212110e+01
1.518181818181818077e+00 1.263636363636363669e+01
1.492929292929292995e+00 1.255555555555555536e+01
1.391919191919192000e+00 1.198989898989898961e+01
1.505555555555555536e+00 1.304040404040404155e+01
1.492929292929292995e+00 1.304040404040404155e+01
1.581313131313131226e+00 1.320202020202020243e+01
1.354040404040404155e+00 1.166666666666666785e+01
1.492929292929292995e+00 1.295959595959596022e+01
1.543434343434343603e+00 1.328282828282828376e+01
1.455050505050504928e+00 1.263636363636363669e+01
1.391919191919192000e+00 1.207070707070707094e+01
1.354040404040404155e+00 1.166666666666666785e+01
1.505555555555555536e+00 1.328282828282828376e+01
1.518181818181818077e+00 1.279797979797979934e+01
1.442424242424242387e+00 1.279797979797979934e+01
1.429797979797979846e+00 1.231313131313131315e+01
1.581313131313131226e+00 1.344444444444444464e+01
1.354040404040404155e+00 1.174747474747474740e+01
1.480303030303030454e+00 1.312121212121212110e+01
1.404545454545454541e+00 1.239393939393939448e+01
1.354040404040404155e+00 1.190909090909091006e+01
1.391919191919192000e+00 1.207070707070707094e+01
1.518181818181818077e+00 1.295959595959596022e+01
1.417171717171717304e+00 1.255555555555555536e+01
1.404545454545454541e+00 1.247474747474747403e+01
1.429797979797979846e+00 1.304040404040404155e+01
1.492929292929292995e+00 1.328282828282828376e+01
1.795959595959595978e+00 1.417171717171717304e+01
1.391919191919192000e+00 1.271717171717171802e+01
1.530808080808080840e+00 1.352525252525252597e+01
1.492929292929292995e+00 1.295959595959596022e+01
1.455050505050504928e+00 1.239393939393939448e+01
1.404545454545454541e+00 1.295959595959596022e+01
1.669696969696969902e+00 1.320202020202020243e+01
1.455050505050504928e+00 1.215151515151515227e+01
2.010606060606060730e+00 1.554545454545454675e+01
1.518181818181818077e+00 1.295959595959596022e+01
1.480303030303030454e+00 1.231313131313131315e+01
1.530808080808080840e+00 1.255555555555555536e+01
1.303535353535353547e+00 1.182828282828282873e+01
1.404545454545454541e+00 1.263636363636363669e+01
1.442424242424242387e+00 1.239393939393939448e+01
1.442424242424242387e+00 1.231313131313131315e+01
1.480303030303030454e+00 1.304040404040404155e+01
1.492929292929292995e+00 1.255555555555555536e+01
1.543434343434343603e+00 1.368686868686868685e+01
1.429797979797979846e+00 1.231313131313131315e+01
1.606565656565656752e+00 1.392929292929293084e+01
1.530808080808080840e+00 1.328282828282828376e+01
1.518181818181818077e+00 1.271717171717171802e+01
1.505555555555555536e+00 1.279797979797979934e+01
1.606565656565656752e+00 1.344444444444444464e+01
1.480303030303030454e+00 1.231313131313131315e+01
1.341414141414141392e+00 1.150505050505050519e+01
1.366666666666666696e+00 1.190909090909091006e+01
1.442424242424242387e+00 1.287878787878787890e+01
1.379292929292929237e+00 1.207070707070707094e+01
1.694949494949494984e+00 1.392929292929293084e+01
1.480303030303030454e+00 1.279797979797979934e+01
1.303535353535353547e+00 1.247474747474747403e+01
1.417171717171717304e+00 1.231313131313131315e+01
1.429797979797979846e+00 1.271717171717171802e+01
1.530808080808080840e+00 1.295959595959596022e+01
1.467676767676767691e+00 1.263636363636363669e+01
1.480303030303030454e+00 1.239393939393939448e+01
1.492929292929292995e+00 1.255555555555555536e+01
1.391919191919192000e+00 1.110101010101010033e+01
1.467676767676767691e+00 1.360606060606060552e+01
1.404545454545454541e+00 1.231313131313131315e+01
1.366666666666666696e+00 1.239393939393939448e+01
1.593939393939393989e+00 1.425252525252525260e+01
1.467676767676767691e+00 1.239393939393939448e+01
1.543434343434343603e+00 1.344444444444444464e+01
1.606565656565656752e+00 1.352525252525252597e+01
1.480303030303030454e+00 1.255555555555555536e+01
1.480303030303030454e+00 1.328282828282828376e+01
1.404545454545454541e+00 1.263636363636363669e+01
1.366666666666666696e+00 1.174747474747474740e+01
1.429797979797979846e+00 1.263636363636363669e+01
1.404545454545454541e+00 1.207070707070707094e+01
1.758080808080808133e+00 1.401010101010101039e+01
1.417171717171717304e+00 1.223232323232323182e+01
1.467676767676767691e+00 1.239393939393939448e+01
1.455050505050504928e+00 1.279797979797979934e+01
1.455050505050504928e+00 1.231313131313131315e+01
1.467676767676767691e+00 1.271717171717171802e+01
1.404545454545454541e+00 1.255555555555555536e+01
1.518181818181818077e+00 1.263636363636363669e+01
1.429797979797979846e+00 1.223232323232323182e+01
1.417171717171717304e+00 1.263636363636363669e+01
1.530808080808080840e+00 1.295959595959596022e+01
1.492929292929292995e+00 1.271717171717171802e+01
1.429797979797979846e+00 1.223232323232323182e+01
1.417171717171717304e+00 1.247474747474747403e+01
1.366666666666666696e+00 1.198989898989898961e+01
1.455050505050504928e+00 1.207070707070707094e+01
1.492929292929292995e+00 1.247474747474747403e+01
1.581313131313131226e+00 1.328282828282828376e+01
1.442424242424242387e+00 1.312121212121212110e+01
1.467676767676767691e+00 1.344444444444444464e+01
1.556060606060606144e+00 1.320202020202020243e+01
1.492929292929292995e+00 1.247474747474747403e+01
1.328787878787878851e+00 1.182828282828282873e+01
1.379292929292929237e+00 1.263636363636363669e+01
1.467676767676767691e+00 1.247474747474747403e+01
1.505555555555555536e+00 1.255555555555555536e+01
1.467676767676767691e+00 1.320202020202020243e+01
1.606565656565656752e+00 1.409090909090909172e+01
1.391919191919192000e+00 1.255555555555555536e+01
1.505555555555555536e+00 1.263636363636363669e+01
1.417171717171717304e+00 1.336363636363636331e+01
1.480303030303030454e+00 1.279797979797979934e+01
1.404545454545454541e+00 1.190909090909091006e+01
1.417171717171717304e+00 1.271717171717171802e+01
1.492929292929292995e+00 1.271717171717171802e+01
1.568686868686868685e+00 1.328282828282828376e+01
1.530808080808080840e+00 1.287878787878787890e+01
1.404545454545454541e+00 1.247474747474747403e+01
1.505555555555555536e+00 1.295959595959596022e+01
1.467676767676767691e+00 1.263636363636363669e+01
1.442424242424242387e+00 1.279797979797979934e+01
1.379292929292929237e+00 1.215151515151515227e+01
1.455050505050504928e+00 1.223232323232323182e+01
1.543434343434343603e+00 1.328282828282828376e+01
1.568686868686868685e+00 1.304040404040404155e+01
1.530808080808080840e+00 1.312121212121212110e+01
1.429797979797979846e+00 1.231313131313131315e+01
1.278282828282828243e+00 1.110101010101010033e+01
1.278282828282828243e+00 1.231313131313131315e+01
1.581313131313131226e+00 1.336363636363636331e+01
1.581313131313131226e+00 1.376767676767676818e+01
1.467676767676767691e+00 1.295959595959596022e+01
1.354040404040404155e+00 1.198989898989898961e+01
1.644444444444444375e+00 1.425252525252525260e+01
1.442424242424242387e+00 1.215151515151515227e+01
1.505555555555555536e+00 1.247474747474747403e+01
1.417171717171717304e+00 1.271717171717171802e+01
1.455050505050504928e+00 1.312121212121212110e+01
1.429797979797979846e+00 1.255555555555555536e+01
1.366666666666666696e+00 1.247474747474747403e+01
1.556060606060606144e+00 1.336363636363636331e+01
1.480303030303030454e+00 1.279797979797979934e+01
1.505555555555555536e+00 1.279797979797979934e+01
1.644444444444444375e+00 1.392929292929293084e+01
1.467676767676767691e+00 1.263636363636363669e+01
1.328787878787878851e+00 1.174747474747474740e+01
1.467676767676767691e+00 1.247474747474747403e+01
1.518181818181818077e+00 1.344444444444444464e+01
1.480303030303030454e+00 1.271717171717171802e+01
1.455050505050504928e+00 1.231313131313131315e+01
1.619191919191919293e+00 1.392929292929293084e+01
1.480303030303030454e+00 1.304040404040404155e+01
1.505555555555555536e+00 1.328282828282828376e+01
1.455050505050504928e+00 1.263636363636363669e+01
1.568686868686868685e+00 1.344444444444444464e+01
1.556060606060606144e+00 1.312121212121212110e+01
1.644444444444444375e+00 1.392929292929293084e+01
1.530808080808080840e+00 1.312121212121212110e+01
1.341414141414141392e+00 1.231313131313131315e+01
1.492929292929292995e+00 1.255555555555555536e+01
1.505555555555555536e+00 1.263636363636363669e+01
1.404545454545454541e+00 1.190909090909091006e+01
1.518181818181818077e+00 1.304040404040404155e+01
1.593939393939393989e+00 1.376767676767676818e+01
1.429797979797979846e+00 1.198989898989898961e+01
1.530808080808080840e+00 1.271717171717171802e+01
1.556060606060606144e+00 1.320202020202020243e+01
1.354040404040404155e+00 1.215151515151515227e+01
1.429797979797979846e+00 1.239393939393939448e+01
1.518181818181818077e+00 1.279797979797979934e+01
1.556060606060606144e+00 1.287878787878787890e+01
1.417171717171717304e+00 1.190909090909091006e+01
1.278282828282828243e+00 1.150505050505050519e+01
1.492929292929292995e+00 1.263636363636363669e+01
1.366666666666666696e+00 1.263636363636363669e+01
1.455050505050504928e+00 1.271717171717171802e+01
1.644444444444444375e+00 1.336363636363636331e+01
1.518181818181818077e+00 1.328282828282828376e+01
1.442424242424242387e+00 1.312121212121212110e+01
1.404545454545454541e+00 1.215151515151515227e+01
1.492929292929292995e+00 1.304040404040404155e+01
1.404545454545454541e+00 1.279797979797979934e+01
1.391919191919192000e+00 1.320202020202020243e+01
1.530808080808080840e+00 1.336363636363636331e+01
1.480303030303030454e+00 1.304040404040404155e+01
1.480303030303030454e+00 1.279797979797979934e+01
1.669696969696969902e+00 1.401010101010101039e+01
1.366666666666666696e+00 1.198989898989898961e+01
1.417171717171717304e+00 1.263636363636363669e+01
1.278282828282828243e+00 1.223232323232323182e+01
1.391919191919192000e+00 1.336363636363636331e+01
1.505555555555555536e+00 1.328282828282828376e+01
1.366666666666666696e+00 1.182828282828282873e+01
1.417171717171717304e+00 1.239393939393939448e+01
1.543434343434343603e+00 1.417171717171717304e+01
1.467676767676767691e+00 1.287878787878787890e+01
1.581313131313131226e+00 1.336363636363636331e+01
1.442424242424242387e+00 1.215151515151515227e+01
1.467676767676767691e+00 1.247474747474747403e+01
1.530808080808080840e+00 1.287878787878787890e+01
1.391919191919192000e+00 1.279797979797979934e+01
1.492929292929292995e+00 1.271717171717171802e+01
1.492929292929292995e+00 1.279797979797979934e+01
1.354040404040404155e+00 1.239393939393939448e+01
1.480303030303030454e+00 1.287878787878787890e+01
1.619191919191919293e+00 1.376767676767676818e+01
1.581313131313131226e+00 1.368686868686868685e+01
1.568686868686868685e+00 1.320202020202020243e+01
1.556060606060606144e+00 1.360606060606060552e+01
1.429797979797979846e+00 1.231313131313131315e+01
1.417171717171717304e+00 1.255555555555555536e+01
1.543434343434343603e+00 1.279797979797979934e+01
1.581313131313131226e+00 1.336363636363636331e+01
1.720202020202020288e+00 1.384848484848484773e+01
1.492929292929292995e+00 1.279797979797979934e+01
1.694949494949494984e+00 1.441414141414141525e+01
1.379292929292929237e+00 1.231313131313131315e+01
1.379292929292929237e+00 1.223232323232323182e+01
1.492929292929292995e+00 1.239393939393939448e+01
1.467676767676767691e+00 1.271717171717171802e+01
1.682323232323232443e+00 1.457575757575757613e+01
1.366666666666666696e+00 1.174747474747474740e+01
1.492929292929292995e+00 1.336363636363636331e+01
1.391919191919192000e+00 1.198989898989898961e+01
1.442424242424242387e+00 1.223232323232323182e+01
1.556060606060606144e+00 1.320202020202020243e+01
1.379292929292929237e+00 1.215151515151515227e+01
1.215151515151515094e+00 1.134343434343434254e+01
1.631818181818181834e+00 1.473737373737373701e+01
1.467676767676767691e+00 1.239393939393939448e+01
1.391919191919192000e+00 1.198989898989898961e+01
1.530808080808080840e+00 1.287878787878787890e+01
1.391919191919192000e+00 1.263636363636363669e+01
1.556060606060606144e+00 1.312121212121212110e+01
1.606565656565656752e+00 1.368686868686868685e+01
1.429797979797979846e+00 1.287878787878787890e+01
1.417171717171717304e+00 1.247474747474747403e+01
1.379292929292929237e+00 1.279797979797979934e+01
1.379292929292929237e+00 1.231313131313131315e+01
1.581313131313131226e+00 1.328282828282828376e+01
1.619191919191919293e+00 1.287878787878787890e+01
1.581313131313131226e+00 1.336363636363636331e+01
1.492929292929292995e+00 1.271717171717171802e+01
1.556060606060606144e+00 1.328282828282828376e+01
1.404545454545454541e+00 1.207070707070707094e+01
1.568686868686868685e+00 1.384848484848484773e+01
1.568686868686868685e+00 1.304040404040404155e+01
1.606565656565656752e+00 1.352525252525252597e+01
1.455050505050504928e+00 1.312121212121212110e+01
1.417171717171717304e+00 1.215151515151515227e+01
1.606565656565656752e+00 1.409090909090909172e+01
1.518181818181818077e+00 1.384848484848484773e+01
1.543434343434343603e+00 1.304040404040404155e+01
1.417171717171717304e+00 1.215151515151515227e+01
1.606565656565656752e+00 1.304040404040404155e+01
1.442424242424242387e+00 1.215151515151515227e+01
1.467676767676767691e+00 1.336363636363636331e+01
1.556060606060606144e+00 1.352525252525252597e+01
1.240404040404040398e+00 1.174747474747474740e+01
1.505555555555555536e+00 1.287878787878787890e+01
1.492929292929292995e+00 1.247474747474747403e+01
1.518181818181818077e+00 1.312121212121212110e+01
1.404545454545454541e+00 1.215151515151515227e+01
1.404545454545454541e+00 1.287878787878787890e+01
1.391919191919192000e+00 1.247474747474747403e+01
1.593939393939393989e+00 1.360606060606060552e+01
1.442424242424242387e+00 1.255555555555555536e+01
1.480303030303030454e+00 1.263636363636363669e+01
1.455050505050504928e+00 1.295959595959596022e+01
1.530808080808080840e+00 1.255555555555555536e+01
1.556060606060606144e+00 1.360606060606060552e+01
1.492929292929292995e+00 1.247474747474747403e+01
1.480303030303030454e+00 1.263636363636363669e+01
1.417171717171717304e+00 1.304040404040404155e+01
1.492929292929292995e+00 1.352525252525252597e+01
1.391919191919192000e+00 1.207070707070707094e+01
1.480303030303030454e+00 1.287878787878787890e+01
1.391919191919192000e+00 1.287878787878787890e+01
1.290909090909091006e+00 1.215151515151515227e+01
1.429797979797979846e+00 1.255555555555555536e+01
1.644444444444444375e+00 1.441414141414141525e+01
1.341414141414141392e+00 1.247474747474747403e+01
1.518181818181818077e+00 1.287878787878787890e+01
1.455050505050504928e+00 1.231313131313131315e+01
1.429797979797979846e+00 1.215151515151515227e+01
1.518181818181818077e+00 1.271717171717171802e+01
1.505555555555555536e+00 1.263636363636363669e+01
1.417171717171717304e+00 1.255555555555555536e+01
1.530808080808080840e+00 1.312121212121212110e+01
1.530808080808080840e+00 1.279797979797979934e+01
1.480303030303030454e+00 1.247474747474747403e+01
1.467676767676767691e+00 1.271717171717171802e+01
1.379292929292929237e+00 1.190909090909091006e+01
1.316161616161616088e+00 1.215151515151515227e+01
1.455050505050504928e+00 1.223232323232323182e+01
1.404545454545454541e+00 1.320202020202020243e+01
1.417171717171717304e+00 1.215151515151515227e+01
1.505555555555555536e+00 1.279797979797979934e+01
1.518181818181818077e+00 1.271717171717171802e+01
1.480303030303030454e+00 1.392929292929293084e+01
1.480303030303030454e+00 1.287878787878787890e+01
1.467676767676767691e+00 1.223232323232323182e+01
1.278282828282828243e+00 1.190909090909091006e+01
1.492929292929292995e+00 1.271717171717171802e+01
1.379292929292929237e+00 1.239393939393939448e+01
1.341414141414141392e+00 1.239393939393939448e+01
1.505555555555555536e+00 1.287878787878787890e+01
1.429797979797979846e+00 1.215151515151515227e+01
1.518181818181818077e+00 1.287878787878787890e+01
1.543434343434343603e+00 1.304040404040404155e+01
1.404545454545454541e+00 1.239393939393939448e+01
1.505555555555555536e+00 1.304040404040404155e+01
1.379292929292929237e+00 1.190909090909091006e+01
1.429797979797979846e+00 1.279797979797979934e+01
1.543434343434343603e+00 1.312121212121212110e+01
1.303535353535353547e+00 1.255555555555555536e+01
1.568686868686868685e+00 1.320202020202020243e+01
1.530808080808080840e+00 1.344444444444444464e+01
1.518181818181818077e+00 1.328282828282828376e+01
1.391919191919192000e+00 1.255555555555555536e+01
1.568686868686868685e+00 1.328282828282828376e+01
1.669696969696969902e+00 1.336363636363636331e+01
1.404545454545454541e+00 1.312121212121212110e+01
1.379292929292929237e+00 1.207070707070707094e+01
1.316161616161616088e+00 1.207070707070707094e+01
1.530808080808080840e+00 1.287878787878787890e+01
1.492929292929292995e+00 1.263636363636363669e+01
1.492929292929292995e+00 1.271717171717171802e+01
1.455050505050504928e+00 1.295959595959596022e+01
1.492929292929292995e+00 1.360606060606060552e+01
1.328787878787878851e+00 1.182828282828282873e+01
1.518181818181818077e+00 1.271717171717171802e+01
1.354040404040404155e+00 1.166666666666666785e+01
1.404545454545454541e+00 1.223232323232323182e+01
1.556060606060606144e+00 1.401010101010101039e+01
1.631818181818181834e+00 1.368686868686868685e+01
1.467676767676767691e+00 1.295959595959596022e+01
1.455050505050504928e+00 1.231313131313131315e+01
1.518181818181818077e+00 1.271717171717171802e+01
1.417171717171717304e+00 1.223232323232323182e+01
1.442424242424242387e+00 1.239393939393939448e+01
1.354040404040404155e+00 1.271717171717171802e+01
1.404545454545454541e+00 1.223232323232323182e+01
1.505555555555555536e+00 1.304040404040404155e+01
1.455050505050504928e+00 1.255555555555555536e+01
1.492929292929292995e+00 1.255555555555555536e+01
1.429797979797979846e+00 1.271717171717171802e+01
1.354040404040404155e+00 1.198989898989898961e+01
1.631818181818181834e+00 1.352525252525252597e+01
1.657070707070707138e+00 9.565656565656565746e+00
1.492929292929292995e+00 1.239393939393939448e+01
1.417171717171717304e+00 1.239393939393939448e+01
1.745454545454545592e+00 1.433333333333333393e+01
1.328787878787878851e+00 1.207070707070707094e+01
1.467676767676767691e+00 1.279797979797979934e+01
1.328787878787878851e+00 1.174747474747474740e+01
1.480303030303030454e+00 1.223232323232323182e+01
1.455050505050504928e+00 1.295959595959596022e+01
1.606565656565656752e+00 1.304040404040404155e+01
1.568686868686868685e+00 1.328282828282828376e+01
1.505555555555555536e+00 1.279797979797979934e+01
1.354040404040404155e+00 1.190909090909091006e+01
1.505555555555555536e+00 1.336363636363636331e+01
1.455050505050504928e+00 1.255555555555555536e+01
1.492929292929292995e+00 1.279797979797979934e+01
1.404545454545454541e+00 1.247474747474747403e+01
1.505555555555555536e+00 1.279797979797979934e+01
1.442424242424242387e+00 1.271717171717171802e+01
1.379292929292929237e+00 1.247474747474747403e+01
1.480303030303030454e+00 1.328282828282828376e+01
1.455050505050504928e+00 1.320202020202020243e+01
1.354040404040404155e+00 1.207070707070707094e+01
1.379292929292929237e+00 1.215151515151515227e+01
1.404545454545454541e+00 1.207070707070707094e+01
1.455050505050504928e+00 1.223232323232323182e+01
1.429797979797979846e+00 1.239393939393939448e+01
1.341414141414141392e+00 1.239393939393939448e+01
1.442424242424242387e+00 1.320202020202020243e+01
1.518181818181818077e+00 1.312121212121212110e+01
1.758080808080808133e+00 1.433333333333333393e+01
1.442424242424242387e+00 1.287878787878787890e+01
1.518181818181818077e+00 1.368686868686868685e+01
1.379292929292929237e+00 1.223232323232323182e+01
1.455050505050504928e+00 1.215151515151515227e+01
1.442424242424242387e+00 1.279797979797979934e+01
1.455050505050504928e+00 1.223232323232323182e+01
1.455050505050504928e+00 1.263636363636363669e+01
1.455050505050504928e+00 1.207070707070707094e+01
1.518181818181818077e+00 1.287878787878787890e+01
1.492929292929292995e+00 1.239393939393939448e+01
1.417171717171717304e+00 1.287878787878787890e+01
1.606565656565656752e+00 1.425252525252525260e+01
1.442424242424242387e+00 1.312121212121212110e+01
1.505555555555555536e+00 1.304040404040404155e+01
1.391919191919192000e+00 1.215151515151515227e+01
1.455050505050504928e+00 1.231313131313131315e+01
1.644444444444444375e+00 1.376767676767676818e+01
1.303535353535353547e+00 1.207070707070707094e+01
1.379292929292929237e+00 1.223232323232323182e+01
1.341414141414141392e+00 1.207070707070707094e+01
1.505555555555555536e+00 1.263636363636363669e+01
1.543434343434343603e+00 1.328282828282828376e+01
1.467676767676767691e+00 1.271717171717171802e+01
1.455050505050504928e+00 1.304040404040404155e+01
1.278282828282828243e+00 1.207070707070707094e+01
1.391919191919192000e+00 1.287878787878787890e+01
1.505555555555555536e+00 1.287878787878787890e+01
1.492929292929292995e+00 1.336363636363636331e+01
1.518181818181818077e+00 1.352525252525252597e+01
1.543434343434343603e+00 1.312121212121212110e+01
1.467676767676767691e+00 1.328282828282828376e+01
1.972727272727272885e+00 1.530303030303030454e+01
1.404545454545454541e+00 1.223232323232323182e+01
1.505555555555555536e+00 1.255555555555555536e+01
1.467676767676767691e+00 1.312121212121212110e+01
1.530808080808080840e+00 1.271717171717171802e+01
1.379292929292929237e+00 1.182828282828282873e+01
1.354040404040404155e+00 1.247474747474747403e+01
1.568686868686868685e+00 1.336363636363636331e+01
1.303535353535353547e+00 1.215151515151515227e+01
1.568686868686868685e+00 1.384848484848484773e+01
1.455050505050504928e+00 1.312121212121212110e+01
1.480303030303030454e+00 1.271717171717171802e+01
1.480303030303030454e+00 1.247474747474747403e+01
1.404545454545454541e+00 1.231313131313131315e+01
1.467676767676767691e+00 1.320202020202020243e+01
1.467676767676767691e+00 1.263636363636363669e+01
1.530808080808080840e+00 1.320202020202020243e+01
1.619191919191919293e+00 1.473737373737373701e+01
1.417171717171717304e+00 1.174747474747474740e+01
1.556060606060606144e+00 1.320202020202020243e+01
1.631818181818181834e+00 1.368686868686868685e+01
1.391919191919192000e+00 1.207070707070707094e+01
1.530808080808080840e+00 1.312121212121212110e+01
1.619191919191919293e+00 1.344444444444444464e+01
1.391919191919192000e+00 1.223232323232323182e+01
1.391919191919192000e+00 1.263636363636363669e+01
1.492929292929292995e+00 1.368686868686868685e+01
1.568686868686868685e+00 1.344444444444444464e+01
1.467676767676767691e+00 1.263636363636363669e+01
1.518181818181818077e+00 1.304040404040404155e+01
1.404545454545454541e+00 1.287878787878787890e+01
1.391919191919192000e+00 1.295959595959596022e+01
1.593939393939393989e+00 1.352525252525252597e+01
1.354040404040404155e+00 1.182828282828282873e+01
1.391919191919192000e+00 1.271717171717171802e+01
1.417171717171717304e+00 1.215151515151515227e+01
1.556060606060606144e+00 1.312121212121212110e+01
1.442424242424242387e+00 1.239393939393939448e+01
1.783333333333333437e+00 1.409090909090909172e+01
1.455050505050504928e+00 1.207070707070707094e+01
1.505555555555555536e+00 1.295959595959596022e+01
1.366666666666666696e+00 1.271717171717171802e+01
1.543434343434343603e+00 1.287878787878787890e+01
1.530808080808080840e+00 1.271717171717171802e+01
1.341414141414141392e+00 1.263636363636363669e+01
1.543434343434343603e+00 1.304040404040404155e+01
1.429797979797979846e+00 1.215151515151515227e+01
1.379292929292929237e+00 1.198989898989898961e+01
1.341414141414141392e+00 1.158585858585858652e+01
1.694949494949494984e+00 1.441414141414141525e+01
1.669696969696969902e+00 1.441414141414141525e+01
1.341414141414141392e+00 1.207070707070707094e+01
1.543434343434343603e+00 1.312121212121212110e+01
1.492929292929292995e+00 1.312121212121212110e+01
1.581313131313131226e+00 1.295959595959596022e+01
1.429797979797979846e+00 1.239393939393939448e+01
1.429797979797979846e+00 1.223232323232323182e+01
1.518181818181818077e+00 1.320202020202020243e+01
1.530808080808080840e+00 1.255555555555555536e+01
1.505555555555555536e+00 1.295959595959596022e+01
1.429797979797979846e+00 1.279797979797979934e+01
1.467676767676767691e+00 1.271717171717171802e+01
1.455050505050504928e+00 1.215151515151515227e+01
1.404545454545454541e+00 1.231313131313131315e+01
1.442424242424242387e+00 1.215151515151515227e+01
1.417171717171717304e+00 1.223232323232323182e+01
1.467676767676767691e+00 1.239393939393939448e+01
1.379292929292929237e+00 1.207070707070707094e+01
1.278282828282828243e+00 1.198989898989898961e+01
1.391919191919192000e+00 1.312121212121212110e+01
1.492929292929292995e+00 1.255555555555555536e+01
1.341414141414141392e+00 1.207070707070707094e+01
1.265656565656565702e+00 1.142424242424242387e+01
1.240404040404040398e+00 1.142424242424242387e+01
1.429797979797979846e+00 1.263636363636363669e+01
1.354040404040404155e+00 1.198989898989898961e+01
1.379292929292929237e+00 1.247474747474747403e+01
1.442424242424242387e+00 1.279797979797979934e+01
1.581313131313131226e+00 1.352525252525252597e+01
1.379292929292929237e+00 1.207070707070707094e+01
1.417171717171717304e+00 1.304040404040404155e+01
1.593939393939393989e+00 1.441414141414141525e+01
1.391919191919192000e+00 1.207070707070707094e+01
1.593939393939393989e+00 1.360606060606060552e+01
1.581313131313131226e+00 1.328282828282828376e+01
1.505555555555555536e+00 1.263636363636363669e+01
1.455050505050504928e+00 1.247474747474747403e+01
1.455050505050504928e+00 1.239393939393939448e+01
1.455050505050504928e+00 1.263636363636363669e+01
1.278282828282828243e+00 1.166666666666666785e+01
1.467676767676767691e+00 1.295959595959596022e+01
1.518181818181818077e+00 1.295959595959596022e+01
1.442424242424242387e+00 1.231313131313131315e+01
1.404545454545454541e+00 1.271717171717171802e+01
1.543434343434343603e+00 1.344444444444444464e+01
1.518181818181818077e+00 1.320202020202020243e+01
1.404545454545454541e+00 1.255555555555555536e+01
1.492929292929292995e+00 1.247474747474747403e+01
1.530808080808080840e+00 1.287878787878787890e+01
1.556060606060606144e+00 1.312121212121212110e+01
1.366666666666666696e+00 1.166666666666666785e+01
1.442424242424242387e+00 1.255555555555555536e+01
1.530808080808080840e+00 1.344444444444444464e+01
1.442424242424242387e+00 1.295959595959596022e+01
1.707575757575757525e+00 1.433333333333333393e+01
1.455050505050504928e+00 1.255555555555555536e+01
1.417171717171717304e+00 1.312121212121212110e+01
1.480303030303030454e+00 1.271717171717171802e+01
1.455050505050504928e+00 1.320202020202020243e+01
1.391919191919192000e+00 1.279797979797979934e+01
1.593939393939393989e+00 1.352525252525252597e+01
1.379292929292929237e+00 1.279797979797979934e+01
1.442424242424242387e+00 1.271717171717171802e+01
1.404545454545454541e+00 1.271717171717171802e+01
1.429797979797979846e+00 1.295959595959596022e+01
1.505555555555555536e+00 1.328282828282828376e+01
1.429797979797979846e+00 1.231313131313131315e+01
1.568686868686868685e+00 1.328282828282828376e+01
1.354040404040404155e+00 1.182828282828282873e+01
1.391919191919192000e+00 1.271717171717171802e+01
1.404545454545454541e+00 1.223232323232323182e+01
1.530808080808080840e+00 1.271717171717171802e+01
1.530808080808080840e+00 1.263636363636363669e+01
1.265656565656565702e+00 1.134343434343434254e+01
1.505555555555555536e+00 1.336363636363636331e+01
1.581313131313131226e+00 1.409090909090909172e+01
1.404545454545454541e+00 1.198989898989898961e+01
1.505555555555555536e+00 1.295959595959596022e+01
1.442424242424242387e+00 1.223232323232323182e+01
1.568686868686868685e+00 1.344444444444444464e+01
1.391919191919192000e+00 1.223232323232323182e+01
1.997979797979797967e+00 1.538383838383838409e+01
1.391919191919192000e+00 1.215151515151515227e+01
1.467676767676767691e+00 1.247474747474747403e+01
1.518181818181818077e+00 1.304040404040404155e+01
1.581313131313131226e+00 1.312121212121212110e+01
1.442424242424242387e+00 1.247474747474747403e+01
1.480303030303030454e+00 1.223232323232323182e+01
1.606565656565656752e+00 1.344444444444444464e+01
1.543434343434343603e+00 1.360606060606060552e+01
1.404545454545454541e+00 1.231313131313131315e+01
1.379292929292929237e+00 1.287878787878787890e+01
1.543434343434343603e+00 1.287878787878787890e+01
1.505555555555555536e+00 1.271717171717171802e+01
1.379292929292929237e+00 1.215151515151515227e+01
1.442424242424242387e+00 1.295959595959596022e+01
1.543434343434343603e+00 1.328282828282828376e+01
1.518181818181818077e+00 1.287878787878787890e+01
1.518181818181818077e+00 1.320202020202020243e+01
1.303535353535353547e+00 1.223232323232323182e+01
1.417171717171717304e+00 1.247474747474747403e+01
1.379292929292929237e+00 1.190909090909091006e+01
1.455050505050504928e+00 1.271717171717171802e+01
1.429797979797979846e+00 1.312121212121212110e+01
1.404545454545454541e+00 1.287878787878787890e+01
1.467676767676767691e+00 1.304040404040404155e+01
1.518181818181818077e+00 1.312121212121212110e+01
1.417171717171717304e+00 1.247474747474747403e+01
1.379292929292929237e+00 1.344444444444444464e+01
1.480303030303030454e+00 1.247474747474747403e+01
1.391919191919192000e+00 1.271717171717171802e+01
1.316161616161616088e+00 1.239393939393939448e+01
1.379292929292929237e+00 1.198989898989898961e+01
1.442424242424242387e+00 1.231313131313131315e+01
1.379292929292929237e+00 1.158585858585858652e+01
1.379292929292929237e+00 1.207070707070707094e+01
1.543434343434343603e+00 1.295959595959596022e+01
1.379292929292929237e+00 1.207070707070707094e+01
1.429797979797979846e+00 1.239393939393939448e+01
1.391919191919192000e+00 1.215151515151515227e+01
1.316161616161616088e+00 1.190909090909091006e+01
1.694949494949494984e+00 1.352525252525252597e+01
1.290909090909091006e+00 1.215151515151515227e+01
1.556060606060606144e+00 1.312121212121212110e+01
1.568686868686868685e+00 1.376767676767676818e+01
1.404545454545454541e+00 1.239393939393939448e+01
1.846464646464646364e+00 1.449494949494949481e+01
1.593939393939393989e+00 1.360606060606060552e+01
1.518181818181818077e+00 1.312121212121212110e+01
1.518181818181818077e+00 1.279797979797979934e+01
1.379292929292929237e+00 1.182828282828282873e+01
1.568686868686868685e+00 1.328282828282828376e+01
1.467676767676767691e+00 1.255555555555555536e+01
1.505555555555555536e+00 1.352525252525252597e+01
1.366666666666666696e+00 1.279797979797979934e+01
1.492929292929292995e+00 1.384848484848484773e+01
1.593939393939393989e+00 1.344444444444444464e+01
1.328787878787878851e+00 1.247474747474747403e+01
1.480303030303030454e+00 1.263636363636363669e+01
1.341414141414141392e+00 1.190909090909091006e+01
1.391919191919192000e+00 1.215151515151515227e+01
1.505555555555555536e+00 1.287878787878787890e+01
1.492929292929292995e+00 1.239393939393939448e+01
1.972727272727272885e+00 1.514141414141414188e+01
1.859090909090909127e+00 1.522222222222222143e+01
1.543434343434343603e+00 1.304040404040404155e+01
1.278282828282828243e+00 1.182828282828282873e+01
1.328787878787878851e+00 1.190909090909091006e+01
1.543434343434343603e+00 1.328282828282828376e+01
1.442424242424242387e+00 1.255555555555555536e+01
1.417171717171717304e+00 1.215151515151515227e+01
1.480303030303030454e+00 1.336363636363636331e+01
1.429797979797979846e+00 1.247474747474747403e+01
1.518181818181818077e+00 1.328282828282828376e+01
1.455050505050504928e+00 1.336363636363636331e+01
1.556060606060606144e+00 1.344444444444444464e+01
1.467676767676767691e+00 1.223232323232323182e+01
1.480303030303030454e+00 1.304040404040404155e+01
1.530808080808080840e+00 1.295959595959596022e+01
1.455050505050504928e+00 1.247474747474747403e+01
1.417171717171717304e+00 1.190909090909091006e+01
1.480303030303030454e+00 1.239393939393939448e+01
1.518181818181818077e+00 1.304040404040404155e+01
1.619191919191919293e+00 1.328282828282828376e+01
1.619191919191919293e+00 1.344444444444444464e+01
1.189898989898989790e+00 1.425252525252525260e+01
1.429797979797979846e+00 1.239393939393939448e+01
1.505555555555555536e+00 1.239393939393939448e+01
1.505555555555555536e+00 1.287878787878787890e+01
1.492929292929292995e+00 1.279797979797979934e+01
1.505555555555555536e+00 1.287878787878787890e+01
1.505555555555555536e+00 1.279797979797979934e+01
1.518181818181818077e+00 1.304040404040404155e+01
1.404545454545454541e+00 1.255555555555555536e+01
1.505555555555555536e+00 1.304040404040404155e+01
1.417171717171717304e+00 1.287878787878787890e+01
1.606565656565656752e+00 1.449494949494949481e+01
1.442424242424242387e+00 1.247474747474747403e+01
1.391919191919192000e+00 1.239393939393939448e+01
1.581313131313131226e+00 1.320202020202020243e+01
1.429797979797979846e+00 1.190909090909091006e+01
1.417171717171717304e+00 1.255555555555555536e+01
1.543434343434343603e+00 1.441414141414141525e+01
1.480303030303030454e+00 1.304040404040404155e+01
1.366666666666666696e+00 1.182828282828282873e+01
1.278282828282828243e+00 1.207070707070707094e+01
1.391919191919192000e+00 1.198989898989898961e+01
1.404545454545454541e+00 1.263636363636363669e+01
1.568686868686868685e+00 1.344444444444444464e+01
1.480303030303030454e+00 1.287878787878787890e+01
1.227777777777777857e+00 1.110101010101010033e+01
1.417171717171717304e+00 1.295959595959596022e+01
1.505555555555555536e+00 1.271717171717171802e+01
1.505555555555555536e+00 1.287878787878787890e+01
1.366666666666666696e+00 1.263636363636363669e+01
1.467676767676767691e+00 1.263636363636363669e+01
1.480303030303030454e+00 1.295959595959596022e+01
1.505555555555555536e+00 1.279797979797979934e+01
1.417171717171717304e+00 1.223232323232323182e+01
1.556060606060606144e+00 1.312121212121212110e+01
1.644444444444444375e+00 1.336363636363636331e+01
1.404545454545454541e+00 1.190909090909091006e+01
1.366666666666666696e+00 1.279797979797979934e+01
1.429797979797979846e+00 1.215151515151515227e+01
1.341414141414141392e+00 1.166666666666666785e+01
1.593939393939393989e+00 1.409090909090909172e+01
1.530808080808080840e+00 1.304040404040404155e+01
1.391919191919192000e+00 1.231313131313131315e+01
1.366666666666666696e+00 1.174747474747474740e+01
1.467676767676767691e+00 1.239393939393939448e+01
1.417171717171717304e+00 1.271717171717171802e+01
1.593939393939393989e+00 1.344444444444444464e+01
1.480303030303030454e+00 1.304040404040404155e+01
1.354040404040404155e+00 1.295959595959596022e+01
1.404545454545454541e+00 1.279797979797979934e+01
1.505555555555555536e+00 1.312121212121212110e+01
1.429797979797979846e+00 1.320202020202020243e+01
1.606565656565656752e+00 1.368686868686868685e+01
1.518181818181818077e+00 1.279797979797979934e+01
1.518181818181818077e+00 1.312121212121212110e+01
1.833838383838383823e+00 1.425252525252525260e+01
1.417171717171717304e+00 1.239393939393939448e+01
1.404545454545454541e+00 1.231313131313131315e+01
1.657070707070707138e+00 1.409090909090909172e+01
1.518181818181818077e+00 1.295959595959596022e+01
1.442424242424242387e+00 1.247474747474747403e+01
1.505555555555555536e+00 1.320202020202020243e+01
1.505555555555555536e+00 1.352525252525252597e+01
1.429797979797979846e+00 1.239393939393939448e+01
1.480303030303030454e+00 1.295959595959596022e+01
1.530808080808080840e+00 1.287878787878787890e+01
1.593939393939393989e+00 1.336363636363636331e+01
1.505555555555555536e+00 1.287878787878787890e+01
1.442424242424242387e+00 1.287878787878787890e+01
1.417171717171717304e+00 1.255555555555555536e+01
1.316161616161616088e+00 1.158585858585858652e+01
1.480303030303030454e+00 1.271717171717171802e+01
1.480303030303030454e+00 1.263636363636363669e+01
1.492929292929292995e+00 1.263636363636363669e+01
1.556060606060606144e+00 1.312121212121212110e+01
1.467676767676767691e+00 1.320202020202020243e+01
1.391919191919192000e+00 1.271717171717171802e+01
1.606565656565656752e+00 1.352525252525252597e+01
1.720202020202020288e+00 1.497979797979797922e+01
1.492929292929292995e+00 1.295959595959596022e+01
1.354040404040404155e+00 1.215151515151515227e+01
1.492929292929292995e+00 1.312121212121212110e+01
1.581313131313131226e+00 1.392929292929293084e+01
1.581313131313131226e+00 1.336363636363636331e+01
1.417171717171717304e+00 1.247474747474747403e+01
1.366666666666666696e+00 1.320202020202020243e+01
1.492929292929292995e+00 1.231313131313131315e+01
1.631818181818181834e+00 1.336363636363636331e+01
1.669696969696969902e+00 1.489898989898989967e+01
1.619191919191919293e+00 1.320202020202020243e+01
1.492929292929292995e+00 1.360606060606060552e+01
1.518181818181818077e+00 1.344444444444444464e+01
1.505555555555555536e+00 1.304040404040404155e+01
1.455050505050504928e+00 1.231313131313131315e+01
1.530808080808080840e+00 1.376767676767676818e+01
1.455050505050504928e+00 1.231313131313131315e+01
1.492929292929292995e+00 1.279797979797979934e+01
1.341414141414141392e+00 1.239393939393939448e+01
1.631818181818181834e+00 1.368686868686868685e+01
1.417171717171717304e+00 1.223232323232323182e+01
1.455050505050504928e+00 1.231313131313131315e+01
1.669696969696969902e+00 1.352525252525252597e+01
1.354040404040404155e+00 1.231313131313131315e+01
1.354040404040404155e+00 1.255555555555555536e+01
1.417171717171717304e+00 1.255555555555555536e+01
1.417171717171717304e+00 1.198989898989898961e+01
1.556060606060606144e+00 1.304040404040404155e+01
1.568686868686868685e+00 1.328282828282828376e+01
1.455050505050504928e+00 1.295959595959596022e+01
1.530808080808080840e+00 1.320202020202020243e+01
1.467676767676767691e+00 1.304040404040404155e+01
1.480303030303030454e+00 1.247474747474747403e+01
1.417171717171717304e+00 1.239393939393939448e+01
1.455050505050504928e+00 1.271717171717171802e+01
1.530808080808080840e+00 1.263636363636363669e+01
1.682323232323232443e+00 1.368686868686868685e+01
1.316161616161616088e+00 1.182828282828282873e+01
1.429797979797979846e+00 1.215151515151515227e+01
1.455050505050504928e+00 1.215151515151515227e+01
1.480303030303030454e+00 1.287878787878787890e+01
1.354040404040404155e+00 1.174747474747474740e+01
1.492929292929292995e+00 1.287878787878787890e+01
1.442424242424242387e+00 1.392929292929293084e+01
1.556060606060606144e+00 1.328282828282828376e+01
1.455050505050504928e+00 1.239393939393939448e+01
1.581313131313131226e+00 1.344444444444444464e+01
1.492929292929292995e+00 1.271717171717171802e+01
1.404545454545454541e+00 1.239393939393939448e+01
1.568686868686868685e+00 1.384848484848484773e+01
1.417171717171717304e+00 1.263636363636363669e+01
1.518181818181818077e+00 1.279797979797979934e+01
1.657070707070707138e+00 1.481818181818181834e+01
1.442424242424242387e+00 1.239393939393939448e+01
1.543434343434343603e+00 1.287878787878787890e+01
1.543434343434343603e+00 1.328282828282828376e+01
1.543434343434343603e+00 1.295959595959596022e+01
1.455050505050504928e+00 1.255555555555555536e+01
1.379292929292929237e+00 1.231313131313131315e+01
1.530808080808080840e+00 1.312121212121212110e+01
1.556060606060606144e+00 1.304040404040404155e+01
1.429797979797979846e+00 1.223232323232323182e+01
1.492929292929292995e+00 1.279797979797979934e+01
1.354040404040404155e+00 1.271717171717171802e+01
1.417171717171717304e+00 1.247474747474747403e+01
1.429797979797979846e+00 1.207070707070707094e+01
1.922222222222222276e+00 1.506060606060606233e+01
1.606565656565656752e+00 1.344444444444444464e+01
1.972727272727272885e+00 1.570707070707070763e+01
1.480303030303030454e+00 1.279797979797979934e+01
1.467676767676767691e+00 1.279797979797979934e+01
1.417171717171717304e+00 1.263636363636363669e+01
1.467676767676767691e+00 1.247474747474747403e+01
1.429797979797979846e+00 1.215151515151515227e+01
1.581313131313131226e+00 1.368686868686868685e+01
1.417171717171717304e+00 1.271717171717171802e+01
1.530808080808080840e+00 1.271717171717171802e+01
1.505555555555555536e+00 1.312121212121212110e+01
1.429797979797979846e+00 1.223232323232323182e+01
1.530808080808080840e+00 1.295959595959596022e+01
1.505555555555555536e+00 1.287878787878787890e+01
1.606565656565656752e+00 1.392929292929293084e+01
1.896969696969696972e+00 1.489898989898989967e+01
1.467676767676767691e+00 1.304040404040404155e+01
1.404545454545454541e+00 1.223232323232323182e+01
1.467676767676767691e+00 1.263636363636363669e+01
1.518181818181818077e+00 1.352525252525252597e+01
1.492929292929292995e+00 1.312121212121212110e+01
1.492929292929292995e+00 1.279797979797979934e+01
1.354040404040404155e+00 1.247474747474747403e+01
1.568686868686868685e+00 1.328282828282828376e+01
1.505555555555555536e+00 1.271717171717171802e+01
1.379292929292929237e+00 1.255555555555555536e+01
1.480303030303030454e+00 1.279797979797979934e+01
1.530808080808080840e+00 1.279797979797979934e+01
1.404545454545454541e+00 1.198989898989898961e+01
1.429797979797979846e+00 1.287878787878787890e+01
1.518181818181818077e+00 1.287878787878787890e+01
1.682323232323232443e+00 1.392929292929293084e+01
1.341414141414141392e+00 1.158585858585858652e+01
1.354040404040404155e+00 1.239393939393939448e+01
1.631818181818181834e+00 1.376767676767676818e+01
1.568686868686868685e+00 1.368686868686868685e+01
1.303535353535353547e+00 1.150505050505050519e+01
1.543434343434343603e+00 1.295959595959596022e+01
1.669696969696969902e+00 1.401010101010101039e+01
1.442424242424242387e+00 1.279797979797979934e+01
1.442424242424242387e+00 1.279797979797979934e+01
1.442424242424242387e+00 1.279797979797979934e+01
1.341414141414141392e+00 1.263636363636363669e+01
1.379292929292929237e+00 1.190909090909091006e+01
1.530808080808080840e+00 1.287878787878787890e+01
1.404545454545454541e+00 1.295959595959596022e+01
1.556060606060606144e+00 1.433333333333333393e+01
1.404545454545454541e+00 1.223232323232323182e+01
1.556060606060606144e+00 1.312121212121212110e+01
1.505555555555555536e+00 1.263636363636363669e+01
1.518181818181818077e+00 1.295959595959596022e+01
1.518181818181818077e+00 1.304040404040404155e+01
1.303535353535353547e+00 1.174747474747474740e+01
1.429797979797979846e+00 1.279797979797979934e+01
1.467676767676767691e+00 1.271717171717171802e+01
1.505555555555555536e+00 1.425252525252525260e+01
1.417171717171717304e+00 1.239393939393939448e+01
1.581313131313131226e+00 1.295959595959596022e+01
1.606565656565656752e+00 1.312121212121212110e+01
1.379292929292929237e+00 1.336363636363636331e+01
1.518181818181818077e+00 1.295959595959596022e+01
1.518181818181818077e+00 1.255555555555555536e+01
1.442424242424242387e+00 1.255555555555555536e+01
1.492929292929292995e+00 1.263636363636363669e+01
1.253030303030302939e+00 1.166666666666666785e+01
1.379292929292929237e+00 1.207070707070707094e+01
1.581313131313131226e+00 1.336363636363636331e+01
1.934848484848485040e+00 1.554545454545454675e+01
1.417171717171717304e+00 1.239393939393939448e+01
1.505555555555555536e+00 1.247474747474747403e+01
1.366666666666666696e+00 1.255555555555555536e+01
1.518181818181818077e+00 1.279797979797979934e+01
1.455050505050504928e+00 1.231313131313131315e+01
1.606565656565656752e+00 1.352525252525252597e+01
1.593939393939393989e+00 1.368686868686868685e+01
1.467676767676767691e+00 1.271717171717171802e+01
1.518181818181818077e+00 1.312121212121212110e+01
1.543434343434343603e+00 1.304040404040404155e+01
1.556060606060606144e+00 1.384848484848484773e+01
1.366666666666666696e+00 1.223232323232323182e+01
1.492929292929292995e+00 1.271717171717171802e+01
1.530808080808080840e+00 1.287878787878787890e+01
1.480303030303030454e+00 1.239393939393939448e+01
1.593939393939393989e+00 1.352525252525252597e+01
1.240404040404040398e+00 1.295959595959596022e+01
1.530808080808080840e+00 1.328282828282828376e+01
1.429797979797979846e+00 1.279797979797979934e+01
1.341414141414141392e+00 1.142424242424242387e+01
1.593939393939393989e+00 1.344444444444444464e+01
1.442424242424242387e+00 1.279797979797979934e+01
1.316161616161616088e+00 1.239393939393939448e+01
1.480303030303030454e+00 1.271717171717171802e+01
1.492929292929292995e+00 1.360606060606060552e+01
1.492929292929292995e+00 1.279797979797979934e+01
1.518181818181818077e+00 1.271717171717171802e+01
1.391919191919192000e+00 1.190909090909091006e+01
1.518181818181818077e+00 1.295959595959596022e+01
1.328787878787878851e+00 1.207070707070707094e+01
1.505555555555555536e+00 1.271717171717171802e+01
1.581313131313131226e+00 1.336363636363636331e+01
1.530808080808080840e+00 1.433333333333333393e+01
1.379292929292929237e+00 1.198989898989898961e+01
1.379292929292929237e+00 1.198989898989898961e+01
1.606565656565656752e+00 1.433333333333333393e+01
1.619191919191919293e+00 1.425252525252525260e+01
1.442424242424242387e+00 1.263636363636363669e+01
1.682323232323232443e+00 1.465656565656565746e+01
1.480303030303030454e+00 1.328282828282828376e+01
1.429797979797979846e+00 1.223232323232323182e+01
1.455050505050504928e+00 1.255555555555555536e+01
1.518181818181818077e+00 1.320202020202020243e+01
1.303535353535353547e+00 1.190909090909091006e+01
1.404545454545454541e+00 1.215151515151515227e+01
1.341414141414141392e+00 1.231313131313131315e+01
1.480303030303030454e+00 1.295959595959596022e+01
1.417171717171717304e+00 1.247474747474747403e+01
1.417171717171717304e+00 1.271717171717171802e+01
1.455050505050504928e+00 1.271717171717171802e+01
1.581313131313131226e+00 1.336363636363636331e+01
1.455050505050504928e+00 1.295959595959596022e+01
1.480303030303030454e+00 1.312121212121212110e+01
1.619191919191919293e+00 1.360606060606060552e+01
1.328787878787878851e+00 1.182828282828282873e+01
1.657070707070707138e+00 1.376767676767676818e+01
1.492929292929292995e+00 1.247474747474747403e+01
1.543434343434343603e+00 1.392929292929293084e+01
1.429797979797979846e+00 1.223232323232323182e+01
1.354040404040404155e+00 1.215151515151515227e+01
1.303535353535353547e+00 1.182828282828282873e+01
1.341414141414141392e+00 1.231313131313131315e+01
1.518181818181818077e+00 1.352525252525252597e+01
1.480303030303030454e+00 1.304040404040404155e+01
1.341414141414141392e+00 1.198989898989898961e+01
1.530808080808080840e+00 1.320202020202020243e+01
1.442424242424242387e+00 1.304040404040404155e+01
1.492929292929292995e+00 1.255555555555555536e+01
1.442424242424242387e+00 1.287878787878787890e+01
1.467676767676767691e+00 1.287878787878787890e+01
1.429797979797979846e+00 1.328282828282828376e+01
1.417171717171717304e+00 1.247474747474747403e+01
1.455050505050504928e+00 1.287878787878787890e+01
1.455050505050504928e+00 1.287878787878787890e+01
1.518181818181818077e+00 1.312121212121212110e+01
1.480303030303030454e+00 1.279797979797979934e+01
1.455050505050504928e+00 1.279797979797979934e+01
1.455050505050504928e+00 1.360606060606060552e+01
1.467676767676767691e+00 1.287878787878787890e+01
1.657070707070707138e+00 1.376767676767676818e+01
1.429797979797979846e+00 1.247474747474747403e+01
1.417171717171717304e+00 1.271717171717171802e+01
1.391919191919192000e+00 1.207070707070707094e+01
1.455050505050504928e+00 1.239393939393939448e+01
1.429797979797979846e+00 1.312121212121212110e+01
1.366666666666666696e+00 1.255555555555555536e+01
1.341414141414141392e+00 1.158585858585858652e+01
1.669696969696969902e+00 1.384848484848484773e+01
1.429797979797979846e+00 1.304040404040404155e+01
1.568686868686868685e+00 1.392929292929293084e+01
1.530808080808080840e+00 1.271717171717171802e+01
1.417171717171717304e+00 1.198989898989898961e+01
1.404545454545454541e+00 1.312121212121212110e+01
1.404545454545454541e+00 1.231313131313131315e+01
1.568686868686868685e+00 1.287878787878787890e+01
1.543434343434343603e+00 1.295959595959596022e+01
1.581313131313131226e+00 1.312121212121212110e+01
1.278282828282828243e+00 1.659595959595959869e+01
1.492929292929292995e+00 1.417171717171717304e+01
1.455050505050504928e+00 1.279797979797979934e+01
1.303535353535353547e+00 1.231313131313131315e+01
1.467676767676767691e+00 1.271717171717171802e+01
1.568686868686868685e+00 1.328282828282828376e+01
1.530808080808080840e+00 1.336363636363636331e+01
1.821212121212121282e+00 1.384848484848484773e+01
1.303535353535353547e+00 1.207070707070707094e+01
1.404545454545454541e+00 1.207070707070707094e+01
1.467676767676767691e+00 1.231313131313131315e+01
1.379292929292929237e+00 1.239393939393939448e+01
1.543434343434343603e+00 1.320202020202020243e+01
1.391919191919192000e+00 1.215151515151515227e+01
1.530808080808080840e+00 1.304040404040404155e+01
1.417171717171717304e+00 1.231313131313131315e+01
1.417171717171717304e+00 1.247474747474747403e+01
1.518181818181818077e+00 1.320202020202020243e+01
1.505555555555555536e+00 1.295959595959596022e+01
1.278282828282828243e+00 1.126262626262626299e+01
1.391919191919192000e+00 1.207070707070707094e+01
1.467676767676767691e+00 1.304040404040404155e+01
1.492929292929292995e+00 1.255555555555555536e+01
1.505555555555555536e+00 1.384848484848484773e+01
1.492929292929292995e+00 1.312121212121212110e+01
1.455050505050504928e+00 1.263636363636363669e+01
1.442424242424242387e+00 1.279797979797979934e+01
1.480303030303030454e+00 1.239393939393939448e+01
1.530808080808080840e+00 1.312121212121212110e+01
1.341414141414141392e+00 1.215151515151515227e+01
1.354040404040404155e+00 1.287878787878787890e+01
1.732828282828282829e+00 1.409090909090909172e+01
1.341414141414141392e+00 1.182828282828282873e+01
1.417171717171717304e+00 1.295959595959596022e+01
1.379292929292929237e+00 1.198989898989898961e+01
1.505555555555555536e+00 1.263636363636363669e+01
1.341414141414141392e+00 1.247474747474747403e+01
1.429797979797979846e+00 1.255555555555555536e+01
1.619191919191919293e+00 1.344444444444444464e+01
1.480303030303030454e+00 1.231313131313131315e+01
1.606565656565656752e+00 1.401010101010101039e+01
1.480303030303030454e+00 1.287878787878787890e+01
1.404545454545454541e+00 1.190909090909091006e+01
1.505555555555555536e+00 1.247474747474747403e+01
1.518181818181818077e+00 1.401010101010101039e+01
1.316161616161616088e+00 1.207070707070707094e+01
1.467676767676767691e+00 1.320202020202020243e+01
1.480303030303030454e+00 1.231313131313131315e+01
1.505555555555555536e+00 1.304040404040404155e+01
1.442424242424242387e+00 1.263636363636363669e+01
1.290909090909091006e+00 1.231313131313131315e+01
1.442424242424242387e+00 1.207070707070707094e+01
1.543434343434343603e+00 1.295959595959596022e+01
1.379292929292929237e+00 1.231313131313131315e+01
1.455050505050504928e+00 1.263636363636363669e+01
1.518181818181818077e+00 1.279797979797979934e+01
1.543434343434343603e+00 1.304040404040404155e+01
1.492929292929292995e+00 1.247474747474747403e+01
1.417171717171717304e+00 1.198989898989898961e+01
1.429797979797979846e+00 1.198989898989898961e+01
1.492929292929292995e+00 1.344444444444444464e+01
1.644444444444444375e+00 1.360606060606060552e+01
1.455050505050504928e+00 1.279797979797979934e+01
1.366666666666666696e+00 1.215151515151515227e+01
1.391919191919192000e+00 1.215151515151515227e+01
1.593939393939393989e+00 1.376767676767676818e+01
1.316161616161616088e+00 1.231313131313131315e+01
1.417171717171717304e+00 1.174747474747474740e+01
1.467676767676767691e+00 1.312121212121212110e+01
1.492929292929292995e+00 1.255555555555555536e+01
1.429797979797979846e+00 1.223232323232323182e+01
1.442424242424242387e+00 1.231313131313131315e+01
1.455050505050504928e+00 1.271717171717171802e+01
1.467676767676767691e+00 1.271717171717171802e+01
1.492929292929292995e+00 1.304040404040404155e+01
1.593939393939393989e+00 1.320202020202020243e+01
1.593939393939393989e+00 1.401010101010101039e+01
1.442424242424242387e+00 1.295959595959596022e+01
1.556060606060606144e+00 1.336363636363636331e+01
1.505555555555555536e+00 1.239393939393939448e+01
1.480303030303030454e+00 1.255555555555555536e+01
1.467676767676767691e+00 1.287878787878787890e+01
1.379292929292929237e+00 1.239393939393939448e+01
1.492929292929292995e+00 1.247474747474747403e+01
1.556060606060606144e+00 1.312121212121212110e+01
1.391919191919192000e+00 1.198989898989898961e+01
1.227777777777777857e+00 1.166666666666666785e+01
1.543434343434343603e+00 1.320202020202020243e+01
1.429797979797979846e+00 1.239393939393939448e+01
1.455050505050504928e+00 1.239393939393939448e+01
1.530808080808080840e+00 1.295959595959596022e+01
1.568686868686868685e+00 1.320202020202020243e+01
1.455050505050504928e+00 1.304040404040404155e+01
1.455050505050504928e+00 1.271717171717171802e+01
1.354040404040404155e+00 1.279797979797979934e+01
1.492929292929292995e+00 1.304040404040404155e+01
1.518181818181818077e+00 1.287878787878787890e+01
1.366666666666666696e+00 1.239393939393939448e+01
1.417171717171717304e+00 1.198989898989898961e+01
1.492929292929292995e+00 1.287878787878787890e+01
1.480303030303030454e+00 1.255555555555555536e+01
1.328787878787878851e+00 1.287878787878787890e+01
1.593939393939393989e+00 1.328282828282828376e+01
1.593939393939393989e+00 1.344444444444444464e+01
1.455050505050504928e+00 1.255555555555555536e+01
1.467676767676767691e+00 1.255555555555555536e+01
1.404545454545454541e+00 1.247474747474747403e+01
1.467676767676767691e+00 1.231313131313131315e+01
1.505555555555555536e+00 1.271717171717171802e+01
1.429797979797979846e+00 1.247474747474747403e+01
1.593939393939393989e+00 1.409090909090909172e+01
1.442424242424242387e+00 1.215151515151515227e+01
1.379292929292929237e+00 1.304040404040404155e+01
1.455050505050504928e+00 1.271717171717171802e+01
1.644444444444444375e+00 1.344444444444444464e+01
1.480303030303030454e+00 1.263636363636363669e+01
1.467676767676767691e+00 1.271717171717171802e+01
1.492929292929292995e+00 1.384848484848484773e+01
1.429797979797979846e+00 1.320202020202020243e+01
1.556060606060606144e+00 1.328282828282828376e+01
1.694949494949494984e+00 1.392929292929293084e+01
1.568686868686868685e+00 1.312121212121212110e+01
1.341414141414141392e+00 1.215151515151515227e+01
1.568686868686868685e+00 1.312121212121212110e+01
1.417171717171717304e+00 1.166666666666666785e+01
1.720202020202020288e+00 1.392929292929293084e+01
1.442424242424242387e+00 1.207070707070707094e+01
1.366666666666666696e+00 1.174747474747474740e+01
1.366666666666666696e+00 1.295959595959596022e+01
1.795959595959595978e+00 1.417171717171717304e+01
1.341414141414141392e+00 1.207070707070707094e+01
1.391919191919192000e+00 1.223232323232323182e+01
1.568686868686868685e+00 1.344444444444444464e+01
1.379292929292929237e+00 1.215151515151515227e+01
1.480303030303030454e+00 1.287878787878787890e+01
1.518181818181818077e+00 1.392929292929293084e+01
1.480303030303030454e+00 1.255555555555555536e+01
1.366666666666666696e+00 1.287878787878787890e+01
1.505555555555555536e+00 1.255555555555555536e+01
1.467676767676767691e+00 1.231313131313131315e+01
1.467676767676767691e+00 1.239393939393939448e+01
1.480303030303030454e+00 1.328282828282828376e+01
1.354040404040404155e+00 1.223232323232323182e+01
1.467676767676767691e+00 1.287878787878787890e+01
1.379292929292929237e+00 1.198989898989898961e+01
1.530808080808080840e+00 1.360606060606060552e+01
1.492929292929292995e+00 1.255555555555555536e+01
1.391919191919192000e+00 1.207070707070707094e+01
1.404545454545454541e+00 1.247474747474747403e+01
1.442424242424242387e+00 1.295959595959596022e+01
1.492929292929292995e+00 1.271717171717171802e+01
1.379292929292929237e+00 1.198989898989898961e+01
1.455050505050504928e+00 1.271717171717171802e+01
1.442424242424242387e+00 1.215151515151515227e+01
1.354040404040404155e+00 1.190909090909091006e+01
1.467676767676767691e+00 1.279797979797979934e+01
1.442424242424242387e+00 1.190909090909091006e+01
1.404545454545454541e+00 1.198989898989898961e+01
1.354040404040404155e+00 1.207070707070707094e+01
1.972727272727272885e+00 1.247474747474747403e+01
1.303535353535353547e+00 1.069696969696969724e+01
1.492929292929292995e+00 1.320202020202020243e+01
1.543434343434343603e+00 1.304040404040404155e+01
1.909595959595959513e+00 1.506060606060606233e+01
1.543434343434343603e+00 1.304040404040404155e+01
1.492929292929292995e+00 1.255555555555555536e+01
1.455050505050504928e+00 1.239393939393939448e+01
1.518181818181818077e+00 1.295959595959596022e+01
1.480303030303030454e+00 1.279797979797979934e+01
1.644444444444444375e+00 1.425252525252525260e+01
1.480303030303030454e+00 1.320202020202020243e+01
1.455050505050504928e+00 1.304040404040404155e+01
1.530808080808080840e+00 1.279797979797979934e+01
1.669696969696969902e+00 1.344444444444444464e+01
1.354040404040404155e+00 1.190909090909091006e+01
1.404545454545454541e+00 1.215151515151515227e+01
1.404545454545454541e+00 1.223232323232323182e+01
1.467676767676767691e+00 1.279797979797979934e+01
1.379292929292929237e+00 1.158585858585858652e+01
1.354040404040404155e+00 1.263636363636363669e+01
1.278282828282828243e+00 1.190909090909091006e+01
1.429797979797979846e+00 1.247474747474747403e+01
1.442424242424242387e+00 1.239393939393939448e+01
1.530808080808080840e+00 1.304040404040404155e+01
1.556060606060606144e+00 1.328282828282828376e+01
1.354040404040404155e+00 1.182828282828282873e+01
1.480303030303030454e+00 1.279797979797979934e+01
2.010606060606060730e+00 1.522222222222222143e+01
1.429797979797979846e+00 1.263636363636363669e+01
1.480303030303030454e+00 1.247474747474747403e+01
1.518181818181818077e+00 1.320202020202020243e+01
1.391919191919192000e+00 1.207070707070707094e+01
1.429797979797979846e+00 1.295959595959596022e+01
1.455050505050504928e+00 1.255555555555555536e+01
1.480303030303030454e+00 1.320202020202020243e+01
1.543434343434343603e+00 1.360606060606060552e+01
1.366666666666666696e+00 1.174747474747474740e+01
1.631818181818181834e+00 1.328282828282828376e+01
1.417171717171717304e+00 1.255555555555555536e+01
1.530808080808080840e+00 1.279797979797979934e+01
1.354040404040404155e+00 1.158585858585858652e+01
1.543434343434343603e+00 1.304040404040404155e+01
1.480303030303030454e+00 1.239393939393939448e+01
1.417171717171717304e+00 1.174747474747474740e+01
1.644444444444444375e+00 1.489898989898989967e+01
1.467676767676767691e+00 1.223232323232323182e+01
1.505555555555555536e+00 1.271717171717171802e+01
1.543434343434343603e+00 1.312121212121212110e+01
1.290909090909091006e+00 1.190909090909091006e+01
1.467676767676767691e+00 1.231313131313131315e+01
1.467676767676767691e+00 1.263636363636363669e+01
1.328787878787878851e+00 1.231313131313131315e+01
1.657070707070707138e+00 1.384848484848484773e+01
1.568686868686868685e+00 1.336363636363636331e+01
1.593939393939393989e+00 1.312121212121212110e+01
1.391919191919192000e+00 1.247474747474747403e+01
1.417171717171717304e+00 1.231313131313131315e+01
1.391919191919192000e+00 1.190909090909091006e+01
1.316161616161616088e+00 1.118181818181818166e+01
1.480303030303030454e+00 1.255555555555555536e+01
1.341414141414141392e+00 1.198989898989898961e+01
1.492929292929292995e+00 1.263636363636363669e+01
1.391919191919192000e+00 1.215151515151515227e+01
1.556060606060606144e+00 1.360606060606060552e+01
1.619191919191919293e+00 1.352525252525252597e+01
1.492929292929292995e+00 1.320202020202020243e+01
1.581313131313131226e+00 1.344444444444444464e+01
1.543434343434343603e+00 1.457575757575757613e+01
1.455050505050504928e+00 1.287878787878787890e+01
1.619191919191919293e+00 1.417171717171717304e+01
1.581313131313131226e+00 1.344444444444444464e+01
1.530808080808080840e+00 1.295959595959596022e+01
1.505555555555555536e+00 1.247474747474747403e+01
1.568686868686868685e+00 1.328282828282828376e+01
1.492929292929292995e+00 1.312121212121212110e+01
1.556060606060606144e+00 1.304040404040404155e+01
1.429797979797979846e+00 1.223232323232323182e+01
1.657070707070707138e+00 1.392929292929293084e+01
1.492929292929292995e+00 1.328282828282828376e+01
1.467676767676767691e+00 1.239393939393939448e+01
1.492929292929292995e+00 1.279797979797979934e+01
1.366666666666666696e+00 1.150505050505050519e+01
1.429797979797979846e+00 1.231313131313131315e+01
1.518181818181818077e+00 1.279797979797979934e+01
1.429797979797979846e+00 1.223232323232323182e+01
1.530808080808080840e+00 1.344444444444444464e+01
1.530808080808080840e+00 1.320202020202020243e+01
1.518181818181818077e+00 1.368686868686868685e+01
1.492929292929292995e+00 1.231313131313131315e+01
1.404545454545454541e+00 1.190909090909091006e+01
1.631818181818181834e+00 1.425252525252525260e+01
1.480303030303030454e+00 1.223232323232323182e+01
1.606565656565656752e+00 1.344444444444444464e+01
1.518181818181818077e+00 1.279797979797979934e+01
1.593939393939393989e+00 1.320202020202020243e+01
1.480303030303030454e+00 1.328282828282828376e+01
1.492929292929292995e+00 1.320202020202020243e+01
1.492929292929292995e+00 1.231313131313131315e+01
1.442424242424242387e+00 1.215151515151515227e+01
1.543434343434343603e+00 1.312121212121212110e+01
1.404545454545454541e+00 1.174747474747474740e+01
1.467676767676767691e+00 1.239393939393939448e+01
1.581313131313131226e+00 1.433333333333333393e+01
1.442424242424242387e+00 1.263636363636363669e+01
1.341414141414141392e+00 1.198989898989898961e+01
1.455050505050504928e+00 1.239393939393939448e+01
1.404545454545454541e+00 1.215151515151515227e+01
1.518181818181818077e+00 1.328282828282828376e+01
1.606565656565656752e+00 1.344444444444444464e+01
1.480303030303030454e+00 1.320202020202020243e+01
1.568686868686868685e+00 1.336363636363636331e+01
1.442424242424242387e+00 1.320202020202020243e+01
1.581313131313131226e+00 1.287878787878787890e+01
1.404545454545454541e+00 1.271717171717171802e+01
1.518181818181818077e+00 1.255555555555555536e+01
1.429797979797979846e+00 1.223232323232323182e+01
1.480303030303030454e+00 1.304040404040404155e+01
1.417171717171717304e+00 1.304040404040404155e+01
1.417171717171717304e+00 1.304040404040404155e+01
1.543434343434343603e+00 1.328282828282828376e+01
1.455050505050504928e+00 1.312121212121212110e+01
1.442424242424242387e+00 1.239393939393939448e+01
1.492929292929292995e+00 1.295959595959596022e+01
1.341414141414141392e+00 1.271717171717171802e+01
1.290909090909091006e+00 1.223232323232323182e+01
1.492929292929292995e+00 1.279797979797979934e+01
1.480303030303030454e+00 1.271717171717171802e+01
1.581313131313131226e+00 1.295959595959596022e+01
1.556060606060606144e+00 1.401010101010101039e+01
1.568686868686868685e+00 1.312121212121212110e+01
1.568686868686868685e+00 1.320202020202020243e+01
1.417171717171717304e+00 1.279797979797979934e+01
1.417171717171717304e+00 1.263636363636363669e+01
1.505555555555555536e+00 1.255555555555555536e+01
1.492929292929292995e+00 1.255555555555555536e+01
1.455050505050504928e+00 1.295959595959596022e+01
1.442424242424242387e+00 1.215151515151515227e+01
1.429797979797979846e+00 1.215151515151515227e+01
1.417171717171717304e+00 1.215151515151515227e+01
1.417171717171717304e+00 1.239393939393939448e+01
1.530808080808080840e+00 1.368686868686868685e+01
1.467676767676767691e+00 1.328282828282828376e+01
1.467676767676767691e+00 1.239393939393939448e+01
1.429797979797979846e+00 1.231313131313131315e+01
1.518181818181818077e+00 1.271717171717171802e+01
1.530808080808080840e+00 1.368686868686868685e+01
1.417171717171717304e+00 1.207070707070707094e+01
1.530808080808080840e+00 1.295959595959596022e+01
1.556060606060606144e+00 1.320202020202020243e+01
1.480303030303030454e+00 1.255555555555555536e+01
1.480303030303030454e+00 1.255555555555555536e+01
1.593939393939393989e+00 1.368686868686868685e+01
1.341414141414141392e+00 1.166666666666666785e+01
1.530808080808080840e+00 1.320202020202020243e+01
1.492929292929292995e+00 1.279797979797979934e+01
1.442424242424242387e+00 1.271717171717171802e+01
1.442424242424242387e+00 1.223232323232323182e+01
1.530808080808080840e+00 1.320202020202020243e+01
1.429797979797979846e+00 1.287878787878787890e+01
1.480303030303030454e+00 1.295959595959596022e+01
1.404545454545454541e+00 1.239393939393939448e+01
1.404545454545454541e+00 1.247474747474747403e+01
1.467676767676767691e+00 1.231313131313131315e+01
1.606565656565656752e+00 1.304040404040404155e+01
1.467676767676767691e+00 1.247474747474747403e+01
1.303535353535353547e+00 1.150505050505050519e+01
1.455050505050504928e+00 1.279797979797979934e+01
1.467676767676767691e+00 1.304040404040404155e+01
1.492929292929292995e+00 1.287878787878787890e+01
1.606565656565656752e+00 1.401010101010101039e+01
1.442424242424242387e+00 1.231313131313131315e+01
1.366666666666666696e+00 1.255555555555555536e+01
1.480303030303030454e+00 1.279797979797979934e+01
1.341414141414141392e+00 1.239393939393939448e+01
1.341414141414141392e+00 1.190909090909091006e+01
1.505555555555555536e+00 1.336363636363636331e+01
1.518181818181818077e+00 1.271717171717171802e+01
1.455050505050504928e+00 1.223232323232323182e+01
1.492929292929292995e+00 1.304040404040404155e+01
1.404545454545454541e+00 1.231313131313131315e+01
1.606565656565656752e+00 1.336363636363636331e+01
1.429797979797979846e+00 1.239393939393939448e+01
1.657070707070707138e+00 1.344444444444444464e+01
1.442424242424242387e+00 1.239393939393939448e+01
1.442424242424242387e+00 1.263636363636363669e+01
1.530808080808080840e+00 1.320202020202020243e+01
1.404545454545454541e+00 1.231313131313131315e+01
1.455050505050504928e+00 1.247474747474747403e+01
1.429797979797979846e+00 1.215151515151515227e+01
1.328787878787878851e+00 1.215151515151515227e+01
1.669696969696969902e+00 1.497979797979797922e+01
1.429797979797979846e+00 1.255555555555555536e+01
1.480303030303030454e+00 1.279797979797979934e+01
1.518181818181818077e+00 1.312121212121212110e+01
1.341414141414141392e+00 1.190909090909091006e+01
1.556060606060606144e+00 1.320202020202020243e+01
1.480303030303030454e+00 1.247474747474747403e+01
1.492929292929292995e+00 1.376767676767676818e+01
1.417171717171717304e+00 1.215151515151515227e+01
1.316161616161616088e+00 1.190909090909091006e+01
1.694949494949494984e+00 1.433333333333333393e+01
1.530808080808080840e+00 1.312121212121212110e+01
1.417171717171717304e+00 1.271717171717171802e+01
1.581313131313131226e+00 1.360606060606060552e+01
1.379292929292929237e+00 1.255555555555555536e+01
1.366666666666666696e+00 1.215151515151515227e+01
1.442424242424242387e+00 1.271717171717171802e+01
1.543434343434343603e+00 1.312121212121212110e+01
1.606565656565656752e+00 1.320202020202020243e+01
1.492929292929292995e+00 1.279797979797979934e+01
1.442424242424242387e+00 1.223232323232323182e+01
1.404545454545454541e+00 1.239393939393939448e+01
1.404545454545454541e+00 1.215151515151515227e+01
1.505555555555555536e+00 1.263636363636363669e+01
1.391919191919192000e+00 1.207070707070707094e+01
1.467676767676767691e+00 1.320202020202020243e+01
1.442424242424242387e+00 1.255555555555555536e+01
1.417171717171717304e+00 1.231313131313131315e+01
1.492929292929292995e+00 1.295959595959596022e+01
1.442424242424242387e+00 1.207070707070707094e+01
1.480303030303030454e+00 1.312121212121212110e+01
1.455050505050504928e+00 1.271717171717171802e+01
1.467676767676767691e+00 1.271717171717171802e+01
1.379292929292929237e+00 1.255555555555555536e+01
1.404545454545454541e+00 1.271717171717171802e+01
1.492929292929292995e+00 1.304040404040404155e+01
1.417171717171717304e+00 1.263636363636363669e+01
1.417171717171717304e+00 1.198989898989898961e+01
1.303535353535353547e+00 1.150505050505050519e+01
1.631818181818181834e+00 1.336363636363636331e+01
1.455050505050504928e+00 1.263636363636363669e+01
1.442424242424242387e+00 1.255555555555555536e+01
1.391919191919192000e+00 1.239393939393939448e+01
1.543434343434343603e+00 1.287878787878787890e+01
1.682323232323232443e+00 1.449494949494949481e+01
1.341414141414141392e+00 1.295959595959596022e+01
1.391919191919192000e+00 1.215151515151515227e+01
1.391919191919192000e+00 1.207070707070707094e+01
1.455050505050504928e+00 1.304040404040404155e+01
1.455050505050504928e+00 1.255555555555555536e+01
1.518181818181818077e+00 1.271717171717171802e+01
1.581313131313131226e+00 1.328282828282828376e+01
1.518181818181818077e+00 1.295959595959596022e+01
1.568686868686868685e+00 1.320202020202020243e+01
1.455050505050504928e+00 1.247474747474747403e+01
1.758080808080808133e+00 1.506060606060606233e+01
1.644444444444444375e+00 1.368686868686868685e+01
1.480303030303030454e+00 1.247474747474747403e+01
1.530808080808080840e+00 1.304040404040404155e+01
1.669696969696969902e+00 1.457575757575757613e+01
1.404545454545454541e+00 1.279797979797979934e+01
1.568686868686868685e+00 1.336363636363636331e+01
1.354040404040404155e+00 1.166666666666666785e+01
1.619191919191919293e+00 1.320202020202020243e+01
1.492929292929292995e+00 1.328282828282828376e+01
1.568686868686868685e+00 1.344444444444444464e+01
1.505555555555555536e+00 1.263636363636363669e+01
1.530808080808080840e+00 1.279797979797979934e+01
1.404545454545454541e+00 1.271717171717171802e+01
1.480303030303030454e+00 1.295959595959596022e+01
1.581313131313131226e+00 1.344444444444444464e+01
1.417171717171717304e+00 1.215151515151515227e+01
1.379292929292929237e+00 1.271717171717171802e+01
1.492929292929292995e+00 1.271717171717171802e+01
1.391919191919192000e+00 1.239393939393939448e+01
1.556060606060606144e+00 1.336363636363636331e+01
1.593939393939393989e+00 1.336363636363636331e+01
1.467676767676767691e+00 1.231313131313131315e+01
1.404545454545454541e+00 1.231313131313131315e+01
1.518181818181818077e+00 1.352525252525252597e+01
1.303535353535353547e+00 1.190909090909091006e+01
1.543434343434343603e+00 1.352525252525252597e+01
1.303535353535353547e+00 1.166666666666666785e+01
1.442424242424242387e+00 1.320202020202020243e+01
1.391919191919192000e+00 1.271717171717171802e+01
1.404545454545454541e+00 1.255555555555555536e+01
1.505555555555555536e+00 1.320202020202020243e+01
1.467676767676767691e+00 1.271717171717171802e+01
1.442424242424242387e+00 1.223232323232323182e+01
1.391919191919192000e+00 1.182828282828282873e+01
1.568686868686868685e+00 1.352525252525252597e+01
1.467676767676767691e+00 1.320202020202020243e+01
1.518181818181818077e+00 1.263636363636363669e+01
1.505555555555555536e+00 1.287878787878787890e+01
1.455050505050504928e+00 1.255555555555555536e+01
1.467676767676767691e+00 1.295959595959596022e+01
1.518181818181818077e+00 1.295959595959596022e+01
1.492929292929292995e+00 1.271717171717171802e+01
1.366666666666666696e+00 1.190909090909091006e+01
1.518181818181818077e+00 1.263636363636363669e+01
1.669696969696969902e+00 1.376767676767676818e+01
1.492929292929292995e+00 1.255555555555555536e+01
1.417171717171717304e+00 1.255555555555555536e+01
1.467676767676767691e+00 1.271717171717171802e+01
1.682323232323232443e+00 1.376767676767676818e+01
1.341414141414141392e+00 1.255555555555555536e+01
1.518181818181818077e+00 1.287878787878787890e+01
1.379292929292929237e+00 1.207070707070707094e+01
1.568686868686868685e+00 1.352525252525252597e+01
1.568686868686868685e+00 1.352525252525252597e+01
1.404545454545454541e+00 1.287878787878787890e+01
1.518181818181818077e+00 1.312121212121212110e+01
1.505555555555555536e+00 1.279797979797979934e+01
1.366666666666666696e+00 1.190909090909091006e+01
1.404545454545454541e+00 1.304040404040404155e+01
1.530808080808080840e+00 1.312121212121212110e+01
1.492929292929292995e+00 1.255555555555555536e+01
1.669696969696969902e+00 1.344444444444444464e+01
1.455050505050504928e+00 1.207070707070707094e+01
1.505555555555555536e+00 1.295959595959596022e+01
1.429797979797979846e+00 1.239393939393939448e+01
1.404545454545454541e+00 1.247474747474747403e+01
1.467676767676767691e+00 1.239393939393939448e+01
1.505555555555555536e+00 1.279797979797979934e+01
1.354040404040404155e+00 1.223232323232323182e+01
1.467676767676767691e+00 1.247474747474747403e+01
1.442424242424242387e+00 1.223232323232323182e+01
1.568686868686868685e+00 1.336363636363636331e+01
1.404545454545454541e+00 1.215151515151515227e+01
1.581313131313131226e+00 1.368686868686868685e+01
1.505555555555555536e+00 1.328282828282828376e+01
1.492929292929292995e+00 1.384848484848484773e+01
1.543434343434343603e+00 1.239393939393939448e+01
1.543434343434343603e+00 1.312121212121212110e+01
1.391919191919192000e+00 1.279797979797979934e+01
1.492929292929292995e+00 1.368686868686868685e+01
1.505555555555555536e+00 1.271717171717171802e+01
1.429797979797979846e+00 1.223232323232323182e+01
1.379292929292929237e+00 1.223232323232323182e+01
1.442424242424242387e+00 1.320202020202020243e+01
1.657070707070707138e+00 1.320202020202020243e+01
1.189898989898989790e+00 1.142424242424242387e+01
1.404545454545454541e+00 1.263636363636363669e+01
1.492929292929292995e+00 1.231313131313131315e+01
1.455050505050504928e+00 1.336363636363636331e+01
1.492929292929292995e+00 1.279797979797979934e+01
1.518181818181818077e+00 1.312121212121212110e+01
1.341414141414141392e+00 1.223232323232323182e+01
1.492929292929292995e+00 1.352525252525252597e+01
1.593939393939393989e+00 1.409090909090909172e+01
1.505555555555555536e+00 1.271717171717171802e+01
1.543434343434343603e+00 1.344444444444444464e+01
1.429797979797979846e+00 1.231313131313131315e+01
1.391919191919192000e+00 1.174747474747474740e+01
1.505555555555555536e+00 1.312121212121212110e+01
1.467676767676767691e+00 1.287878787878787890e+01
1.518181818181818077e+00 1.271717171717171802e+01
1.455050505050504928e+00 1.239393939393939448e+01
1.429797979797979846e+00 1.255555555555555536e+01
1.505555555555555536e+00 1.271717171717171802e+01
1.505555555555555536e+00 1.287878787878787890e+01
1.417171717171717304e+00 1.198989898989898961e+01
1.429797979797979846e+00 1.312121212121212110e+01
1.429797979797979846e+00 1.271717171717171802e+01
1.391919191919192000e+00 1.215151515151515227e+01
1.354040404040404155e+00 1.279797979797979934e+01
1.290909090909091006e+00 1.198989898989898961e+01
1.328787878787878851e+00 1.223232323232323182e+01
1.303535353535353547e+00 1.207070707070707094e+01
1.404545454545454541e+00 1.239393939393939448e+01
1.568686868686868685e+00 1.336363636363636331e+01
1.341414141414141392e+00 1.182828282828282873e+01
1.593939393939393989e+00 1.336363636363636331e+01
1.480303030303030454e+00 1.304040404040404155e+01
1.543434343434343603e+00 1.312121212121212110e+01
1.492929292929292995e+00 1.368686868686868685e+01
1.467676767676767691e+00 1.271717171717171802e+01
1.518181818181818077e+00 1.287878787878787890e+01
1.505555555555555536e+00 1.247474747474747403e+01
1.530808080808080840e+00 1.344444444444444464e+01
1.379292929292929237e+00 1.239393939393939448e+01
1.480303030303030454e+00 1.263636363636363669e+01
1.593939393939393989e+00 1.336363636363636331e+01
1.657070707070707138e+00 1.344444444444444464e+01
1.556060606060606144e+00 1.336363636363636331e+01
1.631818181818181834e+00 1.368686868686868685e+01
1.581313131313131226e+00 1.401010101010101039e+01
1.467676767676767691e+00 1.231313131313131315e+01
1.467676767676767691e+00 1.320202020202020243e+01
1.581313131313131226e+00 1.279797979797979934e+01
1.417171717171717304e+00 1.223232323232323182e+01
1.328787878787878851e+00 1.247474747474747403e+01
1.492929292929292995e+00 1.279797979797979934e+01
1.379292929292929237e+00 1.295959595959596022e+01
1.492929292929292995e+00 1.287878787878787890e+01
1.720202020202020288e+00 1.441414141414141525e+01
1.593939393939393989e+00 1.384848484848484773e+01
1.455050505050504928e+00 1.295959595959596022e+01
1.505555555555555536e+00 1.263636363636363669e+01
1.429797979797979846e+00 1.190909090909091006e+01
1.505555555555555536e+00 1.304040404040404155e+01
1.530808080808080840e+00 1.328282828282828376e+01
1.581313131313131226e+00 1.376767676767676818e+01
1.404545454545454541e+00 1.263636363636363669e+01
1.354040404040404155e+00 1.215151515151515227e+01
1.442424242424242387e+00 1.231313131313131315e+01
1.404545454545454541e+00 1.271717171717171802e+01
1.568686868686868685e+00 1.312121212121212110e+01
1.518181818181818077e+00 1.287878787878787890e+01
1.467676767676767691e+00 1.231313131313131315e+01
1.429797979797979846e+00 1.255555555555555536e+01
1.417171717171717304e+00 1.223232323232323182e+01
1.379292929292929237e+00 1.247474747474747403e+01
1.492929292929292995e+00 1.271717171717171802e+01
1.593939393939393989e+00 1.360606060606060552e+01
1.354040404040404155e+00 1.198989898989898961e+01
1.429797979797979846e+00 1.287878787878787890e+01
1.404545454545454541e+00 1.198989898989898961e+01
1.467676767676767691e+00 1.263636363636363669e+01
1.278282828282828243e+00 1.085858585858585812e+01
1.328787878787878851e+00 1.231313131313131315e+01
1.619191919191919293e+00 1.417171717171717304e+01
1.442424242424242387e+00 1.328282828282828376e+01
1.530808080808080840e+00 1.304040404040404155e+01
1.682323232323232443e+00 1.417171717171717304e+01
1.467676767676767691e+00 1.295959595959596022e+01
1.429797979797979846e+00 1.223232323232323182e+01
1.492929292929292995e+00 1.271717171717171802e+01
1.530808080808080840e+00 1.263636363636363669e+01
1.543434343434343603e+00 1.336363636363636331e+01
1.631818181818181834e+00 1.401010101010101039e+01
1.303535353535353547e+00 1.182828282828282873e+01
1.530808080808080840e+00 1.287878787878787890e+01
1.341414141414141392e+00 1.247474747474747403e+01
1.455050505050504928e+00 1.312121212121212110e+01
1.530808080808080840e+00 1.352525252525252597e+01
1.467676767676767691e+00 1.247474747474747403e+01
1.518181818181818077e+00 1.320202020202020243e+01
1.429797979797979846e+00 1.239393939393939448e+01
1.455050505050504928e+00 1.231313131313131315e+01
1.492929292929292995e+00 1.255555555555555536e+01
1.492929292929292995e+00 1.239393939393939448e+01
1.947474747474747581e+00 1.497979797979797922e+01
1.593939393939393989e+00 1.417171717171717304e+01
1.543434343434343603e+00 1.368686868686868685e+01
1.530808080808080840e+00 1.328282828282828376e+01
1.606565656565656752e+00 1.481818181818181834e+01
1.391919191919192000e+00 1.271717171717171802e+01
1.455050505050504928e+00 1.295959595959596022e+01
1.492929292929292995e+00 1.271717171717171802e+01
1.543434343434343603e+00 1.279797979797979934e+01
1.505555555555555536e+00 1.328282828282828376e+01
1.467676767676767691e+00 1.279797979797979934e+01
1.417171717171717304e+00 1.190909090909091006e+01
1.492929292929292995e+00 1.287878787878787890e+01
1.391919191919192000e+00 1.295959595959596022e+01
1.354040404040404155e+00 1.223232323232323182e+01
1.417171717171717304e+00 1.279797979797979934e+01
1.316161616161616088e+00 1.166666666666666785e+01
1.417171717171717304e+00 1.207070707070707094e+01
1.442424242424242387e+00 1.207070707070707094e+01
1.480303030303030454e+00 1.231313131313131315e+01
1.391919191919192000e+00 1.263636363636363669e+01
1.644444444444444375e+00 1.441414141414141525e+01
1.442424242424242387e+00 1.223232323232323182e+01
1.391919191919192000e+00 1.198989898989898961e+01
1.455050505050504928e+00 1.223232323232323182e+01
1.455050505050504928e+00 1.263636363636363669e+01
1.669696969696969902e+00 1.344444444444444464e+01
1.417171717171717304e+00 1.215151515151515227e+01
1.492929292929292995e+00 1.279797979797979934e+01
1.606565656565656752e+00 1.336363636363636331e+01
1.492929292929292995e+00 1.287878787878787890e+01
1.429797979797979846e+00 1.223232323232323182e+01
1.429797979797979846e+00 1.287878787878787890e+01
1.682323232323232443e+00 1.425252525252525260e+01
1.492929292929292995e+00 1.287878787878787890e+01
1.505555555555555536e+00 1.279797979797979934e+01
1.455050505050504928e+00 1.231313131313131315e+01
1.543434343434343603e+00 1.287878787878787890e+01
1.530808080808080840e+00 1.304040404040404155e+01
1.278282828282828243e+00 1.166666666666666785e+01
1.530808080808080840e+00 1.304040404040404155e+01
1.492929292929292995e+00 1.295959595959596022e+01
1.442424242424242387e+00 1.231313131313131315e+01
1.606565656565656752e+00 1.336363636363636331e+01
1.619191919191919293e+00 1.344444444444444464e+01
1.593939393939393989e+00 1.328282828282828376e+01
1.467676767676767691e+00 1.231313131313131315e+01
1.467676767676767691e+00 1.255555555555555536e+01
1.530808080808080840e+00 1.352525252525252597e+01
1.391919191919192000e+00 1.231313131313131315e+01
1.593939393939393989e+00 1.344444444444444464e+01
1.530808080808080840e+00 1.287878787878787890e+01
1.505555555555555536e+00 1.304040404040404155e+01
1.455050505050504928e+00 1.239393939393939448e+01
1.455050505050504928e+00 1.255555555555555536e+01
1.366666666666666696e+00 1.215151515151515227e+01
1.341414141414141392e+00 1.158585858585858652e+01
1.505555555555555536e+00 1.344444444444444464e+01
1.593939393939393989e+00 1.328282828282828376e+01
1.480303030303030454e+00 1.271717171717171802e+01
1.581313131313131226e+00 1.336363636363636331e+01
1.518181818181818077e+00 1.263636363636363669e+01
1.404545454545454541e+00 1.247474747474747403e+01
1.619191919191919293e+00 1.336363636363636331e+01
1.467676767676767691e+00 1.263636363636363669e+01
1.631818181818181834e+00 1.417171717171717304e+01
1.505555555555555536e+00 1.295959595959596022e+01
1.455050505050504928e+00 1.255555555555555536e+01
1.429797979797979846e+00 1.279797979797979934e+01
1.379292929292929237e+00 1.255555555555555536e+01
1.505555555555555536e+00 1.255555555555555536e+01
1.518181818181818077e+00 1.287878787878787890e+01
1.505555555555555536e+00 1.295959595959596022e+01
1.455050505050504928e+00 1.271717171717171802e+01
1.215151515151515094e+00 1.110101010101010033e+01
1.316161616161616088e+00 1.174747474747474740e+01
1.455050505050504928e+00 1.271717171717171802e+01
1.467676767676767691e+00 1.223232323232323182e+01
1.341414141414141392e+00 1.231313131313131315e+01
1.379292929292929237e+00 1.207070707070707094e+01
1.417171717171717304e+00 1.231313131313131315e+01
1.467676767676767691e+00 1.312121212121212110e+01
1.303535353535353547e+00 1.158585858585858652e+01
1.833838383838383823e+00 1.465656565656565746e+01
1.480303030303030454e+00 1.255555555555555536e+01
1.518181818181818077e+00 1.295959595959596022e+01
1.404545454545454541e+00 1.255555555555555536e+01
1.429797979797979846e+00 1.231313131313131315e+01
1.316161616161616088e+00 1.239393939393939448e+01
1.505555555555555536e+00 1.295959595959596022e+01
1.530808080808080840e+00 1.271717171717171802e+01
1.530808080808080840e+00 1.295959595959596022e+01
1.480303030303030454e+00 1.336363636363636331e+01
1.518181818181818077e+00 1.328282828282828376e+01
1.543434343434343603e+00 1.295959595959596022e+01
1.480303030303030454e+00 1.271717171717171802e+01
1.455050505050504928e+00 1.255555555555555536e+01
1.391919191919192000e+00 1.198989898989898961e+01
1.568686868686868685e+00 1.360606060606060552e+01
1.404545454545454541e+00 1.295959595959596022e+01
1.316161616161616088e+00 1.190909090909091006e+01
1.530808080808080840e+00 1.312121212121212110e+01
1.568686868686868685e+00 1.352525252525252597e+01
1.593939393939393989e+00 1.312121212121212110e+01
1.455050505050504928e+00 1.247474747474747403e+01
1.505555555555555536e+00 1.271717171717171802e+01
1.619191919191919293e+00 1.344444444444444464e+01
1.442424242424242387e+00 1.255555555555555536e+01
1.391919191919192000e+00 1.215151515151515227e+01
1.871717171717171890e+00 1.465656565656565746e+01
1.530808080808080840e+00 1.312121212121212110e+01
1.492929292929292995e+00 1.239393939393939448e+01
1.303535353535353547e+00 1.174747474747474740e+01
1.492929292929292995e+00 1.344444444444444464e+01
1.341414141414141392e+00 1.174747474747474740e+01
1.391919191919192000e+00 1.223232323232323182e+01
1.467676767676767691e+00 1.295959595959596022e+01
1.417171717171717304e+00 1.279797979797979934e+01
1.530808080808080840e+00 1.287878787878787890e+01
1.404545454545454541e+00 1.215151515151515227e+01
1.581313131313131226e+00 1.304040404040404155e+01
1.530808080808080840e+00 1.328282828282828376e+01
1.480303030303030454e+00 1.279797979797979934e+01
1.404545454545454541e+00 1.247474747474747403e+01
1.442424242424242387e+00 1.247474747474747403e+01
1.379292929292929237e+00 1.223232323232323182e+01
1.505555555555555536e+00 1.263636363636363669e+01
1.366666666666666696e+00 1.182828282828282873e+01
1.669696969696969902e+00 1.489898989898989967e+01
1.391919191919192000e+00 1.231313131313131315e+01
1.530808080808080840e+00 1.304040404040404155e+01
1.492929292929292995e+00 1.304040404040404155e+01
1.366666666666666696e+00 1.207070707070707094e+01
1.556060606060606144e+00 1.320202020202020243e+01
1.518181818181818077e+00 1.279797979797979934e+01
1.366666666666666696e+00 1.182828282828282873e+01
1.417171717171717304e+00 1.239393939393939448e+01
1.391919191919192000e+00 1.223232323232323182e+01
1.316161616161616088e+00 1.142424242424242387e+01
1.593939393939393989e+00 1.401010101010101039e+01
1.379292929292929237e+00 1.263636363636363669e+01
1.404545454545454541e+00 1.271717171717171802e+01
1.530808080808080840e+00 1.279797979797979934e+01
1.543434343434343603e+00 1.320202020202020243e+01
1.417171717171717304e+00 1.247474747474747403e+01
1.884343434343434431e+00 1.449494949494949481e+01
1.316161616161616088e+00 1.150505050505050519e+01
1.290909090909091006e+00 1.150505050505050519e+01
1.391919191919192000e+00 1.190909090909091006e+01
1.467676767676767691e+00 1.231313131313131315e+01
1.568686868686868685e+00 1.304040404040404155e+01
1.505555555555555536e+00 1.231313131313131315e+01
1.581313131313131226e+00 1.344444444444444464e+01
1.581313131313131226e+00 1.312121212121212110e+01
1.581313131313131226e+00 1.344444444444444464e+01
1.556060606060606144e+00 1.271717171717171802e+01
1.581313131313131226e+00 1.409090909090909172e+01
1.947474747474747581e+00 1.522222222222222143e+01
1.492929292929292995e+00 1.320202020202020243e+01
1.480303030303030454e+00 1.279797979797979934e+01
1.492929292929292995e+00 1.304040404040404155e+01
1.442424242424242387e+00 1.207070707070707094e+01
1.568686868686868685e+00 1.320202020202020243e+01
1.732828282828282829e+00 1.376767676767676818e+01
1.455050505050504928e+00 1.320202020202020243e+01
1.455050505050504928e+00 1.231313131313131315e+01
1.341414141414141392e+00 1.190909090909091006e+01
1.568686868686868685e+00 1.336363636363636331e+01
1.467676767676767691e+00 1.263636363636363669e+01
1.505555555555555536e+00 1.271717171717171802e+01
1.379292929292929237e+00 1.198989898989898961e+01
1.303535353535353547e+00 1.215151515151515227e+01
1.366666666666666696e+00 1.174747474747474740e+01
1.366666666666666696e+00 1.239393939393939448e+01
1.480303030303030454e+00 1.239393939393939448e+01
1.442424242424242387e+00 1.287878787878787890e+01
1.328787878787878851e+00 1.215151515151515227e+01
1.429797979797979846e+00 1.304040404040404155e+01
1.391919191919192000e+00 1.287878787878787890e+01
1.556060606060606144e+00 1.295959595959596022e+01
1.341414141414141392e+00 1.255555555555555536e+01
1.707575757575757525e+00 1.368686868686868685e+01
1.606565656565656752e+00 1.360606060606060552e+01
1.379292929292929237e+00 1.158585858585858652e+01
1.492929292929292995e+00 1.344444444444444464e+01
1.593939393939393989e+00 1.344444444444444464e+01
1.417171717171717304e+00 1.231313131313131315e+01
1.480303030303030454e+00 1.247474747474747403e+01
1.606565656565656752e+00 1.360606060606060552e+01
1.417171717171717304e+00 1.215151515151515227e+01
1.366666666666666696e+00 1.198989898989898961e+01
1.518181818181818077e+00 1.287878787878787890e+01
1.480303030303030454e+00 1.239393939393939448e+01
1.518181818181818077e+00 1.295959595959596022e+01
1.593939393939393989e+00 1.401010101010101039e+01
1.657070707070707138e+00 1.441414141414141525e+01
1.455050505050504928e+00 1.231313131313131315e+01
1.316161616161616088e+00 1.190909090909091006e+01
1.429797979797979846e+00 1.239393939393939448e+01
1.417171717171717304e+00 1.263636363636363669e+01
1.429797979797979846e+00 1.231313131313131315e+01
1.417171717171717304e+00 1.215151515151515227e+01
1.265656565656565702e+00 1.231313131313131315e+01
1.593939393939393989e+00 1.344444444444444464e+01
1.290909090909091006e+00 1.134343434343434254e+01
1.290909090909091006e+00 1.150505050505050519e+01
1.467676767676767691e+00 1.263636363636363669e+01
1.480303030303030454e+00 1.360606060606060552e+01
1.417171717171717304e+00 1.255555555555555536e+01
1.404545454545454541e+00 1.271717171717171802e+01
1.518181818181818077e+00 1.287878787878787890e+01
1.644444444444444375e+00 1.352525252525252597e+01
1.467676767676767691e+00 1.247474747474747403e+01
1.404545454545454541e+00 1.271717171717171802e+01
1.669696969696969902e+00 1.465656565656565746e+01
1.505555555555555536e+00 1.344444444444444464e+01
1.568686868686868685e+00 1.376767676767676818e+01
1.379292929292929237e+00 1.223232323232323182e+01
1.366666666666666696e+00 1.255555555555555536e+01
1.442424242424242387e+00 1.255555555555555536e+01
1.480303030303030454e+00 1.263636363636363669e+01
1.429797979797979846e+00 1.263636363636363669e+01
1.341414141414141392e+00 1.207070707070707094e+01
1.530808080808080840e+00 1.384848484848484773e+01
1.492929292929292995e+00 1.279797979797979934e+01
1.316161616161616088e+00 1.174747474747474740e+01
1.530808080808080840e+00 1.304040404040404155e+01
1.391919191919192000e+00 1.215151515151515227e+01
1.480303030303030454e+00 1.231313131313131315e+01
1.391919191919192000e+00 1.271717171717171802e+01
1.492929292929292995e+00 1.279797979797979934e+01
1.316161616161616088e+00 1.029292929292929237e+01
1.518181818181818077e+00 1.295959595959596022e+01
1.442424242424242387e+00 1.255555555555555536e+01
1.467676767676767691e+00 1.255555555555555536e+01
1.543434343434343603e+00 1.271717171717171802e+01
1.442424242424242387e+00 1.336363636363636331e+01
1.682323232323232443e+00 1.409090909090909172e+01
1.354040404040404155e+00 1.190909090909091006e+01
1.480303030303030454e+00 1.247474747474747403e+01
1.404545454545454541e+00 1.279797979797979934e+01
1.341414141414141392e+00 1.263636363636363669e+01
1.341414141414141392e+00 1.182828282828282873e+01
1.442424242424242387e+00 1.223232323232323182e+01
1.530808080808080840e+00 1.271717171717171802e+01
1.429797979797979846e+00 1.255555555555555536e+01
1.429797979797979846e+00 1.255555555555555536e+01
1.354040404040404155e+00 1.239393939393939448e+01
1.417171717171717304e+00 1.255555555555555536e+01
1.669696969696969902e+00 1.489898989898989967e+01
1.530808080808080840e+00 1.312121212121212110e+01
1.619191919191919293e+00 1.360606060606060552e+01
1.328787878787878851e+00 1.166666666666666785e+01
1.644444444444444375e+00 1.392929292929293084e+01
1.417171717171717304e+00 1.190909090909091006e+01
1.404545454545454541e+00 1.247474747474747403e+01
1.492929292929292995e+00 1.239393939393939448e+01
1.429797979797979846e+00 1.223232323232323182e+01
1.581313131313131226e+00 1.360606060606060552e+01
1.505555555555555536e+00 1.263636363636363669e+01
1.518181818181818077e+00 1.304040404040404155e+01
1.492929292929292995e+00 1.295959595959596022e+01
1.429797979797979846e+00 1.215151515151515227e+01
1.404545454545454541e+00 1.223232323232323182e+01
1.492929292929292995e+00 1.295959595959596022e+01
1.429797979797979846e+00 1.304040404040404155e+01
1.606565656565656752e+00 1.231313131313131315e+01
1.694949494949494984e+00 1.409090909090909172e+01
1.720202020202020288e+00 1.497979797979797922e+01
1.518181818181818077e+00 1.320202020202020243e+01
1.530808080808080840e+00 1.376767676767676818e+01
1.215151515151515094e+00 1.190909090909091006e+01
1.467676767676767691e+00 1.255555555555555536e+01
1.391919191919192000e+00 1.231313131313131315e+01
1.518181818181818077e+00 1.255555555555555536e+01
1.442424242424242387e+00 1.255555555555555536e+01
1.518181818181818077e+00 1.279797979797979934e+01
1.505555555555555536e+00 1.255555555555555536e+01
1.455050505050504928e+00 1.207070707070707094e+01
1.530808080808080840e+00 1.295959595959596022e+01
1.530808080808080840e+00 1.295959595959596022e+01
1.429797979797979846e+00 1.295959595959596022e+01
1.505555555555555536e+00 1.255555555555555536e+01
1.442424242424242387e+00 1.223232323232323182e+01
1.467676767676767691e+00 1.239393939393939448e+01
1.455050505050504928e+00 1.231313131313131315e+01
1.581313131313131226e+00 1.376767676767676818e+01
1.518181818181818077e+00 1.271717171717171802e+01
1.417171717171717304e+00 1.215151515151515227e+01
1.467676767676767691e+00 1.231313131313131315e+01
1.505555555555555536e+00 1.304040404040404155e+01
1.606565656565656752e+00 1.392929292929293084e+01
1.429797979797979846e+00 1.271717171717171802e+01
1.606565656565656752e+00 1.376767676767676818e+01
1.606565656565656752e+00 1.384848484848484773e+01
1.593939393939393989e+00 1.352525252525252597e+01
1.429797979797979846e+00 1.295959595959596022e+01
1.694949494949494984e+00 1.376767676767676818e+01
1.657070707070707138e+00 1.384848484848484773e+01
1.442424242424242387e+00 1.263636363636363669e+01
1.518181818181818077e+00 1.287878787878787890e+01
1.505555555555555536e+00 1.255555555555555536e+01
1.404545454545454541e+00 1.223232323232323182e+01
1.379292929292929237e+00 1.215151515151515227e+01
1.265656565656565702e+00 1.239393939393939448e+01
1.341414141414141392e+00 1.198989898989898961e+01
1.492929292929292995e+00 1.287878787878787890e+01
1.770707070707070674e+00 1.425252525252525260e+01
1.669696969696969902e+00 1.457575757575757613e+01
1.530808080808080840e+00 1.295959595959596022e+01
1.556060606060606144e+00 1.328282828282828376e+01
1.455050505050504928e+00 1.279797979797979934e+01
1.467676767676767691e+00 1.263636363636363669e+01
1.366666666666666696e+00 1.207070707070707094e+01
1.391919191919192000e+00 1.231313131313131315e+01
1.480303030303030454e+00 1.255555555555555536e+01
1.442424242424242387e+00 1.215151515151515227e+01
1.505555555555555536e+00 1.287878787878787890e+01
1.442424242424242387e+00 1.215151515151515227e+01
1.530808080808080840e+00 1.352525252525252597e+01
1.442424242424242387e+00 1.312121212121212110e+01
1.467676767676767691e+00 1.255555555555555536e+01
1.505555555555555536e+00 1.328282828282828376e+01
1.480303030303030454e+00 1.239393939393939448e+01
1.442424242424242387e+00 1.295959595959596022e+01
1.290909090909091006e+00 1.182828282828282873e+01
1.795959595959595978e+00 1.384848484848484773e+01
1.455050505050504928e+00 1.239393939393939448e+01
1.354040404040404155e+00 1.166666666666666785e+01
1.429797979797979846e+00 1.239393939393939448e+01
1.379292929292929237e+00 1.198989898989898961e+01
1.429797979797979846e+00 1.215151515151515227e+01
1.328787878787878851e+00 1.190909090909091006e+01
1.505555555555555536e+00 1.287878787878787890e+01
1.316161616161616088e+00 1.166666666666666785e+01
1.492929292929292995e+00 1.263636363636363669e+01
1.568686868686868685e+00 1.336363636363636331e+01
1.202525252525252553e+00 1.150505050505050519e+01
1.492929292929292995e+00 1.304040404040404155e+01
1.429797979797979846e+00 1.239393939393939448e+01
1.429797979797979846e+00 1.207070707070707094e+01
1.467676767676767691e+00 1.239393939393939448e+01
1.455050505050504928e+00 1.231313131313131315e+01
1.455050505050504928e+00 1.239393939393939448e+01
1.530808080808080840e+00 1.328282828282828376e+01
1.619191919191919293e+00 1.360606060606060552e+01
1.442424242424242387e+00 1.255555555555555536e+01
1.391919191919192000e+00 1.207070707070707094e+01
1.391919191919192000e+00 1.295959595959596022e+01
1.404545454545454541e+00 1.247474747474747403e+01
1.467676767676767691e+00 1.287878787878787890e+01
1.316161616161616088e+00 1.182828282828282873e+01
1.530808080808080840e+00 1.279797979797979934e+01
1.429797979797979846e+00 1.215151515151515227e+01
1.455050505050504928e+00 1.247474747474747403e+01
1.417171717171717304e+00 1.295959595959596022e+01
1.379292929292929237e+00 1.207070707070707094e+01
1.783333333333333437e+00 1.522222222222222143e+01
1.379292929292929237e+00 1.239393939393939448e+01
1.379292929292929237e+00 1.239393939393939448e+01
1.480303030303030454e+00 1.271717171717171802e+01
1.455050505050504928e+00 1.215151515151515227e+01
1.556060606060606144e+00 1.312121212121212110e+01
1.518181818181818077e+00 1.320202020202020243e+01
1.379292929292929237e+00 1.215151515151515227e+01
1.480303030303030454e+00 1.271717171717171802e+01
1.417171717171717304e+00 1.279797979797979934e+01
1.518181818181818077e+00 1.295959595959596022e+01
1.467676767676767691e+00 1.223232323232323182e+01
1.442424242424242387e+00 1.263636363636363669e+01
1.417171717171717304e+00 1.207070707070707094e+01
1.492929292929292995e+00 1.279797979797979934e+01
1.467676767676767691e+00 1.263636363636363669e+01
1.429797979797979846e+00 1.295959595959596022e+01
1.505555555555555536e+00 1.304040404040404155e+01
1.303535353535353547e+00 1.182828282828282873e+01
1.556060606060606144e+00 1.328282828282828376e+01
1.455050505050504928e+00 1.223232323232323182e+01
1.354040404040404155e+00 1.198989898989898961e+01
1.391919191919192000e+00 1.263636363636363669e+01
1.455050505050504928e+00 1.247474747474747403e+01
1.505555555555555536e+00 1.287878787878787890e+01
1.391919191919192000e+00 1.158585858585858652e+01
1.455050505050504928e+00 1.255555555555555536e+01
1.568686868686868685e+00 1.287878787878787890e+01
1.442424242424242387e+00 1.223232323232323182e+01
1.366666666666666696e+00 1.158585858585858652e+01
1.442424242424242387e+00 1.255555555555555536e+01
1.417171717171717304e+00 1.255555555555555536e+01
1.417171717171717304e+00 1.223232323232323182e+01
1.429797979797979846e+00 1.215151515151515227e+01
1.530808080808080840e+00 1.312121212121212110e+01
1.543434343434343603e+00 1.320202020202020243e+01
1.391919191919192000e+00 1.198989898989898961e+01
1.492929292929292995e+00 1.263636363636363669e+01
1.543434343434343603e+00 1.287878787878787890e+01
1.404545454545454541e+00 1.223232323232323182e+01
1.518181818181818077e+00 1.304040404040404155e+01
1.657070707070707138e+00 1.336363636363636331e+01
1.492929292929292995e+00 1.295959595959596022e+01
1.657070707070707138e+00 1.376767676767676818e+01
1.492929292929292995e+00 1.255555555555555536e+01
1.442424242424242387e+00 1.271717171717171802e+01
1.568686868686868685e+00 1.263636363636363669e+01
1.568686868686868685e+00 1.328282828282828376e+01
1.316161616161616088e+00 1.239393939393939448e+01
1.417171717171717304e+00 1.287878787878787890e+01
1.354040404040404155e+00 1.150505050505050519e+01
1.480303030303030454e+00 1.295959595959596022e+01
1.455050505050504928e+00 1.263636363636363669e+01
1.556060606060606144e+00 1.320202020202020243e+01
1.467676767676767691e+00 1.239393939393939448e+01
1.530808080808080840e+00 1.328282828282828376e+01
1.530808080808080840e+00 1.304040404040404155e+01
1.480303030303030454e+00 1.279797979797979934e+01
1.492929292929292995e+00 1.320202020202020243e+01
1.795959595959595978e+00 1.077777777777777857e+01
1.530808080808080840e+00 1.279797979797979934e+01
1.429797979797979846e+00 1.215151515151515227e+01
1.202525252525252553e+00 1.150505050505050519e+01
1.631818181818181834e+00 1.360606060606060552e+01
1.391919191919192000e+00 1.231313131313131315e+01
1.442424242424242387e+00 1.320202020202020243e+01
1.543434343434343603e+00 1.401010101010101039e+01
1.417171717171717304e+00 1.271717171717171802e+01
1.530808080808080840e+00 1.279797979797979934e+01
1.492929292929292995e+00 1.263636363636363669e+01
1.442424242424242387e+00 1.304040404040404155e+01
1.429797979797979846e+00 1.255555555555555536e+01
1.455050505050504928e+00 1.279797979797979934e+01
1.480303030303030454e+00 1.247474747474747403e+01
1.442424242424242387e+00 1.287878787878787890e+01
1.518181818181818077e+00 1.271717171717171802e+01
1.290909090909091006e+00 1.142424242424242387e+01
1.391919191919192000e+00 1.279797979797979934e+01
1.619191919191919293e+00 1.368686868686868685e+01
1.568686868686868685e+00 1.328282828282828376e+01
1.480303030303030454e+00 1.312121212121212110e+01
1.366666666666666696e+00 1.239393939393939448e+01
1.455050505050504928e+00 1.263636363636363669e+01
1.518181818181818077e+00 1.271717171717171802e+01
1.253030303030302939e+00 1.126262626262626299e+01
1.139393939393939403e+00 1.530303030303030454e+01
1.505555555555555536e+00 1.263636363636363669e+01
1.429797979797979846e+00 1.223232323232323182e+01
1.530808080808080840e+00 1.304040404040404155e+01
1.467676767676767691e+00 1.223232323232323182e+01
1.556060606060606144e+00 1.328282828282828376e+01
1.467676767676767691e+00 1.279797979797979934e+01
1.505555555555555536e+00 1.271717171717171802e+01
1.505555555555555536e+00 1.271717171717171802e+01
1.480303030303030454e+00 1.263636363636363669e+01
1.568686868686868685e+00 1.344444444444444464e+01
1.404545454545454541e+00 1.239393939393939448e+01
1.543434343434343603e+00 1.312121212121212110e+01
1.303535353535353547e+00 1.174747474747474740e+01
1.581313131313131226e+00 1.344444444444444464e+01
1.417171717171717304e+00 1.174747474747474740e+01
1.404545454545454541e+00 1.215151515151515227e+01
1.467676767676767691e+00 1.271717171717171802e+01
1.505555555555555536e+00 1.295959595959596022e+01
1.492929292929292995e+00 1.352525252525252597e+01
1.467676767676767691e+00 1.239393939393939448e+01
1.505555555555555536e+00 1.263636363636363669e+01
1.619191919191919293e+00 1.392929292929293084e+01
1.417171717171717304e+00 1.207070707070707094e+01
1.530808080808080840e+00 1.295959595959596022e+01
1.480303030303030454e+00 1.247474747474747403e+01
1.505555555555555536e+00 1.239393939393939448e+01
1.581313131313131226e+00 1.304040404040404155e+01
1.543434343434343603e+00 1.304040404040404155e+01
1.455050505050504928e+00 1.287878787878787890e+01
1.581313131313131226e+00 1.320202020202020243e+01
1.417171717171717304e+00 1.247474747474747403e+01
1.391919191919192000e+00 1.198989898989898961e+01
1.442424242424242387e+00 1.215151515151515227e+01
1.303535353535353547e+00 1.223232323232323182e+01
1.467676767676767691e+00 1.263636363636363669e+01
1.518181818181818077e+00 1.320202020202020243e+01
1.530808080808080840e+00 1.263636363636363669e+01
1.543434343434343603e+00 1.368686868686868685e+01
1.328787878787878851e+00 1.255555555555555536e+01
1.379292929292929237e+00 1.207070707070707094e+01
1.417171717171717304e+00 1.271717171717171802e+01
1.467676767676767691e+00 1.304040404040404155e+01
1.303535353535353547e+00 1.198989898989898961e+01
1.265656565656565702e+00 1.126262626262626299e+01
1.417171717171717304e+00 1.247474747474747403e+01
1.581313131313131226e+00 1.336363636363636331e+01
1.391919191919192000e+00 1.207070707070707094e+01
1.455050505050504928e+00 1.304040404040404155e+01
1.505555555555555536e+00 1.263636363636363669e+01
1.505555555555555536e+00 1.271717171717171802e+01
1.417171717171717304e+00 1.239393939393939448e+01
1.391919191919192000e+00 1.489898989898989967e+01
1.429797979797979846e+00 1.198989898989898961e+01
1.442424242424242387e+00 1.263636363636363669e+01
1.619191919191919293e+00 1.320202020202020243e+01
1.492929292929292995e+00 1.279797979797979934e+01
1.417171717171717304e+00 1.198989898989898961e+01
1.354040404040404155e+00 1.247474747474747403e+01
1.455050505050504928e+00 1.320202020202020243e+01
1.505555555555555536e+00 1.263636363636363669e+01
1.492929292929292995e+00 1.279797979797979934e+01
1.682323232323232443e+00 1.368686868686868685e+01
1.657070707070707138e+00 1.449494949494949481e+01
1.442424242424242387e+00 1.239393939393939448e+01
1.366666666666666696e+00 1.215151515151515227e+01
1.581313131313131226e+00 1.312121212121212110e+01
1.518181818181818077e+00 1.344444444444444464e+01
1.417171717171717304e+00 1.239393939393939448e+01
1.366666666666666696e+00 1.166666666666666785e+01
1.354040404040404155e+00 1.198989898989898961e+01
1.366666666666666696e+00 1.215151515151515227e+01
1.467676767676767691e+00 1.239393939393939448e+01
1.568686868686868685e+00 1.376767676767676818e+01
1.556060606060606144e+00 1.320202020202020243e+01
1.682323232323232443e+00 1.425252525252525260e+01
1.467676767676767691e+00 1.287878787878787890e+01
1.442424242424242387e+00 1.263636363636363669e+01
1.417171717171717304e+00 1.223232323232323182e+01
1.442424242424242387e+00 1.287878787878787890e+01
1.543434343434343603e+00 1.336363636363636331e+01
1.556060606060606144e+00 1.312121212121212110e+01
1.556060606060606144e+00 1.320202020202020243e+01
1.657070707070707138e+00 1.368686868686868685e+01
1.543434343434343603e+00 1.295959595959596022e+01
1.707575757575757525e+00 1.392929292929293084e+01
1.366666666666666696e+00 1.231313131313131315e+01
1.455050505050504928e+00 1.263636363636363669e+01
1.581313131313131226e+00 1.360606060606060552e+01
1.442424242424242387e+00 1.198989898989898961e+01
1.429797979797979846e+00 1.223232323232323182e+01
1.568686868686868685e+00 1.328282828282828376e+01
1.530808080808080840e+00 1.263636363636363669e+01
1.732828282828282829e+00 1.449494949494949481e+01
1.404545454545454541e+00 1.279797979797979934e+01
1.657070707070707138e+00 1.425252525252525260e+01
1.429797979797979846e+00 1.231313131313131315e+01
1.505555555555555536e+00 1.344444444444444464e+01
1.568686868686868685e+00 1.328282828282828376e+01
1.303535353535353547e+00 1.190909090909091006e+01
1.619191919191919293e+00 1.409090909090909172e+01
1.442424242424242387e+00 1.223232323232323182e+01
1.644444444444444375e+00 1.336363636363636331e+01
1.379292929292929237e+00 1.247474747474747403e+01
1.455050505050504928e+00 1.247474747474747403e+01
1.606565656565656752e+00 1.409090909090909172e+01
1.846464646464646364e+00 1.441414141414141525e+01
1.467676767676767691e+00 1.271717171717171802e+01
1.518181818181818077e+00 1.304040404040404155e+01
1.366666666666666696e+00 1.255555555555555536e+01
1.404545454545454541e+00 1.207070707070707094e+01
1.455050505050504928e+00 1.239393939393939448e+01
1.442424242424242387e+00 1.207070707070707094e+01
1.354040404040404155e+00 1.279797979797979934e+01
1.492929292929292995e+00 1.336363636363636331e+01
1.492929292929292995e+00 1.239393939393939448e+01
1.530808080808080840e+00 1.304040404040404155e+01
1.379292929292929237e+00 1.207070707070707094e+01
1.518181818181818077e+00 1.304040404040404155e+01
1.391919191919192000e+00 1.287878787878787890e+01
1.543434343434343603e+00 1.328282828282828376e+01
1.417171717171717304e+00 1.255555555555555536e+01
1.581313131313131226e+00 1.312121212121212110e+01
1.391919191919192000e+00 1.304040404040404155e+01
1.467676767676767691e+00 1.223232323232323182e+01
1.492929292929292995e+00 1.247474747474747403e+01
1.442424242424242387e+00 1.239393939393939448e+01
1.480303030303030454e+00 1.255555555555555536e+01
1.467676767676767691e+00 1.247474747474747403e+01
1.467676767676767691e+00 1.247474747474747403e+01
1.391919191919192000e+00 1.247474747474747403e+01
1.417171717171717304e+00 1.215151515151515227e+01
1.442424242424242387e+00 1.336363636363636331e+01
1.543434343434343603e+00 1.320202020202020243e+01
1.366666666666666696e+00 1.247474747474747403e+01
1.417171717171717304e+00 1.231313131313131315e+01
1.556060606060606144e+00 1.320202020202020243e+01
1.593939393939393989e+00 1.344444444444444464e+01
1.631818181818181834e+00 1.409090909090909172e+01
1.492929292929292995e+00 1.255555555555555536e+01
1.328787878787878851e+00 1.247474747474747403e+01
1.505555555555555536e+00 1.287878787878787890e+01
1.391919191919192000e+00 1.207070707070707094e+01
1.568686868686868685e+00 1.328282828282828376e+01
1.543434343434343603e+00 1.295959595959596022e+01
1.455050505050504928e+00 1.263636363636363669e+01
1.455050505050504928e+00 1.279797979797979934e+01
1.631818181818181834e+00 1.328282828282828376e+01
1.543434343434343603e+00 1.352525252525252597e+01
1.328787878787878851e+00 1.255555555555555536e+01
1.391919191919192000e+00 1.247474747474747403e+01
1.417171717171717304e+00 1.263636363636363669e+01
1.530808080808080840e+00 1.344444444444444464e+01
1.366666666666666696e+00 1.223232323232323182e+01
1.290909090909091006e+00 1.263636363636363669e+01
1.455050505050504928e+00 1.207070707070707094e+01
1.442424242424242387e+00 1.287878787878787890e+01
1.467676767676767691e+00 1.231313131313131315e+01
1.467676767676767691e+00 1.247474747474747403e+01
1.404545454545454541e+00 1.271717171717171802e+01
1.429797979797979846e+00 1.215151515151515227e+01
1.505555555555555536e+00 1.279797979797979934e+01
1.354040404040404155e+00 1.239393939393939448e+01
1.644444444444444375e+00 1.384848484848484773e+01
1.505555555555555536e+00 1.279797979797979934e+01
1.556060606060606144e+00 1.328282828282828376e+01
1.593939393939393989e+00 1.295959595959596022e+01
1.480303030303030454e+00 1.239393939393939448e+01
1.480303030303030454e+00 1.239393939393939448e+01
1.429797979797979846e+00 1.223232323232323182e+01
1.429797979797979846e+00 1.247474747474747403e+01
1.417171717171717304e+00 1.223232323232323182e+01
1.480303030303030454e+00 1.295959595959596022e+01
1.442424242424242387e+00 1.231313131313131315e+01
1.442424242424242387e+00 1.312121212121212110e+01
1.543434343434343603e+00 1.271717171717171802e+01
1.480303030303030454e+00 1.312121212121212110e+01
1.543434343434343603e+00 1.279797979797979934e+01
1.909595959595959513e+00 1.522222222222222143e+01
1.543434343434343603e+00 1.336363636363636331e+01
1.391919191919192000e+00 1.279797979797979934e+01
1.455050505050504928e+00 1.207070707070707094e+01
1.795959595959595978e+00 1.441414141414141525e+01
1.581313131313131226e+00 1.352525252525252597e+01
1.391919191919192000e+00 1.239393939393939448e+01
1.442424242424242387e+00 1.271717171717171802e+01
1.606565656565656752e+00 1.344444444444444464e+01
1.328787878787878851e+00 1.207070707070707094e+01
1.442424242424242387e+00 1.255555555555555536e+01
1.404545454545454541e+00 1.198989898989898961e+01
1.505555555555555536e+00 1.255555555555555536e+01
1.429797979797979846e+00 1.223232323232323182e+01
1.492929292929292995e+00 1.255555555555555536e+01
1.492929292929292995e+00 1.312121212121212110e+01
1.265656565656565702e+00 1.166666666666666785e+01
1.467676767676767691e+00 1.295959595959596022e+01
1.492929292929292995e+00 1.263636363636363669e+01
1.644444444444444375e+00 1.336363636363636331e+01
1.379292929292929237e+00 1.231313131313131315e+01
1.341414141414141392e+00 1.247474747474747403e+01
1.631818181818181834e+00 1.304040404040404155e+01
1.391919191919192000e+00 1.328282828282828376e+01
1.417171717171717304e+00 1.198989898989898961e+01
1.354040404040404155e+00 1.239393939393939448e+01
1.997979797979797967e+00 1.530303030303030454e+01
1.467676767676767691e+00 1.384848484848484773e+01
1.455050505050504928e+00 1.336363636363636331e+01
1.429797979797979846e+00 1.287878787878787890e+01
1.530808080808080840e+00 1.376767676767676818e+01
1.455050505050504928e+00 1.239393939393939448e+01
1.379292929292929237e+00 1.223232323232323182e+01
1.316161616161616088e+00 1.166666666666666785e+01
1.442424242424242387e+00 1.271717171717171802e+01
1.505555555555555536e+00 1.295959595959596022e+01
1.669696969696969902e+00 1.328282828282828376e+01
1.530808080808080840e+00 1.312121212121212110e+01
1.467676767676767691e+00 1.255555555555555536e+01
1.354040404040404155e+00 1.336363636363636331e+01
1.568686868686868685e+00 1.320202020202020243e+01
1.543434343434343603e+00 1.312121212121212110e+01
1.253030303030302939e+00 1.126262626262626299e+01
1.442424242424242387e+00 1.207070707070707094e+01
1.455050505050504928e+00 1.304040404040404155e+01
1.518181818181818077e+00 1.360606060606060552e+01
1.455050505050504928e+00 1.271717171717171802e+01
1.556060606060606144e+00 1.312121212121212110e+01
1.530808080808080840e+00 1.320202020202020243e+01
1.619191919191919293e+00 1.344444444444444464e+01
1.783333333333333437e+00 1.562626262626262630e+01
1.556060606060606144e+00 1.287878787878787890e+01
1.442424242424242387e+00 1.215151515151515227e+01
1.808585858585858741e+00 1.497979797979797922e+01
1.568686868686868685e+00 1.312121212121212110e+01
1.492929292929292995e+00 1.336363636363636331e+01
1.366666666666666696e+00 1.174747474747474740e+01
1.518181818181818077e+00 1.352525252525252597e+01
1.606565656565656752e+00 1.368686868686868685e+01
1.492929292929292995e+00 1.279797979797979934e+01
1.379292929292929237e+00 1.223232323232323182e+01
1.417171717171717304e+00 1.279797979797979934e+01
1.467676767676767691e+00 1.304040404040404155e+01
1.682323232323232443e+00 1.368686868686868685e+01
1.593939393939393989e+00 1.336363636363636331e+01
1.568686868686868685e+00 1.320202020202020243e+01
1.328787878787878851e+00 1.198989898989898961e+01
1.821212121212121282e+00 1.489898989898989967e+01
1.480303030303030454e+00 1.239393939393939448e+01
1.467676767676767691e+00 1.223232323232323182e+01
1.290909090909091006e+00 1.247474747474747403e+01
1.530808080808080840e+00 1.368686868686868685e+01
1.391919191919192000e+00 1.190909090909091006e+01
1.278282828282828243e+00 1.126262626262626299e+01
1.417171717171717304e+00 1.304040404040404155e+01
1.316161616161616088e+00 1.166666666666666785e+01
1.568686868686868685e+00 1.352525252525252597e+01
1.202525252525252553e+00 1.174747474747474740e+01
1.467676767676767691e+00 1.263636363636363669e+01
1.568686868686868685e+00 1.360606060606060552e+01
1.480303030303030454e+00 1.287878787878787890e+01
1.379292929292929237e+00 1.215151515151515227e+01
1.492929292929292995e+00 1.247474747474747403e+01
1.492929292929292995e+00 1.279797979797979934e+01
1.379292929292929237e+00 1.190909090909091006e+01
1.455050505050504928e+00 1.215151515151515227e+01
1.593939393939393989e+00 1.287878787878787890e+01
1.429797979797979846e+00 1.247474747474747403e+01
1.429797979797979846e+00 1.231313131313131315e+01
1.379292929292929237e+00 1.247474747474747403e+01
1.366666666666666696e+00 1.182828282828282873e+01
1.480303030303030454e+00 1.279797979797979934e+01
1.581313131313131226e+00 1.328282828282828376e+01
1.492929292929292995e+00 1.312121212121212110e+01
1.417171717171717304e+00 1.223232323232323182e+01
1.492929292929292995e+00 1.263636363636363669e+01
1.505555555555555536e+00 1.304040404040404155e+01
1.543434343434343603e+00 1.295959595959596022e+01
1.657070707070707138e+00 1.344444444444444464e+01
1.404545454545454541e+00 1.198989898989898961e+01
1.619191919191919293e+00 1.417171717171717304e+01
1.530808080808080840e+00 1.287878787878787890e+01
1.467676767676767691e+00 1.239393939393939448e+01
1.619191919191919293e+00 1.344444444444444464e+01
1.707575757575757525e+00 1.433333333333333393e+01
1.492929292929292995e+00 1.255555555555555536e+01
1.341414141414141392e+00 1.223232323232323182e+01
1.391919191919192000e+00 1.198989898989898961e+01
1.379292929292929237e+00 1.223232323232323182e+01
1.404545454545454541e+00 1.223232323232323182e+01
1.556060606060606144e+00 1.312121212121212110e+01
1.391919191919192000e+00 1.263636363636363669e+01
1.404545454545454541e+00 1.271717171717171802e+01
1.417171717171717304e+00 1.271717171717171802e+01
1.480303030303030454e+00 1.271717171717171802e+01
1.404545454545454541e+00 1.352525252525252597e+01
1.467676767676767691e+00 1.255555555555555536e+01
1.442424242424242387e+00 1.304040404040404155e+01
1.442424242424242387e+00 1.223232323232323182e+01
1.480303030303030454e+00 1.295959595959596022e+01
1.518181818181818077e+00 1.304040404040404155e+01
1.530808080808080840e+00 1.295959595959596022e+01
1.492929292929292995e+00 1.263636363636363669e+01
1.303535353535353547e+00 1.207070707070707094e+01
1.568686868686868685e+00 1.376767676767676818e+01
1.631818181818181834e+00 1.344444444444444464e+01
1.593939393939393989e+00 1.320202020202020243e+01
1.290909090909091006e+00 1.037373737373737370e+01
1.467676767676767691e+00 1.271717171717171802e+01
1.404545454545454541e+00 1.239393939393939448e+01
1.341414141414141392e+00 1.231313131313131315e+01
1.429797979797979846e+00 1.223232323232323182e+01
1.644444444444444375e+00 1.417171717171717304e+01
1.391919191919192000e+00 1.263636363636363669e+01
1.505555555555555536e+00 1.263636363636363669e+01
1.429797979797979846e+00 1.247474747474747403e+01
1.442424242424242387e+00 1.231313131313131315e+01
1.442424242424242387e+00 1.239393939393939448e+01
1.543434343434343603e+00 1.271717171717171802e+01
1.366666666666666696e+00 1.182828282828282873e+01
1.492929292929292995e+00 1.279797979797979934e+01
1.354040404040404155e+00 1.215151515151515227e+01
1.417171717171717304e+00 1.239393939393939448e+01
1.606565656565656752e+00 1.376767676767676818e+01
1.581313131313131226e+00 1.344444444444444464e+01
1.455050505050504928e+00 1.247474747474747403e+01
1.215151515151515094e+00 1.134343434343434254e+01
1.657070707070707138e+00 1.384848484848484773e+01
1.467676767676767691e+00 1.239393939393939448e+01
1.366666666666666696e+00 1.166666666666666785e+01
1.556060606060606144e+00 1.368686868686868685e+01
1.467676767676767691e+00 1.304040404040404155e+01
1.581313131313131226e+00 1.368686868686868685e+01
1.530808080808080840e+00 1.312121212121212110e+01
1.391919191919192000e+00 1.271717171717171802e+01
1.631818181818181834e+00 1.336363636363636331e+01
1.455050505050504928e+00 1.223232323232323182e+01
1.492929292929292995e+00 1.263636363636363669e+01
1.366666666666666696e+00 1.263636363636363669e+01
1.492929292929292995e+00 1.231313131313131315e+01
1.518181818181818077e+00 1.247474747474747403e+01
1.480303030303030454e+00 1.223232323232323182e+01
1.518181818181818077e+00 1.271717171717171802e+01
1.391919191919192000e+00 1.223232323232323182e+01
1.606565656565656752e+00 1.360606060606060552e+01
1.379292929292929237e+00 1.287878787878787890e+01
1.833838383838383823e+00 1.433333333333333393e+01
1.379292929292929237e+00 1.207070707070707094e+01
1.429797979797979846e+00 1.328282828282828376e+01
1.467676767676767691e+00 1.320202020202020243e+01
1.505555555555555536e+00 1.295959595959596022e+01
1.404545454545454541e+00 1.223232323232323182e+01
1.871717171717171890e+00 1.506060606060606233e+01
1.467676767676767691e+00 1.279797979797979934e+01
1.341414141414141392e+00 1.223232323232323182e+01
1.429797979797979846e+00 1.271717171717171802e+01
1.480303030303030454e+00 1.255555555555555536e+01
1.417171717171717304e+00 1.271717171717171802e+01
1.631818181818181834e+00 1.352525252525252597e+01
1.694949494949494984e+00 1.433333333333333393e+01
1.492929292929292995e+00 1.279797979797979934e+01
1.442424242424242387e+00 1.223232323232323182e+01
1.530808080808080840e+00 1.279797979797979934e+01
1.556060606060606144e+00 1.328282828282828376e+01
1.492929292929292995e+00 1.304040404040404155e+01
1.404545454545454541e+00 1.279797979797979934e+01
1.391919191919192000e+00 1.198989898989898961e+01
1.543434343434343603e+00 1.328282828282828376e+01
1.492929292929292995e+00 1.320202020202020243e+01
1.492929292929292995e+00 1.287878787878787890e+01
1.543434343434343603e+00 1.312121212121212110e+01
1.556060606060606144e+00 1.287878787878787890e+01
1.530808080808080840e+00 1.304040404040404155e+01
1.530808080808080840e+00 1.336363636363636331e+01
1.480303030303030454e+00 1.263636363636363669e+01
1.480303030303030454e+00 1.231313131313131315e+01
1.391919191919192000e+00 1.207070707070707094e+01
1.619191919191919293e+00 1.344444444444444464e+01
1.644444444444444375e+00 1.401010101010101039e+01
1.429797979797979846e+00 1.239393939393939448e+01
1.316161616161616088e+00 1.231313131313131315e+01
1.417171717171717304e+00 1.215151515151515227e+01
1.404545454545454541e+00 1.279797979797979934e+01
1.581313131313131226e+00 1.344444444444444464e+01
1.556060606060606144e+00 1.312121212121212110e+01
1.391919191919192000e+00 1.271717171717171802e+01
1.417171717171717304e+00 1.198989898989898961e+01
1.379292929292929237e+00 1.231313131313131315e+01
1.518181818181818077e+00 1.320202020202020243e+01
1.492929292929292995e+00 1.279797979797979934e+01
1.568686868686868685e+00 1.344444444444444464e+01
1.455050505050504928e+00 1.312121212121212110e+01
1.619191919191919293e+00 1.328282828282828376e+01
1.480303030303030454e+00 1.231313131313131315e+01
1.391919191919192000e+00 1.223232323232323182e+01
1.366666666666666696e+00 1.231313131313131315e+01
1.556060606060606144e+00 1.320202020202020243e+01
1.505555555555555536e+00 1.263636363636363669e+01
1.442424242424242387e+00 1.239393939393939448e+01
1.467676767676767691e+00 1.239393939393939448e+01
1.492929292929292995e+00 1.352525252525252597e+01
1.556060606060606144e+00 1.320202020202020243e+01
1.404545454545454541e+00 1.287878787878787890e+01
1.429797979797979846e+00 1.231313131313131315e+01
1.354040404040404155e+00 1.215151515151515227e+01
1.492929292929292995e+00 1.271717171717171802e+01
1.391919191919192000e+00 1.198989898989898961e+01
1.530808080808080840e+00 1.304040404040404155e+01
1.530808080808080840e+00 1.279797979797979934e+01
1.442424242424242387e+00 1.239393939393939448e+01
1.530808080808080840e+00 1.287878787878787890e+01
1.543434343434343603e+00 1.304040404040404155e+01
1.290909090909091006e+00 1.174747474747474740e+01
1.429797979797979846e+00 1.223232323232323182e+01
1.442424242424242387e+00 1.304040404040404155e+01
1.556060606060606144e+00 1.328282828282828376e+01
1.442424242424242387e+00 1.207070707070707094e+01
1.404545454545454541e+00 1.215151515151515227e+01
1.379292929292929237e+00 1.263636363636363669e+01
1.480303030303030454e+00 1.287878787878787890e+01
1.530808080808080840e+00 1.231313131313131315e+01
1.492929292929292995e+00 1.304040404040404155e+01
1.543434343434343603e+00 1.368686868686868685e+01
1.467676767676767691e+00 1.312121212121212110e+01
1.505555555555555536e+00 1.328282828282828376e+01
1.694949494949494984e+00 1.360606060606060552e+01
1.379292929292929237e+00 1.215151515151515227e+01
1.530808080808080840e+00 1.287878787878787890e+01
1.530808080808080840e+00 1.279797979797979934e+01
1.467676767676767691e+00 1.279797979797979934e+01
1.492929292929292995e+00 1.287878787878787890e+01
1.455050505050504928e+00 1.231313131313131315e+01
1.922222222222222276e+00 1.158585858585858652e+01
1.480303030303030454e+00 1.304040404040404155e+01
1.429797979797979846e+00 1.287878787878787890e+01
1.404545454545454541e+00 1.279797979797979934e+01
1.530808080808080840e+00 1.279797979797979934e+01
1.467676767676767691e+00 1.263636363636363669e+01
1.379292929292929237e+00 1.198989898989898961e+01
1.404545454545454541e+00 1.223232323232323182e+01
1.770707070707070674e+00 1.384848484848484773e+01
1.480303030303030454e+00 1.279797979797979934e+01
1.593939393939393989e+00 1.328282828282828376e+01
1.467676767676767691e+00 1.320202020202020243e+01
1.530808080808080840e+00 1.304040404040404155e+01
1.492929292929292995e+00 1.255555555555555536e+01
1.467676767676767691e+00 1.231313131313131315e+01
1.417171717171717304e+00 1.231313131313131315e+01
1.290909090909091006e+00 1.158585858585858652e+01
1.290909090909091006e+00 1.207070707070707094e+01
1.543434343434343603e+00 1.312121212121212110e+01
1.631818181818181834e+00 1.392929292929293084e+01
1.543434343434343603e+00 1.312121212121212110e+01
1.467676767676767691e+00 1.223232323232323182e+01
1.455050505050504928e+00 1.215151515151515227e+01
1.404545454545454541e+00 1.215151515151515227e+01
1.644444444444444375e+00 1.336363636363636331e+01
1.404545454545454541e+00 1.231313131313131315e+01
1.593939393939393989e+00 1.312121212121212110e+01
1.429797979797979846e+00 1.231313131313131315e+01
1.480303030303030454e+00 1.239393939393939448e+01
1.581313131313131226e+00 1.312121212121212110e+01
1.543434343434343603e+00 1.295959595959596022e+01
1.505555555555555536e+00 1.312121212121212110e+01
1.442424242424242387e+00 1.360606060606060552e+01
1.505555555555555536e+00 1.295959595959596022e+01
1.341414141414141392e+00 1.247474747474747403e+01
1.354040404040404155e+00 1.182828282828282873e+01
1.417171717171717304e+00 1.223232323232323182e+01
1.442424242424242387e+00 1.239393939393939448e+01
1.442424242424242387e+00 1.295959595959596022e+01
1.543434343434343603e+00 1.295959595959596022e+01
1.505555555555555536e+00 1.295959595959596022e+01
1.492929292929292995e+00 1.255555555555555536e+01
1.568686868686868685e+00 1.336363636363636331e+01
1.467676767676767691e+00 1.271717171717171802e+01
1.442424242424242387e+00 1.304040404040404155e+01
1.467676767676767691e+00 1.360606060606060552e+01
1.391919191919192000e+00 1.279797979797979934e+01
1.530808080808080840e+00 1.287878787878787890e+01
1.404545454545454541e+00 1.247474747474747403e+01
1.316161616161616088e+00 1.158585858585858652e+01
1.455050505050504928e+00 1.207070707070707094e+01
1.455050505050504928e+00 1.263636363636363669e+01
1.530808080808080840e+00 1.312121212121212110e+01
1.467676767676767691e+00 1.425252525252525260e+01
1.417171717171717304e+00 1.215151515151515227e+01
1.518181818181818077e+00 1.279797979797979934e+01
1.366666666666666696e+00 1.182828282828282873e+01
1.492929292929292995e+00 1.263636363636363669e+01
1.455050505050504928e+00 1.287878787878787890e+01
1.404545454545454541e+00 1.255555555555555536e+01
1.391919191919192000e+00 1.198989898989898961e+01
1.455050505050504928e+00 1.223232323232323182e+01
1.455050505050504928e+00 1.231313131313131315e+01
1.328787878787878851e+00 1.174747474747474740e+01
1.417171717171717304e+00 1.239393939393939448e+01
1.530808080808080840e+00 1.312121212121212110e+01
1.505555555555555536e+00 1.239393939393939448e+01
1.442424242424242387e+00 1.328282828282828376e+01
1.429797979797979846e+00 1.247474747474747403e+01
1.303535353535353547e+00 1.142424242424242387e+01
1.505555555555555536e+00 1.287878787878787890e+01
1.530808080808080840e+00 1.295959595959596022e+01
1.480303030303030454e+00 1.263636363636363669e+01
1.593939393939393989e+00 1.352525252525252597e+01
1.556060606060606144e+00 1.336363636363636331e+01
1.480303030303030454e+00 1.263636363636363669e+01
1.492929292929292995e+00 1.263636363636363669e+01
1.467676767676767691e+00 1.279797979797979934e+01
1.530808080808080840e+00 1.304040404040404155e+01
1.543434343434343603e+00 1.312121212121212110e+01
1.240404040404040398e+00 1.069696969696969724e+01
1.429797979797979846e+00 1.312121212121212110e+01
1.669696969696969902e+00 1.506060606060606233e+01
1.379292929292929237e+00 1.239393939393939448e+01
1.505555555555555536e+00 1.336363636363636331e+01
1.568686868686868685e+00 1.271717171717171802e+01
1.480303030303030454e+00 1.255555555555555536e+01
1.467676767676767691e+00 1.287878787878787890e+01
1.379292929292929237e+00 1.279797979797979934e+01
1.429797979797979846e+00 1.279797979797979934e+01
1.631818181818181834e+00 1.352525252525252597e+01
1.581313131313131226e+00 1.328282828282828376e+01
1.391919191919192000e+00 1.263636363636363669e+01
1.619191919191919293e+00 1.409090909090909172e+01
1.556060606060606144e+00 1.320202020202020243e+01
1.455050505050504928e+00 1.263636363636363669e+01
1.480303030303030454e+00 1.231313131313131315e+01
1.366666666666666696e+00 1.158585858585858652e+01
1.581313131313131226e+00 1.384848484848484773e+01
1.619191919191919293e+00 1.352525252525252597e+01
1.505555555555555536e+00 1.263636363636363669e+01
1.417171717171717304e+00 1.312121212121212110e+01
1.480303030303030454e+00 1.271717171717171802e+01
1.455050505050504928e+00 1.263636363636363669e+01
1.467676767676767691e+00 1.320202020202020243e+01
1.467676767676767691e+00 1.328282828282828376e+01
1.417171717171717304e+00 1.271717171717171802e+01
1.429797979797979846e+00 1.207070707070707094e+01
1.429797979797979846e+00 1.255555555555555536e+01
1.619191919191919293e+00 1.344444444444444464e+01
1.417171717171717304e+00 1.231313131313131315e+01
1.518181818181818077e+00 1.279797979797979934e+01
1.429797979797979846e+00 1.255555555555555536e+01
1.518181818181818077e+00 1.312121212121212110e+01
1.366666666666666696e+00 1.207070707070707094e+01
1.379292929292929237e+00 1.279797979797979934e+01
1.278282828282828243e+00 1.166666666666666785e+01
1.328787878787878851e+00 1.207070707070707094e+01
1.391919191919192000e+00 1.231313131313131315e+01
1.480303030303030454e+00 1.287878787878787890e+01
1.429797979797979846e+00 1.215151515151515227e+01
1.442424242424242387e+00 1.247474747474747403e+01
1.442424242424242387e+00 1.223232323232323182e+01
1.316161616161616088e+00 1.239393939393939448e+01
1.492929292929292995e+00 1.255555555555555536e+01
1.657070707070707138e+00 1.392929292929293084e+01
1.530808080808080840e+00 1.295959595959596022e+01
1.543434343434343603e+00 1.271717171717171802e+01
1.379292929292929237e+00 1.295959595959596022e+01
1.303535353535353547e+00 1.190909090909091006e+01
1.404545454545454541e+00 1.182828282828282873e+01
1.467676767676767691e+00 1.271717171717171802e+01
1.846464646464646364e+00 1.465656565656565746e+01
1.606565656565656752e+00 1.384848484848484773e+01
1.417171717171717304e+00 1.279797979797979934e+01
1.543434343434343603e+00 1.392929292929293084e+01
1.568686868686868685e+00 1.320202020202020243e+01
1.518181818181818077e+00 1.304040404040404155e+01
1.341414141414141392e+00 1.207070707070707094e+01
1.492929292929292995e+00 1.271717171717171802e+01
1.492929292929292995e+00 1.279797979797979934e+01
1.290909090909091006e+00 1.215151515151515227e+01
1.429797979797979846e+00 1.215151515151515227e+01
1.379292929292929237e+00 1.271717171717171802e+01
1.492929292929292995e+00 1.320202020202020243e+01
1.429797979797979846e+00 1.279797979797979934e+01
1.606565656565656752e+00 1.352525252525252597e+01
1.391919191919192000e+00 1.304040404040404155e+01
1.429797979797979846e+00 1.239393939393939448e+01
1.581313131313131226e+00 1.433333333333333393e+01
1.391919191919192000e+00 1.223232323232323182e+01
1.808585858585858741e+00 1.401010101010101039e+01
1.290909090909091006e+00 1.182828282828282873e+01
1.442424242424242387e+00 1.295959595959596022e+01
1.442424242424242387e+00 1.255555555555555536e+01
1.581313131313131226e+00 1.336363636363636331e+01
1.391919191919192000e+00 1.215151515151515227e+01
1.455050505050504928e+00 1.231313131313131315e+01
1.366666666666666696e+00 1.223232323232323182e+01
1.505555555555555536e+00 1.304040404040404155e+01
1.442424242424242387e+00 1.190909090909091006e+01
1.467676767676767691e+00 1.215151515151515227e+01
1.467676767676767691e+00 1.295959595959596022e+01
1.492929292929292995e+00 1.295959595959596022e+01
1.379292929292929237e+00 1.198989898989898961e+01
1.429797979797979846e+00 1.271717171717171802e+01
1.391919191919192000e+00 1.215151515151515227e+01
1.442424242424242387e+00 1.287878787878787890e+01
1.556060606060606144e+00 1.376767676767676818e+01
1.467676767676767691e+00 1.247474747474747403e+01
1.480303030303030454e+00 1.304040404040404155e+01
1.518181818181818077e+00 1.368686868686868685e+01
1.606565656565656752e+00 1.352525252525252597e+01
1.568686868686868685e+00 1.320202020202020243e+01
1.467676767676767691e+00 1.215151515151515227e+01
1.505555555555555536e+00 1.376767676767676818e+01
1.442424242424242387e+00 1.263636363636363669e+01
1.606565656565656752e+00 1.344444444444444464e+01
1.404545454545454541e+00 1.215151515151515227e+01
1.518181818181818077e+00 1.263636363636363669e+01
1.467676767676767691e+00 1.336363636363636331e+01
1.581313131313131226e+00 1.344444444444444464e+01
1.404545454545454541e+00 1.231313131313131315e+01
1.404545454545454541e+00 1.255555555555555536e+01
1.303535353535353547e+00 1.247474747474747403e+01
1.429797979797979846e+00 1.312121212121212110e+01
1.442424242424242387e+00 1.271717171717171802e+01
1.354040404040404155e+00 1.190909090909091006e+01
1.442424242424242387e+00 1.255555555555555536e+01
1.442424242424242387e+00 1.223232323232323182e+01
1.606565656565656752e+00 1.352525252525252597e+01
1.354040404040404155e+00 1.190909090909091006e+01
1.543434343434343603e+00 1.320202020202020243e+01
1.543434343434343603e+00 1.409090909090909172e+01
1.442424242424242387e+00 1.247474747474747403e+01
1.556060606060606144e+00 1.344444444444444464e+01
1.505555555555555536e+00 1.263636363636363669e+01
1.354040404040404155e+00 1.223232323232323182e+01
1.556060606060606144e+00 1.295959595959596022e+01
1.606565656565656752e+00 1.328282828282828376e+01
1.480303030303030454e+00 1.271717171717171802e+01
1.530808080808080840e+00 1.328282828282828376e+01
1.366666666666666696e+00 1.287878787878787890e+01
1.556060606060606144e+00 1.328282828282828376e+01
1.492929292929292995e+00 1.312121212121212110e+01
1.429797979797979846e+00 1.255555555555555536e+01
1.480303030303030454e+00 1.271717171717171802e+01
1.568686868686868685e+00 1.336363636363636331e+01
1.354040404040404155e+00 1.198989898989898961e+01
1.543434343434343603e+00 1.312121212121212110e+01
1.379292929292929237e+00 1.198989898989898961e+01
1.556060606060606144e+00 1.376767676767676818e+01
1.530808080808080840e+00 1.376767676767676818e+01
1.354040404040404155e+00 1.150505050505050519e+01
1.391919191919192000e+00 1.336363636363636331e+01
1.480303030303030454e+00 1.295959595959596022e+01
1.480303030303030454e+00 1.223232323232323182e+01
1.530808080808080840e+00 1.320202020202020243e+01
1.467676767676767691e+00 1.279797979797979934e+01
1.366666666666666696e+00 1.207070707070707094e+01
1.631818181818181834e+00 1.384848484848484773e+01
1.568686868686868685e+00 1.304040404040404155e+01
1.530808080808080840e+00 1.304040404040404155e+01
1.657070707070707138e+00 1.368686868686868685e+01
1.455050505050504928e+00 1.328282828282828376e+01
1.240404040404040398e+00 1.134343434343434254e+01
1.568686868686868685e+00 1.344444444444444464e+01
1.644444444444444375e+00 1.384848484848484773e+01
1.505555555555555536e+00 1.255555555555555536e+01
1.492929292929292995e+00 1.239393939393939448e+01
1.480303030303030454e+00 1.247474747474747403e+01
1.341414141414141392e+00 1.174747474747474740e+01
1.518181818181818077e+00 1.247474747474747403e+01
1.417171717171717304e+00 1.271717171717171802e+01
1.505555555555555536e+00 1.271717171717171802e+01
1.442424242424242387e+00 1.215151515151515227e+01
1.492929292929292995e+00 1.312121212121212110e+01
1.758080808080808133e+00 1.554545454545454675e+01
1.505555555555555536e+00 1.287878787878787890e+01
1.316161616161616088e+00 1.239393939393939448e+01
1.417171717171717304e+00 1.231313131313131315e+01
1.619191919191919293e+00 1.392929292929293084e+01
1.442424242424242387e+00 1.247474747474747403e+01
1.455050505050504928e+00 1.279797979797979934e+01
1.467676767676767691e+00 1.255555555555555536e+01
1.391919191919192000e+00 1.174747474747474740e+01
1.303535353535353547e+00 1.198989898989898961e+01
1.581313131313131226e+00 1.336363636363636331e+01
1.429797979797979846e+00 1.279797979797979934e+01
1.492929292929292995e+00 1.263636363636363669e+01
1.354040404040404155e+00 1.166666666666666785e+01
1.682323232323232443e+00 1.376767676767676818e+01
1.480303030303030454e+00 1.255555555555555536e+01
1.568686868686868685e+00 1.312121212121212110e+01
1.429797979797979846e+00 1.215151515151515227e+01
1.455050505050504928e+00 1.271717171717171802e+01
1.505555555555555536e+00 1.287878787878787890e+01
1.530808080808080840e+00 1.295959595959596022e+01
1.455050505050504928e+00 1.320202020202020243e+01
1.682323232323232443e+00 1.384848484848484773e+01
1.505555555555555536e+00 1.304040404040404155e+01
1.530808080808080840e+00 1.344444444444444464e+01
1.417171717171717304e+00 1.215151515151515227e+01
1.593939393939393989e+00 1.320202020202020243e+01
1.480303030303030454e+00 1.328282828282828376e+01
1.341414141414141392e+00 1.271717171717171802e+01
1.455050505050504928e+00 1.231313131313131315e+01
1.341414141414141392e+00 1.207070707070707094e+01
1.467676767676767691e+00 1.304040404040404155e+01
1.316161616161616088e+00 1.207070707070707094e+01
1.429797979797979846e+00 1.223232323232323182e+01
1.303535353535353547e+00 1.198989898989898961e+01
1.631818181818181834e+00 1.344444444444444464e+01
1.505555555555555536e+00 1.263636363636363669e+01
1.631818181818181834e+00 1.360606060606060552e+01
1.480303030303030454e+00 1.239393939393939448e+01
1.808585858585858741e+00 1.497979797979797922e+01
1.505555555555555536e+00 1.271717171717171802e+01
1.417171717171717304e+00 1.279797979797979934e+01
1.556060606060606144e+00 1.312121212121212110e+01
1.480303030303030454e+00 1.312121212121212110e+01
1.467676767676767691e+00 1.231313131313131315e+01
1.556060606060606144e+00 1.320202020202020243e+01
1.568686868686868685e+00 1.328282828282828376e+01
1.429797979797979846e+00 1.263636363636363669e+01
1.429797979797979846e+00 1.279797979797979934e+01
1.328787878787878851e+00 1.239393939393939448e+01
1.391919191919192000e+00 1.223232323232323182e+01
1.518181818181818077e+00 1.271717171717171802e+01
1.455050505050504928e+00 1.287878787878787890e+01
1.492929292929292995e+00 1.279797979797979934e+01
1.492929292929292995e+00 1.271717171717171802e+01
1.694949494949494984e+00 1.417171717171717304e+01
1.467676767676767691e+00 1.279797979797979934e+01
1.480303030303030454e+00 1.239393939393939448e+01
1.505555555555555536e+00 1.287878787878787890e+01
1.682323232323232443e+00 1.441414141414141525e+01
1.530808080808080840e+00 1.384848484848484773e+01
1.581313131313131226e+00 1.376767676767676818e+01
1.455050505050504928e+00 1.279797979797979934e+01
1.543434343434343603e+00 1.312121212121212110e+01
1.492929292929292995e+00 1.239393939393939448e+01
1.429797979797979846e+00 1.198989898989898961e+01
1.442424242424242387e+00 1.376767676767676818e+01
1.442424242424242387e+00 1.247474747474747403e+01
1.505555555555555536e+00 1.295959595959596022e+01
1.417171717171717304e+00 1.295959595959596022e+01
1.455050505050504928e+00 1.263636363636363669e+01
1.543434343434343603e+00 1.271717171717171802e+01
1.492929292929292995e+00 1.279797979797979934e+01
1.202525252525252553e+00 1.207070707070707094e+01
1.366666666666666696e+00 1.190909090909091006e+01
1.455050505050504928e+00 1.223232323232323182e+01
1.379292929292929237e+00 1.215151515151515227e+01
1.467676767676767691e+00 1.312121212121212110e+01
1.391919191919192000e+00 1.223232323232323182e+01
1.366666666666666696e+00 1.223232323232323182e+01
1.480303030303030454e+00 1.320202020202020243e+01
1.379292929292929237e+00 1.198989898989898961e+01
1.518181818181818077e+00 1.279797979797979934e+01
1.568686868686868685e+00 1.336363636363636331e+01
1.354040404040404155e+00 1.271717171717171802e+01
1.619191919191919293e+00 1.360606060606060552e+01
1.442424242424242387e+00 1.239393939393939448e+01
1.417171717171717304e+00 1.223232323232323182e+01
1.556060606060606144e+00 1.287878787878787890e+01
1.467676767676767691e+00 1.279797979797979934e+01
1.631818181818181834e+00 1.368686868686868685e+01
1.581313131313131226e+00 1.336363636363636331e+01
1.556060606060606144e+00 1.320202020202020243e+01
1.480303030303030454e+00 1.279797979797979934e+01
1.581313131313131226e+00 1.320202020202020243e+01
1.480303030303030454e+00 1.312121212121212110e+01
1.530808080808080840e+00 1.295959595959596022e+01
1.543434343434343603e+00 1.271717171717171802e+01
1.391919191919192000e+00 1.263636363636363669e+01
1.404545454545454541e+00 1.198989898989898961e+01
1.492929292929292995e+00 1.255555555555555536e+01
1.556060606060606144e+00 1.320202020202020243e+01
1.404545454545454541e+00 1.198989898989898961e+01
1.417171717171717304e+00 1.247474747474747403e+01
1.505555555555555536e+00 1.320202020202020243e+01
1.480303030303030454e+00 1.295959595959596022e+01
1.391919191919192000e+00 1.312121212121212110e+01
1.568686868686868685e+00 1.336363636363636331e+01
1.455050505050504928e+00 1.223232323232323182e+01
1.429797979797979846e+00 1.287878787878787890e+01
1.518181818181818077e+00 1.312121212121212110e+01
1.505555555555555536e+00 1.279797979797979934e+01
1.505555555555555536e+00 1.295959595959596022e+01
1.278282828282828243e+00 1.126262626262626299e+01
1.568686868686868685e+00 1.344444444444444464e+01
1.429797979797979846e+00 1.198989898989898961e+01
1.417171717171717304e+00 1.231313131313131315e+01
1.505555555555555536e+00 1.304040404040404155e+01
1.518181818181818077e+00 1.271717171717171802e+01
1.530808080808080840e+00 1.312121212121212110e+01
1.657070707070707138e+00 1.360606060606060552e+01
1.442424242424242387e+00 1.247474747474747403e+01
1.606565656565656752e+00 1.352525252525252597e+01
1.442424242424242387e+00 1.384848484848484773e+01
1.505555555555555536e+00 1.279797979797979934e+01
1.404545454545454541e+00 1.271717171717171802e+01
1.530808080808080840e+00 1.360606060606060552e+01
1.556060606060606144e+00 1.295959595959596022e+01
1.354040404040404155e+00 1.255555555555555536e+01
1.480303030303030454e+00 1.295959595959596022e+01
1.619191919191919293e+00 1.328282828282828376e+01
1.505555555555555536e+00 1.287878787878787890e+01
1.341414141414141392e+00 1.247474747474747403e+01
1.530808080808080840e+00 1.304040404040404155e+01
1.960101010101010122e+00 1.562626262626262630e+01
1.278282828282828243e+00 1.190909090909091006e+01
1.518181818181818077e+00 1.279797979797979934e+01
1.518181818181818077e+00 1.376767676767676818e+01
1.518181818181818077e+00 1.271717171717171802e+01
1.455050505050504928e+00 1.223232323232323182e+01
1.707575757575757525e+00 1.481818181818181834e+01
1.429797979797979846e+00 1.279797979797979934e+01
1.669696969696969902e+00 1.368686868686868685e+01
1.909595959595959513e+00 1.465656565656565746e+01
1.404545454545454541e+00 1.263636363636363669e+01
1.530808080808080840e+00 1.295959595959596022e+01
1.568686868686868685e+00 1.320202020202020243e+01
1.455050505050504928e+00 1.312121212121212110e+01
1.505555555555555536e+00 1.376767676767676818e+01
1.518181818181818077e+00 1.295959595959596022e+01
1.644444444444444375e+00 1.473737373737373701e+01
1.442424242424242387e+00 1.231313131313131315e+01
1.467676767676767691e+00 1.223232323232323182e+01
1.442424242424242387e+00 1.247474747474747403e+01
1.404545454545454541e+00 1.215151515151515227e+01
1.568686868686868685e+00 1.344444444444444464e+01
1.455050505050504928e+00 1.239393939393939448e+01
1.530808080808080840e+00 1.320202020202020243e+01
1.505555555555555536e+00 1.312121212121212110e+01
1.455050505050504928e+00 1.215151515151515227e+01
1.480303030303030454e+00 1.247474747474747403e+01
1.505555555555555536e+00 1.304040404040404155e+01
1.278282828282828243e+00 1.118181818181818166e+01
1.455050505050504928e+00 1.223232323232323182e+01
1.556060606060606144e+00 1.312121212121212110e+01
1.354040404040404155e+00 1.207070707070707094e+01
1.657070707070707138e+00 1.392929292929293084e+01
1.404545454545454541e+00 1.207070707070707094e+01
1.442424242424242387e+00 1.304040404040404155e+01
1.543434343434343603e+00 1.312121212121212110e+01
1.505555555555555536e+00 1.368686868686868685e+01
1.644444444444444375e+00 1.376767676767676818e+01
1.455050505050504928e+00 1.231313131313131315e+01
1.467676767676767691e+00 1.239393939393939448e+01
1.467676767676767691e+00 1.287878787878787890e+01
1.480303030303030454e+00 1.304040404040404155e+01
1.391919191919192000e+00 1.207070707070707094e+01
1.480303030303030454e+00 1.287878787878787890e+01
1.556060606060606144e+00 1.304040404040404155e+01
1.518181818181818077e+00 1.336363636363636331e+01
1.480303030303030454e+00 1.279797979797979934e+01
1.429797979797979846e+00 1.247474747474747403e+01
1.467676767676767691e+00 1.247474747474747403e+01
1.366666666666666696e+00 1.198989898989898961e+01
1.404545454545454541e+00 1.223232323232323182e+01
1.391919191919192000e+00 1.198989898989898961e+01
1.417171717171717304e+00 1.279797979797979934e+01
1.669696969696969902e+00 1.352525252525252597e+01
1.543434343434343603e+00 1.287878787878787890e+01
1.644444444444444375e+00 1.401010101010101039e+01
1.505555555555555536e+00 1.295959595959596022e+01
1.379292929292929237e+00 1.231313131313131315e+01
1.505555555555555536e+00 1.312121212121212110e+01
1.316161616161616088e+00 1.190909090909091006e+01
1.480303030303030454e+00 1.239393939393939448e+01
1.455050505050504928e+00 1.312121212121212110e+01
1.354040404040404155e+00 1.215151515151515227e+01
1.442424242424242387e+00 1.231313131313131315e+01
1.657070707070707138e+00 1.352525252525252597e+01
1.505555555555555536e+00 1.304040404040404155e+01
1.543434343434343603e+00 1.287878787878787890e+01
1.429797979797979846e+00 1.255555555555555536e+01
1.581313131313131226e+00 1.368686868686868685e+01
1.568686868686868685e+00 1.304040404040404155e+01
1.455050505050504928e+00 1.223232323232323182e+01
1.631818181818181834e+00 1.425252525252525260e+01
1.404545454545454541e+00 1.215151515151515227e+01
1.467676767676767691e+00 1.320202020202020243e+01
1.543434343434343603e+00 1.368686868686868685e+01
1.530808080808080840e+00 1.287878787878787890e+01
1.429797979797979846e+00 1.215151515151515227e+01
1.480303030303030454e+00 1.247474747474747403e+01
1.404545454545454541e+00 1.231313131313131315e+01
1.568686868686868685e+00 1.352525252525252597e+01
1.379292929292929237e+00 1.295959595959596022e+01
1.530808080808080840e+00 1.417171717171717304e+01
1.391919191919192000e+00 1.255555555555555536e+01
1.379292929292929237e+00 1.223232323232323182e+01
1.366666666666666696e+00 1.247474747474747403e+01
1.518181818181818077e+00 1.312121212121212110e+01
1.404545454545454541e+00 1.198989898989898961e+01
1.290909090909091006e+00 1.190909090909091006e+01
1.379292929292929237e+00 1.304040404040404155e+01
1.568686868686868685e+00 1.336363636363636331e+01
1.518181818181818077e+00 1.295959595959596022e+01
1.417171717171717304e+00 1.223232323232323182e+01
1.467676767676767691e+00 1.239393939393939448e+01
1.492929292929292995e+00 1.263636363636363669e+01
1.341414141414141392e+00 1.231313131313131315e+01
1.467676767676767691e+00 1.239393939393939448e+01
1.442424242424242387e+00 1.239393939393939448e+01
1.518181818181818077e+00 1.247474747474747403e+01
1.467676767676767691e+00 1.287878787878787890e+01
1.391919191919192000e+00 1.287878787878787890e+01
1.379292929292929237e+00 1.271717171717171802e+01
1.568686868686868685e+00 1.287878787878787890e+01
1.442424242424242387e+00 1.239393939393939448e+01
1.429797979797979846e+00 1.239393939393939448e+01
1.442424242424242387e+00 1.215151515151515227e+01
1.480303030303030454e+00 1.263636363636363669e+01
1.404545454545454541e+00 1.239393939393939448e+01
1.518181818181818077e+00 1.304040404040404155e+01
1.379292929292929237e+00 1.223232323232323182e+01
1.530808080808080840e+00 1.287878787878787890e+01
1.581313131313131226e+00 1.336363636363636331e+01
1.530808080808080840e+00 1.312121212121212110e+01
1.467676767676767691e+00 1.223232323232323182e+01
1.316161616161616088e+00 1.223232323232323182e+01
1.442424242424242387e+00 1.295959595959596022e+01
1.593939393939393989e+00 1.360606060606060552e+01
1.480303030303030454e+00 1.295959595959596022e+01
1.442424242424242387e+00 1.207070707070707094e+01
1.328787878787878851e+00 1.174747474747474740e+01
1.606565656565656752e+00 1.328282828282828376e+01
1.429797979797979846e+00 1.239393939393939448e+01
1.480303030303030454e+00 1.352525252525252597e+01
1.518181818181818077e+00 1.287878787878787890e+01
1.354040404040404155e+00 1.239393939393939448e+01
1.379292929292929237e+00 1.247474747474747403e+01
1.366666666666666696e+00 1.223232323232323182e+01
1.442424242424242387e+00 1.255555555555555536e+01
1.505555555555555536e+00 1.247474747474747403e+01
1.455050505050504928e+00 1.215151515151515227e+01
1.455050505050504928e+00 1.215151515151515227e+01
1.442424242424242387e+00 1.279797979797979934e+01
1.404545454545454541e+00 1.207070707070707094e+01
1.442424242424242387e+00 1.247474747474747403e+01
1.543434343434343603e+00 1.312121212121212110e+01
1.720202020202020288e+00 1.360606060606060552e+01
1.556060606060606144e+00 1.304040404040404155e+01
1.278282828282828243e+00 1.174747474747474740e+01
1.480303030303030454e+00 1.287878787878787890e+01
1.429797979797979846e+00 1.320202020202020243e+01
1.404545454545454541e+00 1.190909090909091006e+01
1.505555555555555536e+00 1.279797979797979934e+01
1.341414141414141392e+00 1.215151515151515227e+01
1.417171717171717304e+00 1.247474747474747403e+01
1.530808080808080840e+00 1.295959595959596022e+01
1.606565656565656752e+00 1.384848484848484773e+01
1.417171717171717304e+00 1.247474747474747403e+01
1.442424242424242387e+00 1.247474747474747403e+01
1.404545454545454541e+00 1.198989898989898961e+01
1.669696969696969902e+00 1.449494949494949481e+01
1.480303030303030454e+00 1.255555555555555536e+01
1.631818181818181834e+00 1.352525252525252597e+01
1.467676767676767691e+00 1.263636363636363669e+01
1.341414141414141392e+00 1.295959595959596022e+01
1.505555555555555536e+00 1.287878787878787890e+01
1.707575757575757525e+00 1.441414141414141525e+01
1.379292929292929237e+00 1.239393939393939448e+01
1.366666666666666696e+00 1.207070707070707094e+01
1.429797979797979846e+00 1.255555555555555536e+01
1.417171717171717304e+00 1.255555555555555536e+01
1.417171717171717304e+00 1.287878787878787890e+01
1.467676767676767691e+00 1.312121212121212110e+01
1.808585858585858741e+00 1.473737373737373701e+01
1.442424242424242387e+00 1.263636363636363669e+01
1.429797979797979846e+00 1.231313131313131315e+01
1.391919191919192000e+00 1.223232323232323182e+01
1.530808080808080840e+00 1.271717171717171802e+01
1.467676767676767691e+00 1.271717171717171802e+01
1.492929292929292995e+00 1.279797979797979934e+01
1.379292929292929237e+00 1.182828282828282873e+01
1.505555555555555536e+00 1.287878787878787890e+01
1.328787878787878851e+00 1.223232323232323182e+01
1.505555555555555536e+00 1.231313131313131315e+01
1.492929292929292995e+00 1.360606060606060552e+01
1.366666666666666696e+00 1.207070707070707094e+01
1.455050505050504928e+00 1.239393939393939448e+01
1.543434343434343603e+00 1.320202020202020243e+01
1.543434343434343603e+00 1.271717171717171802e+01
1.417171717171717304e+00 1.255555555555555536e+01
1.467676767676767691e+00 1.215151515151515227e+01
1.467676767676767691e+00 1.271717171717171802e+01
1.480303030303030454e+00 1.255555555555555536e+01
1.492929292929292995e+00 1.247474747474747403e+01
1.455050505050504928e+00 1.215151515151515227e+01
1.366666666666666696e+00 1.207070707070707094e+01
1.404545454545454541e+00 1.271717171717171802e+01
1.480303030303030454e+00 1.312121212121212110e+01
1.455050505050504928e+00 1.295959595959596022e+01
1.644444444444444375e+00 1.401010101010101039e+01
1.455050505050504928e+00 1.263636363636363669e+01
1.556060606060606144e+00 1.320202020202020243e+01
1.429797979797979846e+00 1.247474747474747403e+01
1.543434343434343603e+00 1.312121212121212110e+01
1.530808080808080840e+00 1.295959595959596022e+01
1.492929292929292995e+00 1.239393939393939448e+01
1.556060606060606144e+00 1.271717171717171802e+01
1.455050505050504928e+00 1.320202020202020243e+01
1.518181818181818077e+00 1.295959595959596022e+01
1.391919191919192000e+00 1.223232323232323182e+01
1.455050505050504928e+00 1.255555555555555536e+01
1.404545454545454541e+00 1.223232323232323182e+01
1.467676767676767691e+00 1.223232323232323182e+01
1.581313131313131226e+00 1.336363636363636331e+01
1.240404040404040398e+00 1.134343434343434254e+01
1.480303030303030454e+00 1.223232323232323182e+01
1.518181818181818077e+00 1.271717171717171802e+01
1.644444444444444375e+00 1.344444444444444464e+01
1.997979797979797967e+00 1.546464646464646542e+01
1.505555555555555536e+00 1.360606060606060552e+01
1.480303030303030454e+00 1.239393939393939448e+01
1.417171717171717304e+00 1.231313131313131315e+01
1.467676767676767691e+00 1.271717171717171802e+01
1.619191919191919293e+00 1.360606060606060552e+01
1.354040404040404155e+00 1.182828282828282873e+01
1.568686868686868685e+00 1.352525252525252597e+01
1.505555555555555536e+00 1.263636363636363669e+01
1.480303030303030454e+00 1.239393939393939448e+01
1.253030303030302939e+00 1.126262626262626299e+01
1.480303030303030454e+00 1.247474747474747403e+01
1.341414141414141392e+00 1.174747474747474740e+01
1.518181818181818077e+00 1.279797979797979934e+01
1.530808080808080840e+00 1.271717171717171802e+01
1.505555555555555536e+00 1.279797979797979934e+01
1.530808080808080840e+00 1.279797979797979934e+01
1.606565656565656752e+00 1.409090909090909172e+01
1.669696969696969902e+00 1.384848484848484773e+01
1.265656565656565702e+00 1.190909090909091006e+01
1.354040404040404155e+00 1.207070707070707094e+01
1.581313131313131226e+00 1.360606060606060552e+01
1.455050505050504928e+00 1.247474747474747403e+01
1.543434343434343603e+00 1.295959595959596022e+01
1.581313131313131226e+00 1.344444444444444464e+01
1.518181818181818077e+00 1.304040404040404155e+01
1.492929292929292995e+00 1.328282828282828376e+01
1.505555555555555536e+00 1.247474747474747403e+01
1.328787878787878851e+00 1.174747474747474740e+01
1.417171717171717304e+00 1.231313131313131315e+01
1.631818181818181834e+00 1.384848484848484773e+01
1.593939393939393989e+00 1.401010101010101039e+01
1.303535353535353547e+00 1.198989898989898961e+01
1.442424242424242387e+00 1.239393939393939448e+01
1.631818181818181834e+00 1.320202020202020243e+01
1.593939393939393989e+00 1.344444444444444464e+01
1.770707070707070674e+00 1.481818181818181834e+01
1.492929292929292995e+00 1.304040404040404155e+01
1.518181818181818077e+00 1.304040404040404155e+01
1.442424242424242387e+00 1.320202020202020243e+01
1.492929292929292995e+00 1.320202020202020243e+01
1.455050505050504928e+00 1.231313131313131315e+01
1.556060606060606144e+00 1.344444444444444464e+01
1.429797979797979846e+00 1.255555555555555536e+01
1.429797979797979846e+00 1.247474747474747403e+01
1.404545454545454541e+00 1.312121212121212110e+01
1.240404040404040398e+00 1.215151515151515227e+01
1.442424242424242387e+00 1.384848484848484773e+01
1.404545454545454541e+00 1.198989898989898961e+01
1.543434343434343603e+00 1.320202020202020243e+01
1.455050505050504928e+00 1.271717171717171802e+01
1.455050505050504928e+00 1.287878787878787890e+01
1.480303030303030454e+00 1.239393939393939448e+01
1.694949494949494984e+00 1.425252525252525260e+01
1.467676767676767691e+00 1.271717171717171802e+01
1.442424242424242387e+00 1.247474747474747403e+01
1.404545454545454541e+00 1.255555555555555536e+01
1.480303030303030454e+00 1.295959595959596022e+01
1.442424242424242387e+00 1.255555555555555536e+01
1.922222222222222276e+00 1.522222222222222143e+01
1.379292929292929237e+00 1.287878787878787890e+01
1.492929292929292995e+00 1.247474747474747403e+01
1.581313131313131226e+00 1.304040404040404155e+01
1.480303030303030454e+00 1.255555555555555536e+01
1.518181818181818077e+00 1.295959595959596022e+01
1.631818181818181834e+00 1.320202020202020243e+01
1.379292929292929237e+00 1.247474747474747403e+01
1.442424242424242387e+00 1.247474747474747403e+01
1.417171717171717304e+00 1.295959595959596022e+01
1.505555555555555536e+00 1.271717171717171802e+01
1.492929292929292995e+00 1.247474747474747403e+01
1.467676767676767691e+00 1.271717171717171802e+01
1.505555555555555536e+00 1.352525252525252597e+01
1.341414141414141392e+00 1.231313131313131315e+01
1.606565656565656752e+00 1.433333333333333393e+01
1.316161616161616088e+00 1.207070707070707094e+01
1.467676767676767691e+00 1.320202020202020243e+01
1.518181818181818077e+00 1.312121212121212110e+01
1.518181818181818077e+00 1.255555555555555536e+01
1.480303030303030454e+00 1.255555555555555536e+01
1.644444444444444375e+00 1.336363636363636331e+01
1.846464646464646364e+00 1.409090909090909172e+01
1.379292929292929237e+00 1.223232323232323182e+01
1.429797979797979846e+00 1.320202020202020243e+01
1.455050505050504928e+00 1.295959595959596022e+01
1.631818181818181834e+00 1.336363636363636331e+01
1.391919191919192000e+00 1.239393939393939448e+01
1.556060606060606144e+00 1.312121212121212110e+01
1.480303030303030454e+00 1.336363636363636331e+01
1.505555555555555536e+00 1.312121212121212110e+01
1.366666666666666696e+00 1.215151515151515227e+01
1.631818181818181834e+00 1.368686868686868685e+01
1.543434343434343603e+00 1.336363636363636331e+01
1.745454545454545592e+00 1.376767676767676818e+01
1.341414141414141392e+00 1.174747474747474740e+01
1.467676767676767691e+00 1.247474747474747403e+01
1.492929292929292995e+00 1.263636363636363669e+01
1.669696969696969902e+00 1.320202020202020243e+01
1.379292929292929237e+00 1.215151515151515227e+01
1.467676767676767691e+00 1.247474747474747403e+01
1.429797979797979846e+00 1.215151515151515227e+01
1.480303030303030454e+00 1.263636363636363669e+01
1.492929292929292995e+00 1.271717171717171802e+01
1.593939393939393989e+00 1.344444444444444464e+01
1.530808080808080840e+00 1.401010101010101039e+01
1.442424242424242387e+00 1.223232323232323182e+01
1.518181818181818077e+00 1.320202020202020243e+01
1.530808080808080840e+00 1.279797979797979934e+01
1.455050505050504928e+00 1.304040404040404155e+01
1.442424242424242387e+00 1.207070707070707094e+01
1.505555555555555536e+00 1.295959595959596022e+01
1.429797979797979846e+00 1.263636363636363669e+01
1.480303030303030454e+00 1.279797979797979934e+01
1.581313131313131226e+00 1.312121212121212110e+01
1.455050505050504928e+00 1.255555555555555536e+01
1.354040404040404155e+00 1.182828282828282873e+01
1.391919191919192000e+00 1.198989898989898961e+01
1.556060606060606144e+00 1.336363636363636331e+01
1.530808080808080840e+00 1.320202020202020243e+01
1.669696969696969902e+00 1.352525252525252597e+01
1.429797979797979846e+00 1.239393939393939448e+01
1.379292929292929237e+00 1.198989898989898961e+01
1.543434343434343603e+00 1.344444444444444464e+01
1.442424242424242387e+00 1.263636363636363669e+01
1.631818181818181834e+00 1.368686868686868685e+01
1.429797979797979846e+00 1.207070707070707094e+01
1.518181818181818077e+00 1.304040404040404155e+01
1.379292929292929237e+00 1.215151515151515227e+01
1.341414141414141392e+00 1.279797979797979934e+01
1.581313131313131226e+00 1.336363636363636331e+01
1.606565656565656752e+00 1.328282828282828376e+01
1.619191919191919293e+00 1.376767676767676818e+01
1.543434343434343603e+00 1.304040404040404155e+01
1.492929292929292995e+00 1.255555555555555536e+01
1.518181818181818077e+00 1.441414141414141525e+01
1.366666666666666696e+00 1.231313131313131315e+01
1.505555555555555536e+00 1.287878787878787890e+01
1.366666666666666696e+00 1.207070707070707094e+01
1.391919191919192000e+00 1.207070707070707094e+01
1.442424242424242387e+00 1.320202020202020243e+01
1.518181818181818077e+00 1.320202020202020243e+01
1.518181818181818077e+00 1.295959595959596022e+01
1.543434343434343603e+00 1.328282828282828376e+01
1.417171717171717304e+00 1.279797979797979934e+01
1.492929292929292995e+00 1.271717171717171802e+01
1.593939393939393989e+00 1.384848484848484773e+01
1.379292929292929237e+00 1.239393939393939448e+01
1.556060606060606144e+00 1.320202020202020243e+01
1.480303030303030454e+00 1.287878787878787890e+01
1.480303030303030454e+00 1.247474747474747403e+01
1.480303030303030454e+00 1.312121212121212110e+01
1.442424242424242387e+00 1.190909090909091006e+01
1.391919191919192000e+00 1.271717171717171802e+01
1.543434343434343603e+00 1.287878787878787890e+01
1.379292929292929237e+00 1.223232323232323182e+01
1.543434343434343603e+00 1.328282828282828376e+01
1.429797979797979846e+00 1.328282828282828376e+01
1.328787878787878851e+00 1.158585858585858652e+01
1.492929292929292995e+00 1.279797979797979934e+01
1.568686868686868685e+00 1.336363636363636331e+01
1.379292929292929237e+00 1.247474747474747403e+01
1.417171717171717304e+00 1.190909090909091006e+01
1.366666666666666696e+00 1.190909090909091006e+01
1.455050505050504928e+00 1.255555555555555536e+01
1.530808080808080840e+00 1.287878787878787890e+01
1.366666666666666696e+00 1.239393939393939448e+01
1.530808080808080840e+00 1.271717171717171802e+01
1.429797979797979846e+00 1.247474747474747403e+01
1.290909090909091006e+00 1.158585858585858652e+01
1.341414141414141392e+00 1.182828282828282873e+01
1.088888888888888795e+00 1.497979797979797922e+01
1.505555555555555536e+00 1.336363636363636331e+01
1.467676767676767691e+00 1.255555555555555536e+01
1.404545454545454541e+00 1.190909090909091006e+01
1.859090909090909127e+00 1.473737373737373701e+01
1.556060606060606144e+00 1.279797979797979934e+01
1.543434343434343603e+00 1.295959595959596022e+01
1.455050505050504928e+00 1.247474747474747403e+01
1.341414141414141392e+00 1.166666666666666785e+01
1.556060606060606144e+00 1.320202020202020243e+01
1.581313131313131226e+00 1.344444444444444464e+01
1.328787878787878851e+00 1.190909090909091006e+01
1.278282828282828243e+00 1.158585858585858652e+01
1.429797979797979846e+00 1.247474747474747403e+01
1.379292929292929237e+00 1.207070707070707094e+01
1.455050505050504928e+00 1.271717171717171802e+01
1.379292929292929237e+00 1.255555555555555536e+01
1.492929292929292995e+00 1.287878787878787890e+01
1.455050505050504928e+00 1.271717171717171802e+01
1.417171717171717304e+00 1.215151515151515227e+01
1.341414141414141392e+00 1.231313131313131315e+01
1.379292929292929237e+00 1.207070707070707094e+01
1.492929292929292995e+00 1.263636363636363669e+01
1.379292929292929237e+00 1.279797979797979934e+01
1.404545454545454541e+00 1.287878787878787890e+01
1.530808080808080840e+00 1.360606060606060552e+01
1.429797979797979846e+00 1.328282828282828376e+01
1.417171717171717304e+00 1.287878787878787890e+01
1.707575757575757525e+00 1.344444444444444464e+01
1.341414141414141392e+00 1.126262626262626299e+01
1.492929292929292995e+00 1.304040404040404155e+01
1.467676767676767691e+00 1.231313131313131315e+01
1.455050505050504928e+00 1.247474747474747403e+01
1.442424242424242387e+00 1.239393939393939448e+01
1.391919191919192000e+00 1.207070707070707094e+01
1.442424242424242387e+00 1.223232323232323182e+01
1.492929292929292995e+00 1.271717171717171802e+01
1.492929292929292995e+00 1.287878787878787890e+01
1.480303030303030454e+00 1.336363636363636331e+01
1.480303030303030454e+00 1.320202020202020243e+01
1.404545454545454541e+00 1.271717171717171802e+01
1.354040404040404155e+00 1.295959595959596022e+01
1.480303030303030454e+00 1.328282828282828376e+01
1.341414141414141392e+00 1.182828282828282873e+01
1.492929292929292995e+00 1.287878787878787890e+01
1.467676767676767691e+00 1.247474747474747403e+01
1.543434343434343603e+00 1.304040404040404155e+01
1.467676767676767691e+00 1.295959595959596022e+01
1.492929292929292995e+00 1.295959595959596022e+01
1.518181818181818077e+00 1.344444444444444464e+01
1.556060606060606144e+00 1.328282828282828376e+01
1.505555555555555536e+00 1.247474747474747403e+01
1.429797979797979846e+00 1.279797979797979934e+01
1.455050505050504928e+00 1.312121212121212110e+01
1.429797979797979846e+00 1.215151515151515227e+01
1.543434343434343603e+00 1.295959595959596022e+01
1.492929292929292995e+00 1.247474747474747403e+01
1.884343434343434431e+00 1.506060606060606233e+01
1.404545454545454541e+00 1.207070707070707094e+01
1.568686868686868685e+00 1.336363636363636331e+01
1.795959595959595978e+00 1.392929292929293084e+01
1.619191919191919293e+00 1.368686868686868685e+01
1.644444444444444375e+00 1.425252525252525260e+01
1.631818181818181834e+00 1.328282828282828376e+01
1.467676767676767691e+00 1.263636363636363669e+01
1.316161616161616088e+00 1.239393939393939448e+01
1.429797979797979846e+00 1.190909090909091006e+01
1.530808080808080840e+00 1.320202020202020243e+01
1.480303030303030454e+00 1.215151515151515227e+01
1.429797979797979846e+00 1.287878787878787890e+01
1.417171717171717304e+00 1.247474747474747403e+01
1.492929292929292995e+00 1.328282828282828376e+01
1.505555555555555536e+00 1.263636363636363669e+01
1.429797979797979846e+00 1.239393939393939448e+01
1.530808080808080840e+00 1.263636363636363669e+01
1.581313131313131226e+00 1.352525252525252597e+01
1.391919191919192000e+00 1.190909090909091006e+01
1.366666666666666696e+00 1.207070707070707094e+01
1.455050505050504928e+00 1.279797979797979934e+01
1.455050505050504928e+00 1.263636363636363669e+01
1.518181818181818077e+00 1.287878787878787890e+01
1.442424242424242387e+00 1.223232323232323182e+01
1.568686868686868685e+00 1.295959595959596022e+01
1.455050505050504928e+00 1.271717171717171802e+01
1.467676767676767691e+00 1.328282828282828376e+01
1.480303030303030454e+00 1.320202020202020243e+01
1.442424242424242387e+00 1.271717171717171802e+01
1.455050505050504928e+00 1.231313131313131315e+01
1.391919191919192000e+00 1.255555555555555536e+01
1.429797979797979846e+00 1.295959595959596022e+01
1.593939393939393989e+00 1.384848484848484773e+01
1.455050505050504928e+00 1.271717171717171802e+01
1.530808080808080840e+00 1.320202020202020243e+01
1.404545454545454541e+00 1.271717171717171802e+01
1.619191919191919293e+00 1.368686868686868685e+01
1.492929292929292995e+00 1.279797979797979934e+01
1.682323232323232443e+00 1.425252525252525260e+01
1.518181818181818077e+00 1.344444444444444464e+01
1.366666666666666696e+00 1.215151515151515227e+01
1.379292929292929237e+00 1.215151515151515227e+01
1.467676767676767691e+00 1.247474747474747403e+01
1.581313131313131226e+00 1.320202020202020243e+01
1.379292929292929237e+00 1.255555555555555536e+01
1.720202020202020288e+00 1.441414141414141525e+01
1.366666666666666696e+00 1.255555555555555536e+01
1.480303030303030454e+00 1.223232323232323182e+01
1.530808080808080840e+00 1.328282828282828376e+01
1.518181818181818077e+00 1.401010101010101039e+01
1.391919191919192000e+00 1.231313131313131315e+01
1.417171717171717304e+00 1.279797979797979934e+01
1.593939393939393989e+00 1.304040404040404155e+01
1.265656565656565702e+00 1.198989898989898961e+01
1.404545454545454541e+00 1.304040404040404155e+01
1.391919191919192000e+00 1.207070707070707094e+01
1.417171717171717304e+00 1.231313131313131315e+01
1.328787878787878851e+00 1.182828282828282873e+01
1.455050505050504928e+00 1.255555555555555536e+01
1.568686868686868685e+00 1.320202020202020243e+01
1.556060606060606144e+00 1.344444444444444464e+01
1.505555555555555536e+00 1.295959595959596022e+01
1.303535353535353547e+00 1.207070707070707094e+01
1.455050505050504928e+00 1.223232323232323182e+01
1.354040404040404155e+00 1.190909090909091006e+01
1.530808080808080840e+00 1.287878787878787890e+01
1.417171717171717304e+00 1.263636363636363669e+01
1.619191919191919293e+00 1.417171717171717304e+01
1.417171717171717304e+00 1.215151515151515227e+01
1.417171717171717304e+00 1.215151515151515227e+01
1.556060606060606144e+00 1.328282828282828376e+01
1.467676767676767691e+00 1.304040404040404155e+01
1.467676767676767691e+00 1.223232323232323182e+01
1.480303030303030454e+00 1.247474747474747403e+01
1.391919191919192000e+00 1.263636363636363669e+01
1.429797979797979846e+00 1.215151515151515227e+01
1.429797979797979846e+00 1.215151515151515227e+01
1.518181818181818077e+00 1.304040404040404155e+01
1.316161616161616088e+00 1.190909090909091006e+01
1.455050505050504928e+00 1.263636363636363669e+01
1.366666666666666696e+00 1.182828282828282873e+01
1.492929292929292995e+00 1.271717171717171802e+01
1.391919191919192000e+00 1.271717171717171802e+01
1.568686868686868685e+00 1.336363636363636331e+01
1.442424242424242387e+00 1.360606060606060552e+01
1.480303030303030454e+00 1.295959595959596022e+01
1.442424242424242387e+00 1.198989898989898961e+01
1.568686868686868685e+00 1.328282828282828376e+01
1.455050505050504928e+00 1.247474747474747403e+01
1.417171717171717304e+00 1.231313131313131315e+01
1.505555555555555536e+00 1.352525252525252597e+01
1.391919191919192000e+00 1.287878787878787890e+01
1.404545454545454541e+00 1.239393939393939448e+01
1.543434343434343603e+00 1.295959595959596022e+01
1.354040404040404155e+00 1.263636363636363669e+01
1.568686868686868685e+00 1.328282828282828376e+01
1.480303030303030454e+00 1.255555555555555536e+01
1.404545454545454541e+00 1.223232323232323182e+01
1.518181818181818077e+00 1.312121212121212110e+01
1.619191919191919293e+00 1.352525252525252597e+01
1.682323232323232443e+00 1.457575757575757613e+01
1.556060606060606144e+00 1.320202020202020243e+01
1.316161616161616088e+00 1.174747474747474740e+01
1.593939393939393989e+00 1.304040404040404155e+01
1.455050505050504928e+00 1.215151515151515227e+01
1.442424242424242387e+00 1.255555555555555536e+01
1.492929292929292995e+00 1.287878787878787890e+01
1.480303030303030454e+00 1.263636363636363669e+01
1.480303030303030454e+00 1.328282828282828376e+01
1.429797979797979846e+00 1.271717171717171802e+01
1.505555555555555536e+00 1.295959595959596022e+01
1.480303030303030454e+00 1.336363636363636331e+01
1.442424242424242387e+00 1.231313131313131315e+01
1.593939393939393989e+00 1.344444444444444464e+01
1.391919191919192000e+00 1.207070707070707094e+01
1.404545454545454541e+00 1.215151515151515227e+01
1.568686868686868685e+00 1.320202020202020243e+01
1.404545454545454541e+00 1.255555555555555536e+01
1.328787878787878851e+00 1.207070707070707094e+01
1.518181818181818077e+00 1.287878787878787890e+01
1.518181818181818077e+00 1.279797979797979934e+01
1.505555555555555536e+00 1.312121212121212110e+01
1.732828282828282829e+00 1.457575757575757613e+01
1.530808080808080840e+00 1.271717171717171802e+01
1.404545454545454541e+00 1.190909090909091006e+01
1.290909090909091006e+00 1.134343434343434254e+01
1.530808080808080840e+00 1.312121212121212110e+01
1.492929292929292995e+00 1.271717171717171802e+01
1.442424242424242387e+00 1.231313131313131315e+01
1.328787878787878851e+00 1.150505050505050519e+01
1.328787878787878851e+00 1.223232323232323182e+01
1.657070707070707138e+00 1.376767676767676818e+01
1.366666666666666696e+00 1.255555555555555536e+01
1.379292929292929237e+00 1.231313131313131315e+01
1.442424242424242387e+00 1.271717171717171802e+01
1.720202020202020288e+00 1.392929292929293084e+01
1.568686868686868685e+00 1.336363636363636331e+01
1.442424242424242387e+00 1.247474747474747403e+01
1.442424242424242387e+00 1.239393939393939448e+01
1.467676767676767691e+00 1.271717171717171802e+01
1.429797979797979846e+00 1.223232323232323182e+01
1.303535353535353547e+00 1.247474747474747403e+01
1.442424242424242387e+00 1.215151515151515227e+01
1.556060606060606144e+00 1.328282828282828376e+01
1.455050505050504928e+00 1.279797979797979934e+01
1.543434343434343603e+00 1.328282828282828376e+01
1.467676767676767691e+00 1.279797979797979934e+01
1.480303030303030454e+00 1.247474747474747403e+01
1.354040404040404155e+00 1.255555555555555536e+01
1.530808080808080840e+00 1.287878787878787890e+01
1.492929292929292995e+00 1.304040404040404155e+01
1.417171717171717304e+00 1.190909090909091006e+01
1.442424242424242387e+00 1.328282828282828376e+01
1.354040404040404155e+00 1.182828282828282873e+01
1.290909090909091006e+00 1.198989898989898961e+01
1.467676767676767691e+00 1.255555555555555536e+01
1.682323232323232443e+00 1.360606060606060552e+01
1.366666666666666696e+00 1.271717171717171802e+01
1.492929292929292995e+00 1.295959595959596022e+01
1.366666666666666696e+00 1.190909090909091006e+01
1.581313131313131226e+00 1.336363636363636331e+01
1.543434343434343603e+00 1.352525252525252597e+01
1.467676767676767691e+00 1.247474747474747403e+01
1.707575757575757525e+00 1.481818181818181834e+01
1.429797979797979846e+00 1.287878787878787890e+01
1.682323232323232443e+00 1.368686868686868685e+01
1.480303030303030454e+00 1.295959595959596022e+01
1.467676767676767691e+00 1.247474747474747403e+01
1.429797979797979846e+00 1.207070707070707094e+01
1.442424242424242387e+00 1.215151515151515227e+01
1.366666666666666696e+00 1.287878787878787890e+01
1.417171717171717304e+00 1.263636363636363669e+01
1.619191919191919293e+00 1.384848484848484773e+01
1.455050505050504928e+00 1.271717171717171802e+01
1.417171717171717304e+00 1.247474747474747403e+01
1.455050505050504928e+00 1.198989898989898961e+01
1.480303030303030454e+00 1.287878787878787890e+01
1.631818181818181834e+00 1.392929292929293084e+01
1.455050505050504928e+00 1.231313131313131315e+01
1.518181818181818077e+00 1.295959595959596022e+01
1.379292929292929237e+00 1.190909090909091006e+01
1.556060606060606144e+00 1.312121212121212110e+01
1.467676767676767691e+00 1.239393939393939448e+01
1.455050505050504928e+00 1.223232323232323182e+01
1.707575757575757525e+00 1.392929292929293084e+01
1.354040404040404155e+00 1.215151515151515227e+01
1.391919191919192000e+00 1.223232323232323182e+01
1.391919191919192000e+00 1.198989898989898961e+01
1.354040404040404155e+00 1.174747474747474740e+01
1.543434343434343603e+00 1.376767676767676818e+01
1.417171717171717304e+00 1.255555555555555536e+01
1.543434343434343603e+00 1.304040404040404155e+01
1.442424242424242387e+00 1.271717171717171802e+01
1.429797979797979846e+00 1.255555555555555536e+01
1.442424242424242387e+00 1.231313131313131315e+01
1.530808080808080840e+00 1.279797979797979934e+01
1.391919191919192000e+00 1.190909090909091006e+01
1.455050505050504928e+00 1.247474747474747403e+01
1.455050505050504928e+00 1.271717171717171802e+01
1.429797979797979846e+00 1.239393939393939448e+01
1.631818181818181834e+00 1.368686868686868685e+01
1.518181818181818077e+00 1.295959595959596022e+01
1.568686868686868685e+00 1.312121212121212110e+01
1.480303030303030454e+00 1.312121212121212110e+01
1.417171717171717304e+00 1.271717171717171802e+01
1.455050505050504928e+00 1.207070707070707094e+01
1.492929292929292995e+00 1.287878787878787890e+01
1.366666666666666696e+00 1.215151515151515227e+01
1.492929292929292995e+00 1.263636363636363669e+01
1.391919191919192000e+00 1.247474747474747403e+01
1.328787878787878851e+00 1.255555555555555536e+01
1.593939393939393989e+00 1.287878787878787890e+01
1.619191919191919293e+00 1.409090909090909172e+01
1.581313131313131226e+00 1.320202020202020243e+01
1.455050505050504928e+00 1.215151515151515227e+01
1.556060606060606144e+00 1.320202020202020243e+01
1.556060606060606144e+00 1.295959595959596022e+01
1.404545454545454541e+00 1.223232323232323182e+01
1.556060606060606144e+00 1.320202020202020243e+01
1.455050505050504928e+00 1.223232323232323182e+01
1.530808080808080840e+00 1.312121212121212110e+01
1.480303030303030454e+00 1.279797979797979934e+01
1.442424242424242387e+00 1.223232323232323182e+01
1.518181818181818077e+00 1.304040404040404155e+01
1.455050505050504928e+00 1.247474747474747403e+01
1.505555555555555536e+00 1.287878787878787890e+01
1.530808080808080840e+00 1.312121212121212110e+01
1.492929292929292995e+00 1.295959595959596022e+01
1.455050505050504928e+00 1.215151515151515227e+01
1.518181818181818077e+00 1.295959595959596022e+01
1.455050505050504928e+00 1.239393939393939448e+01
1.543434343434343603e+00 1.328282828282828376e+01
1.442424242424242387e+00 1.255555555555555536e+01
1.429797979797979846e+00 1.255555555555555536e+01
1.455050505050504928e+00 1.271717171717171802e+01
1.366666666666666696e+00 1.287878787878787890e+01
1.631818181818181834e+00 1.320202020202020243e+01
1.391919191919192000e+00 1.207070707070707094e+01
1.366666666666666696e+00 1.239393939393939448e+01
1.455050505050504928e+00 1.263636363636363669e+01
1.606565656565656752e+00 1.360606060606060552e+01
1.505555555555555536e+00 1.312121212121212110e+01
1.316161616161616088e+00 1.198989898989898961e+01
1.530808080808080840e+00 1.271717171717171802e+01
1.354040404040404155e+00 1.271717171717171802e+01
1.316161616161616088e+00 1.158585858585858652e+01
1.556060606060606144e+00 1.328282828282828376e+01
1.480303030303030454e+00 1.271717171717171802e+01
1.341414141414141392e+00 1.198989898989898961e+01
1.530808080808080840e+00 1.279797979797979934e+01
1.354040404040404155e+00 1.215151515151515227e+01
1.467676767676767691e+00 1.287878787878787890e+01
1.543434343434343603e+00 1.320202020202020243e+01
1.290909090909091006e+00 1.190909090909091006e+01
1.480303030303030454e+00 1.336363636363636331e+01
1.480303030303030454e+00 1.279797979797979934e+01
1.442424242424242387e+00 1.304040404040404155e+01
1.429797979797979846e+00 1.247474747474747403e+01
1.391919191919192000e+00 1.198989898989898961e+01
1.379292929292929237e+00 1.263636363636363669e+01
1.556060606060606144e+00 1.336363636363636331e+01
1.391919191919192000e+00 1.263636363636363669e+01
1.303535353535353547e+00 1.150505050505050519e+01
1.328787878787878851e+00 1.231313131313131315e+01
1.341414141414141392e+00 1.198989898989898961e+01
1.404545454545454541e+00 1.384848484848484773e+01
1.530808080808080840e+00 1.279797979797979934e+01
1.480303030303030454e+00 1.344444444444444464e+01
1.417171717171717304e+00 1.271717171717171802e+01
1.429797979797979846e+00 1.231313131313131315e+01
1.341414141414141392e+00 1.198989898989898961e+01
1.543434343434343603e+00 1.287878787878787890e+01
1.391919191919192000e+00 1.223232323232323182e+01
1.391919191919192000e+00 1.271717171717171802e+01
1.379292929292929237e+00 1.190909090909091006e+01
1.518181818181818077e+00 1.255555555555555536e+01
1.404545454545454541e+00 1.255555555555555536e+01
1.530808080808080840e+00 1.312121212121212110e+01
1.391919191919192000e+00 1.207070707070707094e+01
1.505555555555555536e+00 1.304040404040404155e+01
1.442424242424242387e+00 1.215151515151515227e+01
1.442424242424242387e+00 1.198989898989898961e+01
1.720202020202020288e+00 1.425252525252525260e+01
1.417171717171717304e+00 1.231313131313131315e+01
1.391919191919192000e+00 1.263636363636363669e+01
1.455050505050504928e+00 1.247474747474747403e+01
1.265656565656565702e+00 1.118181818181818166e+01
1.631818181818181834e+00 1.320202020202020243e+01
1.505555555555555536e+00 1.255555555555555536e+01
1.518181818181818077e+00 1.271717171717171802e+01
1.505555555555555536e+00 1.312121212121212110e+01
1.391919191919192000e+00 1.295959595959596022e+01
1.619191919191919293e+00 1.384848484848484773e+01
1.404545454545454541e+00 1.207070707070707094e+01
1.290909090909091006e+00 1.182828282828282873e+01
1.442424242424242387e+00 1.287878787878787890e+01
1.492929292929292995e+00 1.336363636363636331e+01
1.480303030303030454e+00 1.279797979797979934e+01
1.530808080808080840e+00 1.328282828282828376e+01
1.391919191919192000e+00 1.271717171717171802e+01
1.240404040404040398e+00 1.158585858585858652e+01
1.442424242424242387e+00 1.223232323232323182e+01
1.290909090909091006e+00 1.150505050505050519e+01
1.593939393939393989e+00 1.344444444444444464e+01
1.417171717171717304e+00 1.295959595959596022e+01
1.442424242424242387e+00 1.295959595959596022e+01
1.480303030303030454e+00 1.287878787878787890e+01
1.518181818181818077e+00 1.279797979797979934e+01
1.455050505050504928e+00 1.231313131313131315e+01
1.492929292929292995e+00 1.279797979797979934e+01
1.417171717171717304e+00 1.198989898989898961e+01
1.593939393939393989e+00 1.376767676767676818e+01
1.417171717171717304e+00 1.231313131313131315e+01
1.341414141414141392e+00 1.134343434343434254e+01
1.505555555555555536e+00 1.304040404040404155e+01
1.505555555555555536e+00 1.255555555555555536e+01
1.303535353535353547e+00 1.118181818181818166e+01
1.366666666666666696e+00 1.190909090909091006e+01
1.391919191919192000e+00 1.174747474747474740e+01
1.530808080808080840e+00 1.352525252525252597e+01
1.606565656565656752e+00 1.441414141414141525e+01
1.556060606060606144e+00 1.360606060606060552e+01
1.593939393939393989e+00 1.368686868686868685e+01
1.404545454545454541e+00 1.239393939393939448e+01
1.404545454545454541e+00 1.231313131313131315e+01
1.341414141414141392e+00 1.142424242424242387e+01
1.644444444444444375e+00 1.425252525252525260e+01
1.568686868686868685e+00 1.312121212121212110e+01
1.518181818181818077e+00 1.320202020202020243e+01
1.505555555555555536e+00 1.295959595959596022e+01
1.417171717171717304e+00 1.239393939393939448e+01
1.455050505050504928e+00 1.207070707070707094e+01
1.480303030303030454e+00 1.255555555555555536e+01
1.455050505050504928e+00 1.287878787878787890e+01
1.354040404040404155e+00 1.207070707070707094e+01
1.379292929292929237e+00 1.287878787878787890e+01
1.543434343434343603e+00 1.304040404040404155e+01
1.530808080808080840e+00 1.368686868686868685e+01
1.417171717171717304e+00 1.231313131313131315e+01
1.556060606060606144e+00 1.320202020202020243e+01
1.518181818181818077e+00 1.271717171717171802e+01
1.417171717171717304e+00 1.271717171717171802e+01
1.505555555555555536e+00 1.336363636363636331e+01
1.379292929292929237e+00 1.247474747474747403e+01
1.530808080808080840e+00 1.279797979797979934e+01
1.455050505050504928e+00 1.344444444444444464e+01
1.492929292929292995e+00 1.312121212121212110e+01
1.568686868686868685e+00 1.287878787878787890e+01
1.543434343434343603e+00 1.368686868686868685e+01
1.492929292929292995e+00 1.344444444444444464e+01
1.391919191919192000e+00 1.207070707070707094e+01
1.379292929292929237e+00 1.255555555555555536e+01
1.480303030303030454e+00 1.247474747474747403e+01
1.530808080808080840e+00 1.263636363636363669e+01
1.505555555555555536e+00 1.376767676767676818e+01
1.455050505050504928e+00 1.271717171717171802e+01
1.606565656565656752e+00 1.304040404040404155e+01
1.480303030303030454e+00 1.263636363636363669e+01
1.404545454545454541e+00 1.255555555555555536e+01
1.391919191919192000e+00 1.198989898989898961e+01
1.518181818181818077e+00 1.255555555555555536e+01
1.492929292929292995e+00 1.287878787878787890e+01
1.467676767676767691e+00 1.320202020202020243e+01
1.417171717171717304e+00 1.223232323232323182e+01
1.581313131313131226e+00 1.392929292929293084e+01
1.391919191919192000e+00 1.223232323232323182e+01
1.328787878787878851e+00 1.190909090909091006e+01
1.492929292929292995e+00 1.247474747474747403e+01
1.366666666666666696e+00 1.182828282828282873e+01
1.492929292929292995e+00 1.255555555555555536e+01
1.631818181818181834e+00 1.360606060606060552e+01
1.619191919191919293e+00 1.409090909090909172e+01
1.366666666666666696e+00 1.198989898989898961e+01
1.391919191919192000e+00 1.312121212121212110e+01
1.391919191919192000e+00 1.207070707070707094e+01
1.480303030303030454e+00 1.231313131313131315e+01
1.556060606060606144e+00 1.287878787878787890e+01
1.480303030303030454e+00 1.255555555555555536e+01
1.492929292929292995e+00 1.287878787878787890e+01
1.391919191919192000e+00 1.279797979797979934e+01
1.442424242424242387e+00 1.207070707070707094e+01
1.492929292929292995e+00 1.239393939393939448e+01
1.455050505050504928e+00 1.328282828282828376e+01
1.543434343434343603e+00 1.304040404040404155e+01
1.518181818181818077e+00 1.295959595959596022e+01
1.505555555555555536e+00 1.287878787878787890e+01
1.606565656565656752e+00 1.352525252525252597e+01
1.429797979797979846e+00 1.320202020202020243e+01
1.429797979797979846e+00 1.271717171717171802e+01
1.518181818181818077e+00 1.295959595959596022e+01
1.492929292929292995e+00 1.263636363636363669e+01
1.581313131313131226e+00 1.328282828282828376e+01
1.404545454545454541e+00 1.295959595959596022e+01
1.442424242424242387e+00 1.279797979797979934e+01
1.581313131313131226e+00 1.433333333333333393e+01
1.404545454545454541e+00 1.384848484848484773e+01
1.505555555555555536e+00 1.279797979797979934e+01
1.480303030303030454e+00 1.360606060606060552e+01
1.417171717171717304e+00 1.182828282828282873e+01
1.467676767676767691e+00 1.336363636363636331e+01
1.505555555555555536e+00 1.336363636363636331e+01
1.429797979797979846e+00 1.287878787878787890e+01
1.442424242424242387e+00 1.207070707070707094e+01
1.619191919191919293e+00 1.344444444444444464e+01
1.379292929292929237e+00 1.295959595959596022e+01
1.492929292929292995e+00 1.344444444444444464e+01
1.442424242424242387e+00 1.239393939393939448e+01
1.543434343434343603e+00 1.271717171717171802e+01
1.417171717171717304e+00 1.198989898989898961e+01
1.303535353535353547e+00 1.182828282828282873e+01
1.505555555555555536e+00 1.239393939393939448e+01
1.429797979797979846e+00 1.207070707070707094e+01
1.480303030303030454e+00 1.215151515151515227e+01
1.669696969696969902e+00 1.360606060606060552e+01
1.366666666666666696e+00 1.174747474747474740e+01
1.429797979797979846e+00 1.247474747474747403e+01
1.556060606060606144e+00 1.376767676767676818e+01
1.354040404040404155e+00 1.150505050505050519e+01
1.556060606060606144e+00 1.304040404040404155e+01
1.455050505050504928e+00 1.287878787878787890e+01
1.492929292929292995e+00 1.223232323232323182e+01
1.568686868686868685e+00 1.312121212121212110e+01
1.492929292929292995e+00 1.336363636363636331e+01
1.442424242424242387e+00 1.255555555555555536e+01
1.568686868686868685e+00 1.312121212121212110e+01
1.442424242424242387e+00 1.247474747474747403e+01
1.404545454545454541e+00 1.223232323232323182e+01
1.492929292929292995e+00 1.271717171717171802e+01
1.404545454545454541e+00 1.263636363636363669e+01
1.455050505050504928e+00 1.295959595959596022e+01
1.442424242424242387e+00 1.239393939393939448e+01
1.442424242424242387e+00 1.255555555555555536e+01
1.404545454545454541e+00 1.239393939393939448e+01
1.480303030303030454e+00 1.279797979797979934e+01
1.518181818181818077e+00 1.312121212121212110e+01
1.316161616161616088e+00 1.239393939393939448e+01
1.492929292929292995e+00 1.304040404040404155e+01
1.429797979797979846e+00 1.255555555555555536e+01
1.417171717171717304e+00 1.247474747474747403e+01
1.593939393939393989e+00 1.376767676767676818e+01
1.404545454545454541e+00 1.263636363636363669e+01
1.593939393939393989e+00 1.336363636363636331e+01
1.530808080808080840e+00 1.328282828282828376e+01
1.391919191919192000e+00 1.287878787878787890e+01
1.366666666666666696e+00 1.223232323232323182e+01
1.505555555555555536e+00 1.352525252525252597e+01
1.455050505050504928e+00 1.239393939393939448e+01
1.505555555555555536e+00 1.320202020202020243e+01
1.429797979797979846e+00 1.247474747474747403e+01
1.442424242424242387e+00 1.239393939393939448e+01
1.467676767676767691e+00 1.263636363636363669e+01
1.366666666666666696e+00 1.198989898989898961e+01
1.518181818181818077e+00 1.263636363636363669e+01
1.492929292929292995e+00 1.287878787878787890e+01
1.391919191919192000e+00 1.215151515151515227e+01
1.429797979797979846e+00 1.223232323232323182e+01
2.035858585858585812e+00 1.562626262626262630e+01
1.366666666666666696e+00 1.231313131313131315e+01
1.518181818181818077e+00 1.352525252525252597e+01
1.455050505050504928e+00 1.320202020202020243e+01
1.341414141414141392e+00 1.166666666666666785e+01
1.429797979797979846e+00 1.271717171717171802e+01
1.391919191919192000e+00 1.198989898989898961e+01
1.568686868686868685e+00 1.320202020202020243e+01
1.644444444444444375e+00 1.320202020202020243e+01
1.417171717171717304e+00 1.279797979797979934e+01
1.568686868686868685e+00 1.344444444444444464e+01
1.328787878787878851e+00 1.150505050505050519e+01
1.480303030303030454e+00 1.320202020202020243e+01
1.505555555555555536e+00 1.320202020202020243e+01
1.366666666666666696e+00 1.255555555555555536e+01
1.379292929292929237e+00 1.190909090909091006e+01
1.429797979797979846e+00 1.223232323232323182e+01
1.391919191919192000e+00 1.215151515151515227e+01
1.492929292929292995e+00 1.304040404040404155e+01
1.492929292929292995e+00 1.287878787878787890e+01
1.619191919191919293e+00 1.279797979797979934e+01
1.492929292929292995e+00 1.312121212121212110e+01
1.354040404040404155e+00 1.182828282828282873e+01
1.429797979797979846e+00 1.231313131313131315e+01
1.467676767676767691e+00 1.263636363636363669e+01
1.391919191919192000e+00 1.263636363636363669e+01
1.379292929292929237e+00 1.215151515151515227e+01
1.404545454545454541e+00 1.263636363636363669e+01
1.606565656565656752e+00 1.376767676767676818e+01
1.404545454545454541e+00 1.207070707070707094e+01
1.442424242424242387e+00 1.255555555555555536e+01
1.530808080808080840e+00 1.352525252525252597e+01
1.429797979797979846e+00 1.279797979797979934e+01
1.429797979797979846e+00 1.239393939393939448e+01
1.467676767676767691e+00 1.247474747474747403e+01
1.505555555555555536e+00 1.336363636363636331e+01
1.593939393939393989e+00 1.336363636363636331e+01
1.581313131313131226e+00 1.336363636363636331e+01
1.316161616161616088e+00 1.190909090909091006e+01
1.303535353535353547e+00 1.247474747474747403e+01
1.354040404040404155e+00 1.223232323232323182e+01
1.417171717171717304e+00 1.231313131313131315e+01
1.467676767676767691e+00 1.271717171717171802e+01
1.543434343434343603e+00 1.263636363636363669e+01
1.947474747474747581e+00 1.198989898989898961e+01
1.278282828282828243e+00 1.182828282828282873e+01
1.556060606060606144e+00 1.328282828282828376e+01
1.530808080808080840e+00 1.328282828282828376e+01
1.480303030303030454e+00 1.295959595959596022e+01
1.391919191919192000e+00 1.223232323232323182e+01
1.467676767676767691e+00 1.271717171717171802e+01
1.467676767676767691e+00 1.255555555555555536e+01
1.467676767676767691e+00 1.223232323232323182e+01
1.366666666666666696e+00 1.263636363636363669e+01
1.366666666666666696e+00 1.207070707070707094e+01
1.467676767676767691e+00 1.231313131313131315e+01
1.455050505050504928e+00 1.271717171717171802e+01
1.480303030303030454e+00 1.360606060606060552e+01
1.480303030303030454e+00 1.263636363636363669e+01
1.455050505050504928e+00 1.304040404040404155e+01
1.429797979797979846e+00 1.295959595959596022e+01
1.518181818181818077e+00 1.255555555555555536e+01
1.631818181818181834e+00 1.401010101010101039e+01
1.884343434343434431e+00 1.473737373737373701e+01
1.455050505050504928e+00 1.190909090909091006e+01
1.341414141414141392e+00 1.239393939393939448e+01
1.455050505050504928e+00 1.223232323232323182e+01
1.417171717171717304e+00 1.223232323232323182e+01
1.556060606060606144e+00 1.376767676767676818e+01
1.404545454545454541e+00 1.223232323232323182e+01
1.417171717171717304e+00 1.182828282828282873e+01
1.657070707070707138e+00 1.376767676767676818e+01
1.543434343434343603e+00 1.368686868686868685e+01
1.417171717171717304e+00 1.207070707070707094e+01
1.455050505050504928e+00 1.231313131313131315e+01
1.556060606060606144e+00 1.409090909090909172e+01
1.379292929292929237e+00 1.190909090909091006e+01
1.480303030303030454e+00 1.263636363636363669e+01
1.227777777777777857e+00 1.102020202020202078e+01
1.341414141414141392e+00 1.190909090909091006e+01
1.720202020202020288e+00 1.368686868686868685e+01
1.379292929292929237e+00 1.279797979797979934e+01
1.492929292929292995e+00 1.247474747474747403e+01
1.581313131313131226e+00 1.320202020202020243e+01
1.467676767676767691e+00 1.295959595959596022e+01
1.581313131313131226e+00 1.376767676767676818e+01
1.404545454545454541e+00 1.279797979797979934e+01
1.518181818181818077e+00 1.352525252525252597e+01
1.467676767676767691e+00 1.287878787878787890e+01
1.467676767676767691e+00 1.287878787878787890e+01
1.379292929292929237e+00 1.223232323232323182e+01
1.379292929292929237e+00 1.182828282828282873e+01
1.404545454545454541e+00 1.263636363636363669e+01
1.556060606060606144e+00 1.344444444444444464e+01
1.429797979797979846e+00 1.247474747474747403e+01
1.593939393939393989e+00 1.328282828282828376e+01
1.404545454545454541e+00 1.190909090909091006e+01
1.492929292929292995e+00 1.263636363636363669e+01
1.492929292929292995e+00 1.336363636363636331e+01
1.442424242424242387e+00 1.198989898989898961e+01
1.429797979797979846e+00 1.287878787878787890e+01
1.303535353535353547e+00 1.182828282828282873e+01
1.429797979797979846e+00 1.223232323232323182e+01
1.429797979797979846e+00 1.215151515151515227e+01
1.492929292929292995e+00 1.271717171717171802e+01
1.480303030303030454e+00 1.320202020202020243e+01
1.442424242424242387e+00 1.215151515151515227e+01
1.480303030303030454e+00 1.215151515151515227e+01
1.783333333333333437e+00 1.497979797979797922e+01
1.341414141414141392e+00 1.215151515151515227e+01
1.518181818181818077e+00 1.271717171717171802e+01
1.631818181818181834e+00 1.384848484848484773e+01
1.303535353535353547e+00 1.150505050505050519e+01
1.492929292929292995e+00 1.255555555555555536e+01
1.480303030303030454e+00 1.239393939393939448e+01
1.379292929292929237e+00 1.223232323232323182e+01
1.467676767676767691e+00 1.295959595959596022e+01
1.404545454545454541e+00 1.223232323232323182e+01
1.808585858585858741e+00 1.425252525252525260e+01
1.366666666666666696e+00 1.231313131313131315e+01
1.404545454545454541e+00 1.247474747474747403e+01
1.429797979797979846e+00 1.263636363636363669e+01
1.455050505050504928e+00 1.271717171717171802e+01
1.518181818181818077e+00 1.295959595959596022e+01
1.467676767676767691e+00 1.247474747474747403e+01
1.505555555555555536e+00 1.263636363636363669e+01
1.442424242424242387e+00 1.207070707070707094e+01
1.505555555555555536e+00 1.255555555555555536e+01
1.593939393939393989e+00 1.360606060606060552e+01
1.568686868686868685e+00 1.344444444444444464e+01
1.455050505050504928e+00 1.255555555555555536e+01
1.391919191919192000e+00 1.207070707070707094e+01
1.366666666666666696e+00 1.223232323232323182e+01
1.593939393939393989e+00 1.352525252525252597e+01
1.455050505050504928e+00 1.271717171717171802e+01
1.379292929292929237e+00 1.190909090909091006e+01
1.530808080808080840e+00 1.287878787878787890e+01
1.543434343434343603e+00 1.320202020202020243e+01
1.391919191919192000e+00 1.255555555555555536e+01
1.379292929292929237e+00 1.223232323232323182e+01
1.366666666666666696e+00 1.215151515151515227e+01
1.417171717171717304e+00 1.603030303030303116e+01
1.505555555555555536e+00 1.279797979797979934e+01
1.417171717171717304e+00 1.255555555555555536e+01
1.391919191919192000e+00 1.182828282828282873e+01
1.379292929292929237e+00 1.271717171717171802e+01
1.417171717171717304e+00 1.223232323232323182e+01
1.328787878787878851e+00 1.190909090909091006e+01
1.530808080808080840e+00 1.255555555555555536e+01
1.492929292929292995e+00 1.295959595959596022e+01
1.480303030303030454e+00 1.312121212121212110e+01
1.366666666666666696e+00 1.247474747474747403e+01
1.467676767676767691e+00 1.295959595959596022e+01
1.467676767676767691e+00 1.239393939393939448e+01
1.316161616161616088e+00 1.150505050505050519e+01
1.518181818181818077e+00 1.279797979797979934e+01
1.442424242424242387e+00 1.247474747474747403e+01
1.328787878787878851e+00 1.223232323232323182e+01
1.593939393939393989e+00 1.401010101010101039e+01
1.492929292929292995e+00 1.279797979797979934e+01
1.505555555555555536e+00 1.320202020202020243e+01
1.379292929292929237e+00 1.255555555555555536e+01
1.379292929292929237e+00 1.182828282828282873e+01
1.354040404040404155e+00 1.174747474747474740e+01
1.720202020202020288e+00 1.360606060606060552e+01
1.442424242424242387e+00 1.231313131313131315e+01
1.442424242424242387e+00 1.304040404040404155e+01
1.518181818181818077e+00 1.271717171717171802e+01
1.745454545454545592e+00 1.473737373737373701e+01
1.568686868686868685e+00 1.336363636363636331e+01
1.505555555555555536e+00 1.376767676767676818e+01
1.505555555555555536e+00 1.247474747474747403e+01
1.530808080808080840e+00 1.368686868686868685e+01
1.429797979797979846e+00 1.263636363636363669e+01
1.644444444444444375e+00 1.384848484848484773e+01
1.417171717171717304e+00 1.198989898989898961e+01
1.543434343434343603e+00 1.279797979797979934e+01
1.530808080808080840e+00 1.360606060606060552e+01
1.391919191919192000e+00 1.247474747474747403e+01
1.593939393939393989e+00 1.344444444444444464e+01
1.972727272727272885e+00 1.554545454545454675e+01
1.366666666666666696e+00 1.231313131313131315e+01
1.455050505050504928e+00 1.215151515151515227e+01
1.417171717171717304e+00 1.247474747474747403e+01
1.455050505050504928e+00 1.207070707070707094e+01
1.707575757575757525e+00 1.368686868686868685e+01
1.518181818181818077e+00 1.344444444444444464e+01
1.581313131313131226e+00 1.336363636363636331e+01
1.556060606060606144e+00 1.271717171717171802e+01
1.391919191919192000e+00 1.271717171717171802e+01
1.568686868686868685e+00 1.449494949494949481e+01
1.568686868686868685e+00 1.287878787878787890e+01
1.568686868686868685e+00 1.336363636363636331e+01
1.455050505050504928e+00 1.263636363636363669e+01
1.404545454545454541e+00 1.223232323232323182e+01
1.593939393939393989e+00 1.328282828282828376e+01
1.429797979797979846e+00 1.279797979797979934e+01
1.593939393939393989e+00 1.352525252525252597e+01
1.543434343434343603e+00 1.328282828282828376e+01
1.518181818181818077e+00 1.295959595959596022e+01
1.505555555555555536e+00 1.304040404040404155e+01
1.505555555555555536e+00 1.279797979797979934e+01
1.455050505050504928e+00 1.207070707070707094e+01
1.429797979797979846e+00 1.271717171717171802e+01
1.543434343434343603e+00 1.271717171717171802e+01
1.480303030303030454e+00 1.239393939393939448e+01
1.505555555555555536e+00 1.271717171717171802e+01
1.366666666666666696e+00 1.263636363636363669e+01
1.404545454545454541e+00 1.247474747474747403e+01
1.581313131313131226e+00 1.368686868686868685e+01
1.467676767676767691e+00 1.247474747474747403e+01
1.455050505050504928e+00 1.271717171717171802e+01
1.455050505050504928e+00 1.320202020202020243e+01
1.909595959595959513e+00 1.473737373737373701e+01
1.303535353535353547e+00 1.174747474747474740e+01
1.455050505050504928e+00 1.312121212121212110e+01
1.455050505050504928e+00 1.215151515151515227e+01
1.467676767676767691e+00 1.223232323232323182e+01
1.467676767676767691e+00 1.304040404040404155e+01
1.328787878787878851e+00 1.190909090909091006e+01
1.354040404040404155e+00 1.239393939393939448e+01
1.429797979797979846e+00 1.215151515151515227e+01
1.467676767676767691e+00 1.328282828282828376e+01
1.316161616161616088e+00 1.231313131313131315e+01
1.480303030303030454e+00 1.247474747474747403e+01
1.492929292929292995e+00 1.336363636363636331e+01
1.593939393939393989e+00 1.312121212121212110e+01
1.518181818181818077e+00 1.304040404040404155e+01
1.543434343434343603e+00 1.263636363636363669e+01
1.556060606060606144e+00 1.368686868686868685e+01
1.417171717171717304e+00 1.239393939393939448e+01
1.404545454545454541e+00 1.279797979797979934e+01
1.467676767676767691e+00 1.215151515151515227e+01
1.354040404040404155e+00 1.190909090909091006e+01
1.505555555555555536e+00 1.255555555555555536e+01
1.442424242424242387e+00 1.223232323232323182e+01
1.354040404040404155e+00 1.239393939393939448e+01
1.505555555555555536e+00 1.255555555555555536e+01
1.518181818181818077e+00 1.312121212121212110e+01
1.518181818181818077e+00 1.312121212121212110e+01
1.505555555555555536e+00 1.312121212121212110e+01
1.518181818181818077e+00 1.295959595959596022e+01
1.442424242424242387e+00 1.231313131313131315e+01
1.492929292929292995e+00 1.255555555555555536e+01
1.455050505050504928e+00 1.239393939393939448e+01
1.467676767676767691e+00 1.215151515151515227e+01
1.581313131313131226e+00 1.336363636363636331e+01
1.480303030303030454e+00 1.239393939393939448e+01
1.265656565656565702e+00 1.150505050505050519e+01
1.303535353535353547e+00 1.231313131313131315e+01
1.379292929292929237e+00 1.190909090909091006e+01
1.682323232323232443e+00 1.295959595959596022e+01
1.391919191919192000e+00 1.231313131313131315e+01
1.391919191919192000e+00 1.279797979797979934e+01
1.480303030303030454e+00 1.247474747474747403e+01
1.606565656565656752e+00 1.352525252525252597e+01
1.354040404040404155e+00 1.182828282828282873e+01
1.694949494949494984e+00 1.392929292929293084e+01
1.391919191919192000e+00 1.255555555555555536e+01
1.505555555555555536e+00 1.328282828282828376e+01
1.505555555555555536e+00 1.295959595959596022e+01
1.417171717171717304e+00 1.190909090909091006e+01
1.379292929292929237e+00 1.190909090909091006e+01
1.619191919191919293e+00 1.392929292929293084e+01
1.379292929292929237e+00 1.279797979797979934e+01
1.379292929292929237e+00 1.255555555555555536e+01
1.480303030303030454e+00 1.295959595959596022e+01
1.530808080808080840e+00 1.279797979797979934e+01
1.593939393939393989e+00 1.336363636363636331e+01
1.442424242424242387e+00 1.231313131313131315e+01
1.606565656565656752e+00 1.360606060606060552e+01
1.467676767676767691e+00 1.304040404040404155e+01
1.568686868686868685e+00 1.336363636363636331e+01
1.391919191919192000e+00 1.207070707070707094e+01
1.480303030303030454e+00 1.295959595959596022e+01
1.341414141414141392e+00 1.182828282828282873e+01
1.455050505050504928e+00 1.295959595959596022e+01
1.467676767676767691e+00 1.255555555555555536e+01
1.518181818181818077e+00 1.328282828282828376e+01
1.556060606060606144e+00 1.320202020202020243e+01
1.556060606060606144e+00 1.320202020202020243e+01
1.379292929292929237e+00 1.190909090909091006e+01
1.543434343434343603e+00 1.312121212121212110e+01
1.492929292929292995e+00 1.320202020202020243e+01
1.467676767676767691e+00 1.312121212121212110e+01
1.518181818181818077e+00 1.287878787878787890e+01
1.606565656565656752e+00 1.336363636363636331e+01
1.467676767676767691e+00 1.279797979797979934e+01
1.593939393939393989e+00 1.392929292929293084e+01
1.467676767676767691e+00 1.279797979797979934e+01
1.568686868686868685e+00 1.336363636363636331e+01
1.366666666666666696e+00 1.247474747474747403e+01
1.505555555555555536e+00 1.255555555555555536e+01
1.366666666666666696e+00 1.223232323232323182e+01
1.442424242424242387e+00 1.239393939393939448e+01
1.467676767676767691e+00 1.344444444444444464e+01
1.455050505050504928e+00 1.198989898989898961e+01
1.379292929292929237e+00 1.239393939393939448e+01
1.480303030303030454e+00 1.279797979797979934e+01
1.265656565656565702e+00 1.110101010101010033e+01
1.606565656565656752e+00 1.425252525252525260e+01
1.391919191919192000e+00 1.223232323232323182e+01
1.568686868686868685e+00 1.312121212121212110e+01
1.467676767676767691e+00 1.304040404040404155e+01
1.442424242424242387e+00 1.287878787878787890e+01
1.530808080808080840e+00 1.271717171717171802e+01
1.391919191919192000e+00 1.263636363636363669e+01
1.467676767676767691e+00 1.279797979797979934e+01
1.354040404040404155e+00 1.207070707070707094e+01
1.492929292929292995e+00 1.328282828282828376e+01
1.694949494949494984e+00 1.409090909090909172e+01
1.492929292929292995e+00 1.231313131313131315e+01
1.455050505050504928e+00 1.279797979797979934e+01
1.455050505050504928e+00 1.263636363636363669e+01
1.429797979797979846e+00 1.255555555555555536e+01
1.341414141414141392e+00 1.263636363636363669e+01
1.391919191919192000e+00 1.320202020202020243e+01
1.379292929292929237e+00 1.150505050505050519e+01
1.467676767676767691e+00 1.223232323232323182e+01
1.379292929292929237e+00 1.263636363636363669e+01
1.417171717171717304e+00 1.182828282828282873e+01
1.619191919191919293e+00 1.368686868686868685e+01
1.366666666666666696e+00 1.174747474747474740e+01
1.492929292929292995e+00 1.287878787878787890e+01
1.581313131313131226e+00 1.433333333333333393e+01
1.354040404040404155e+00 1.263636363636363669e+01
1.505555555555555536e+00 1.263636363636363669e+01
1.556060606060606144e+00 1.295959595959596022e+01
1.290909090909091006e+00 1.158585858585858652e+01
1.922222222222222276e+00 1.481818181818181834e+01
1.442424242424242387e+00 1.247474747474747403e+01
1.354040404040404155e+00 1.231313131313131315e+01
1.303535353535353547e+00 1.215151515151515227e+01
1.265656565656565702e+00 1.110101010101010033e+01
1.480303030303030454e+00 1.263636363636363669e+01
1.366666666666666696e+00 1.215151515151515227e+01
1.518181818181818077e+00 1.304040404040404155e+01
1.467676767676767691e+00 1.271717171717171802e+01
1.644444444444444375e+00 1.320202020202020243e+01
1.556060606060606144e+00 1.320202020202020243e+01
1.366666666666666696e+00 1.263636363636363669e+01
1.581313131313131226e+00 1.304040404040404155e+01
1.417171717171717304e+00 1.295959595959596022e+01
1.505555555555555536e+00 1.279797979797979934e+01
1.619191919191919293e+00 1.336363636363636331e+01
1.745454545454545592e+00 1.506060606060606233e+01
1.391919191919192000e+00 1.223232323232323182e+01
1.379292929292929237e+00 1.239393939393939448e+01
1.442424242424242387e+00 1.279797979797979934e+01
1.492929292929292995e+00 1.279797979797979934e+01
1.417171717171717304e+00 1.279797979797979934e+01
1.467676767676767691e+00 1.231313131313131315e+01
1.619191919191919293e+00 1.344444444444444464e+01
1.492929292929292995e+00 1.279797979797979934e+01
1.404545454545454541e+00 1.215151515151515227e+01
1.379292929292929237e+00 1.223232323232323182e+01
1.455050505050504928e+00 1.271717171717171802e+01
1.530808080808080840e+00 1.312121212121212110e+01
1.467676767676767691e+00 1.215151515151515227e+01
1.316161616161616088e+00 1.142424242424242387e+01
1.480303030303030454e+00 1.239393939393939448e+01
1.366666666666666696e+00 1.182828282828282873e+01
1.417171717171717304e+00 1.215151515151515227e+01
1.480303030303030454e+00 1.279797979797979934e+01
1.442424242424242387e+00 1.207070707070707094e+01
1.303535353535353547e+00 1.166666666666666785e+01
1.480303030303030454e+00 1.271717171717171802e+01
1.379292929292929237e+00 1.295959595959596022e+01
1.631818181818181834e+00 1.384848484848484773e+01
1.442424242424242387e+00 1.304040404040404155e+01
1.593939393939393989e+00 1.304040404040404155e+01
1.543434343434343603e+00 1.312121212121212110e+01
1.606565656565656752e+00 1.271717171717171802e+01
1.644444444444444375e+00 1.465656565656565746e+01
1.404545454545454541e+00 1.223232323232323182e+01
1.467676767676767691e+00 1.207070707070707094e+01
1.480303030303030454e+00 1.287878787878787890e+01
1.379292929292929237e+00 1.231313131313131315e+01
1.354040404040404155e+00 1.223232323232323182e+01
1.480303030303030454e+00 1.239393939393939448e+01
1.543434343434343603e+00 1.312121212121212110e+01
1.455050505050504928e+00 1.239393939393939448e+01
1.492929292929292995e+00 1.263636363636363669e+01
1.404545454545454541e+00 1.223232323232323182e+01
1.417171717171717304e+00 1.247474747474747403e+01
1.543434343434343603e+00 1.320202020202020243e+01
1.619191919191919293e+00 1.360606060606060552e+01
1.417171717171717304e+00 1.239393939393939448e+01
1.492929292929292995e+00 1.239393939393939448e+01
1.366666666666666696e+00 1.174747474747474740e+01
1.568686868686868685e+00 1.312121212121212110e+01
1.505555555555555536e+00 1.344444444444444464e+01
1.480303030303030454e+00 1.239393939393939448e+01
1.480303030303030454e+00 1.255555555555555536e+01
1.492929292929292995e+00 1.312121212121212110e+01
1.505555555555555536e+00 1.368686868686868685e+01
1.492929292929292995e+00 1.279797979797979934e+01
1.455050505050504928e+00 1.190909090909091006e+01
1.328787878787878851e+00 1.263636363636363669e+01
1.530808080808080840e+00 1.320202020202020243e+01
1.379292929292929237e+00 1.279797979797979934e+01
1.467676767676767691e+00 1.231313131313131315e+01
1.442424242424242387e+00 1.215151515151515227e+01
1.492929292929292995e+00 1.287878787878787890e+01
1.492929292929292995e+00 1.312121212121212110e+01
1.303535353535353547e+00 1.166666666666666785e+01
1.467676767676767691e+00 1.255555555555555536e+01
1.442424242424242387e+00 1.328282828282828376e+01
1.518181818181818077e+00 1.328282828282828376e+01
1.492929292929292995e+00 1.287878787878787890e+01
1.682323232323232443e+00 1.336363636363636331e+01
1.467676767676767691e+00 1.312121212121212110e+01
1.442424242424242387e+00 1.223232323232323182e+01
1.530808080808080840e+00 1.312121212121212110e+01
1.442424242424242387e+00 1.271717171717171802e+01
1.467676767676767691e+00 1.255555555555555536e+01
1.707575757575757525e+00 1.376767676767676818e+01
1.543434343434343603e+00 1.312121212121212110e+01
1.480303030303030454e+00 1.247474747474747403e+01
1.568686868686868685e+00 1.320202020202020243e+01
1.455050505050504928e+00 1.271717171717171802e+01
1.366666666666666696e+00 1.239393939393939448e+01
1.606565656565656752e+00 1.409090909090909172e+01
1.530808080808080840e+00 1.271717171717171802e+01
1.417171717171717304e+00 1.215151515151515227e+01
1.417171717171717304e+00 1.215151515151515227e+01
1.543434343434343603e+00 1.312121212121212110e+01
1.404545454545454541e+00 1.239393939393939448e+01
1.467676767676767691e+00 1.263636363636363669e+01
1.467676767676767691e+00 1.239393939393939448e+01
1.379292929292929237e+00 1.198989898989898961e+01
1.543434343434343603e+00 1.320202020202020243e+01
1.492929292929292995e+00 1.352525252525252597e+01
1.606565656565656752e+00 1.336363636363636331e+01
1.379292929292929237e+00 1.279797979797979934e+01
1.530808080808080840e+00 1.279797979797979934e+01
1.581313131313131226e+00 1.344444444444444464e+01
1.518181818181818077e+00 1.287878787878787890e+01
1.290909090909091006e+00 1.182828282828282873e+01
1.530808080808080840e+00 1.312121212121212110e+01
1.417171717171717304e+00 1.223232323232323182e+01
1.366666666666666696e+00 1.223232323232323182e+01
1.492929292929292995e+00 1.336363636363636331e+01
1.480303030303030454e+00 1.263636363636363669e+01
1.568686868686868685e+00 1.360606060606060552e+01
1.593939393939393989e+00 1.368686868686868685e+01
1.492929292929292995e+00 1.271717171717171802e+01
1.404545454545454541e+00 1.239393939393939448e+01
1.505555555555555536e+00 1.287878787878787890e+01
1.467676767676767691e+00 1.304040404040404155e+01
1.391919191919192000e+00 1.231313131313131315e+01
1.518181818181818077e+00 1.271717171717171802e+01
1.316161616161616088e+00 1.231313131313131315e+01
1.480303030303030454e+00 1.312121212121212110e+01
1.265656565656565702e+00 1.158585858585858652e+01
1.379292929292929237e+00 1.198989898989898961e+01
1.429797979797979846e+00 1.336363636363636331e+01
1.505555555555555536e+00 1.312121212121212110e+01
1.429797979797979846e+00 1.198989898989898961e+01
1.328787878787878851e+00 1.190909090909091006e+01
1.543434343434343603e+00 1.328282828282828376e+01
1.240404040404040398e+00 1.198989898989898961e+01
1.518181818181818077e+00 1.304040404040404155e+01
1.442424242424242387e+00 1.255555555555555536e+01
1.429797979797979846e+00 1.239393939393939448e+01
1.543434343434343603e+00 1.304040404040404155e+01
1.467676767676767691e+00 1.255555555555555536e+01
1.417171717171717304e+00 1.247474747474747403e+01
1.391919191919192000e+00 1.207070707070707094e+01
1.391919191919192000e+00 1.239393939393939448e+01
1.505555555555555536e+00 1.287878787878787890e+01
1.518181818181818077e+00 1.279797979797979934e+01
1.303535353535353547e+00 1.231313131313131315e+01
1.391919191919192000e+00 1.207070707070707094e+01
1.328787878787878851e+00 1.247474747474747403e+01
1.518181818181818077e+00 1.360606060606060552e+01
1.593939393939393989e+00 1.344444444444444464e+01
1.568686868686868685e+00 1.344444444444444464e+01
1.366666666666666696e+00 1.215151515151515227e+01
1.455050505050504928e+00 1.263636363636363669e+01
1.404545454545454541e+00 1.215151515151515227e+01
1.467676767676767691e+00 1.239393939393939448e+01
1.341414141414141392e+00 1.158585858585858652e+01
1.644444444444444375e+00 1.328282828282828376e+01
1.391919191919192000e+00 1.239393939393939448e+01
1.467676767676767691e+00 1.231313131313131315e+01
1.442424242424242387e+00 1.231313131313131315e+01
1.442424242424242387e+00 1.207070707070707094e+01
1.669696969696969902e+00 1.392929292929293084e+01
1.278282828282828243e+00 1.182828282828282873e+01
1.379292929292929237e+00 1.223232323232323182e+01
1.518181818181818077e+00 1.295959595959596022e+01
1.518181818181818077e+00 1.255555555555555536e+01
1.518181818181818077e+00 1.295959595959596022e+01
1.581313131313131226e+00 1.336363636363636331e+01
1.783333333333333437e+00 1.489898989898989967e+01
1.505555555555555536e+00 1.247474747474747403e+01
1.480303030303030454e+00 1.320202020202020243e+01
1.556060606060606144e+00 1.295959595959596022e+01
1.480303030303030454e+00 1.271717171717171802e+01
1.404545454545454541e+00 1.215151515151515227e+01
1.644444444444444375e+00 1.320202020202020243e+01
1.606565656565656752e+00 1.368686868686868685e+01
1.492929292929292995e+00 1.344444444444444464e+01
1.354040404040404155e+00 1.166666666666666785e+01
1.492929292929292995e+00 1.287878787878787890e+01
1.505555555555555536e+00 1.287878787878787890e+01
1.442424242424242387e+00 1.255555555555555536e+01
1.492929292929292995e+00 1.304040404040404155e+01
1.505555555555555536e+00 1.312121212121212110e+01
1.694949494949494984e+00 1.368686868686868685e+01
1.530808080808080840e+00 1.287878787878787890e+01
1.896969696969696972e+00 1.457575757575757613e+01
1.492929292929292995e+00 1.287878787878787890e+01
1.417171717171717304e+00 1.279797979797979934e+01
1.455050505050504928e+00 1.223232323232323182e+01
1.682323232323232443e+00 1.409090909090909172e+01
1.417171717171717304e+00 1.295959595959596022e+01
1.341414141414141392e+00 1.190909090909091006e+01
1.518181818181818077e+00 1.352525252525252597e+01
1.480303030303030454e+00 1.271717171717171802e+01
1.859090909090909127e+00 1.497979797979797922e+01
1.505555555555555536e+00 1.271717171717171802e+01
1.480303030303030454e+00 1.223232323232323182e+01
1.341414141414141392e+00 1.182828282828282873e+01
1.467676767676767691e+00 1.255555555555555536e+01
1.505555555555555536e+00 1.312121212121212110e+01
1.379292929292929237e+00 1.198989898989898961e+01
1.657070707070707138e+00 1.320202020202020243e+01
1.606565656565656752e+00 1.344444444444444464e+01
1.543434343434343603e+00 1.304040404040404155e+01
1.543434343434343603e+00 1.263636363636363669e+01
1.442424242424242387e+00 1.263636363636363669e+01
1.391919191919192000e+00 1.231313131313131315e+01
1.505555555555555536e+00 1.336363636363636331e+01
1.543434343434343603e+00 1.312121212121212110e+01
1.404545454545454541e+00 1.223232323232323182e+01
1.530808080808080840e+00 1.263636363636363669e+01
1.505555555555555536e+00 1.279797979797979934e+01
1.429797979797979846e+00 1.223232323232323182e+01
1.543434343434343603e+00 1.336363636363636331e+01
1.795959595959595978e+00 1.401010101010101039e+01
1.442424242424242387e+00 1.215151515151515227e+01
1.467676767676767691e+00 1.263636363636363669e+01
1.429797979797979846e+00 1.231313131313131315e+01
1.480303030303030454e+00 1.312121212121212110e+01
1.341414141414141392e+00 1.223232323232323182e+01
1.543434343434343603e+00 1.320202020202020243e+01
1.442424242424242387e+00 1.215151515151515227e+01
1.593939393939393989e+00 1.360606060606060552e+01
1.290909090909091006e+00 1.134343434343434254e+01
1.442424242424242387e+00 1.336363636363636331e+01
1.505555555555555536e+00 1.304040404040404155e+01
1.467676767676767691e+00 1.263636363636363669e+01
2.023232323232323271e+00 1.554545454545454675e+01
1.366666666666666696e+00 1.247474747474747403e+01
1.556060606060606144e+00 1.328282828282828376e+01
1.417171717171717304e+00 1.207070707070707094e+01
1.593939393939393989e+00 1.352525252525252597e+01
1.341414141414141392e+00 1.239393939393939448e+01
1.480303030303030454e+00 1.263636363636363669e+01
1.467676767676767691e+00 1.295959595959596022e+01
1.492929292929292995e+00 1.279797979797979934e+01
1.379292929292929237e+00 1.287878787878787890e+01
1.480303030303030454e+00 1.304040404040404155e+01
1.530808080808080840e+00 1.312121212121212110e+01
1.556060606060606144e+00 1.312121212121212110e+01
1.480303030303030454e+00 1.239393939393939448e+01
1.366666666666666696e+00 1.247474747474747403e+01
1.429797979797979846e+00 1.247474747474747403e+01
1.455050505050504928e+00 1.328282828282828376e+01
1.404545454545454541e+00 1.247474747474747403e+01
1.417171717171717304e+00 1.247474747474747403e+01
1.417171717171717304e+00 1.328282828282828376e+01
1.480303030303030454e+00 1.295959595959596022e+01
1.455050505050504928e+00 1.247474747474747403e+01
1.379292929292929237e+00 1.247474747474747403e+01
1.480303030303030454e+00 1.247474747474747403e+01
1.404545454545454541e+00 1.239393939393939448e+01
1.354040404040404155e+00 1.207070707070707094e+01
1.505555555555555536e+00 1.328282828282828376e+01
1.518181818181818077e+00 1.287878787878787890e+01
1.417171717171717304e+00 1.239393939393939448e+01
1.518181818181818077e+00 1.263636363636363669e+01
1.467676767676767691e+00 1.239393939393939448e+01
1.480303030303030454e+00 1.239393939393939448e+01
1.455050505050504928e+00 1.255555555555555536e+01
1.492929292929292995e+00 1.239393939393939448e+01
1.505555555555555536e+00 1.287878787878787890e+01
1.442424242424242387e+00 1.255555555555555536e+01
1.442424242424242387e+00 1.336363636363636331e+01
1.404545454545454541e+00 1.239393939393939448e+01
1.518181818181818077e+00 1.304040404040404155e+01
1.530808080808080840e+00 1.304040404040404155e+01
1.354040404040404155e+00 1.271717171717171802e+01
1.391919191919192000e+00 1.198989898989898961e+01
1.530808080808080840e+00 1.320202020202020243e+01
1.429797979797979846e+00 1.295959595959596022e+01
1.480303030303030454e+00 1.223232323232323182e+01
1.442424242424242387e+00 1.239393939393939448e+01
1.657070707070707138e+00 1.360606060606060552e+01
1.379292929292929237e+00 1.207070707070707094e+01
1.227777777777777857e+00 1.061616161616161591e+01
1.379292929292929237e+00 1.182828282828282873e+01
1.290909090909091006e+00 1.198989898989898961e+01
1.568686868686868685e+00 1.304040404040404155e+01
1.505555555555555536e+00 1.312121212121212110e+01
1.480303030303030454e+00 1.263636363636363669e+01
1.530808080808080840e+00 1.304040404040404155e+01
1.492929292929292995e+00 1.263636363636363669e+01
1.253030303030302939e+00 1.126262626262626299e+01
1.530808080808080840e+00 1.304040404040404155e+01
1.543434343434343603e+00 1.352525252525252597e+01
1.593939393939393989e+00 1.328282828282828376e+01
1.606565656565656752e+00 1.344444444444444464e+01
1.455050505050504928e+00 1.263636363636363669e+01
1.354040404040404155e+00 1.247474747474747403e+01
1.467676767676767691e+00 1.255555555555555536e+01
1.543434343434343603e+00 1.312121212121212110e+01
1.480303030303030454e+00 1.263636363636363669e+01
1.682323232323232443e+00 1.409090909090909172e+01
1.518181818181818077e+00 1.312121212121212110e+01
1.581313131313131226e+00 1.328282828282828376e+01
1.290909090909091006e+00 1.190909090909091006e+01
1.328787878787878851e+00 1.215151515151515227e+01
1.543434343434343603e+00 1.287878787878787890e+01
1.480303030303030454e+00 1.247474747474747403e+01
1.391919191919192000e+00 1.239393939393939448e+01
1.530808080808080840e+00 1.368686868686868685e+01
1.631818181818181834e+00 1.401010101010101039e+01
1.442424242424242387e+00 1.255555555555555536e+01
1.631818181818181834e+00 1.441414141414141525e+01
1.492929292929292995e+00 1.263636363636363669e+01
1.543434343434343603e+00 1.287878787878787890e+01
1.455050505050504928e+00 1.247474747474747403e+01
1.366666666666666696e+00 1.207070707070707094e+01
1.518181818181818077e+00 1.304040404040404155e+01
1.290909090909091006e+00 1.182828282828282873e+01
1.366666666666666696e+00 1.198989898989898961e+01
1.568686868686868685e+00 1.320202020202020243e+01
1.404545454545454541e+00 1.239393939393939448e+01
1.404545454545454541e+00 1.271717171717171802e+01
1.480303030303030454e+00 1.279797979797979934e+01
1.442424242424242387e+00 1.239393939393939448e+01
1.391919191919192000e+00 1.223232323232323182e+01
1.455050505050504928e+00 1.295959595959596022e+01
1.505555555555555536e+00 1.344444444444444464e+01
1.455050505050504928e+00 1.231313131313131315e+01
1.467676767676767691e+00 1.247474747474747403e+01
1.480303030303030454e+00 1.271717171717171802e+01
1.480303030303030454e+00 1.271717171717171802e+01
1.795959595959595978e+00 1.506060606060606233e+01
1.391919191919192000e+00 1.279797979797979934e+01
1.467676767676767691e+00 1.247474747474747403e+01
1.530808080808080840e+00 1.295959595959596022e+01
1.417171717171717304e+00 1.287878787878787890e+01
1.429797979797979846e+00 1.287878787878787890e+01
1.480303030303030454e+00 1.344444444444444464e+01
1.316161616161616088e+00 1.174747474747474740e+01
1.682323232323232443e+00 1.360606060606060552e+01
1.480303030303030454e+00 1.263636363636363669e+01
1.354040404040404155e+00 1.271717171717171802e+01
1.442424242424242387e+00 1.198989898989898961e+01
1.505555555555555536e+00 1.287878787878787890e+01
1.391919191919192000e+00 1.239393939393939448e+01
1.732828282828282829e+00 1.506060606060606233e+01
1.492929292929292995e+00 1.231313131313131315e+01
1.480303030303030454e+00 1.328282828282828376e+01
1.530808080808080840e+00 1.255555555555555536e+01
1.467676767676767691e+00 1.231313131313131315e+01
1.492929292929292995e+00 1.271717171717171802e+01
1.442424242424242387e+00 1.239393939393939448e+01
1.467676767676767691e+00 1.231313131313131315e+01
1.429797979797979846e+00 1.287878787878787890e+01
1.631818181818181834e+00 1.336363636363636331e+01
1.429797979797979846e+00 1.198989898989898961e+01
1.505555555555555536e+00 1.295959595959596022e+01
1.505555555555555536e+00 1.287878787878787890e+01
1.442424242424242387e+00 1.247474747474747403e+01
1.480303030303030454e+00 1.336363636363636331e+01
1.366666666666666696e+00 1.182828282828282873e+01
1.467676767676767691e+00 1.263636363636363669e+01
1.593939393939393989e+00 1.449494949494949481e+01
1.581313131313131226e+00 1.376767676767676818e+01
1.492929292929292995e+00 1.344444444444444464e+01
1.492929292929292995e+00 1.255555555555555536e+01
1.518181818181818077e+00 1.271717171717171802e+01
1.518181818181818077e+00 1.312121212121212110e+01
1.480303030303030454e+00 1.271717171717171802e+01
1.366666666666666696e+00 1.198989898989898961e+01
1.442424242424242387e+00 1.239393939393939448e+01
1.227777777777777857e+00 1.174747474747474740e+01
1.593939393939393989e+00 1.328282828282828376e+01
1.417171717171717304e+00 1.271717171717171802e+01
1.303535353535353547e+00 1.247474747474747403e+01
1.417171717171717304e+00 1.231313131313131315e+01
1.593939393939393989e+00 1.328282828282828376e+01
1.341414141414141392e+00 1.231313131313131315e+01
1.467676767676767691e+00 1.207070707070707094e+01
1.556060606060606144e+00 1.263636363636363669e+01
1.530808080808080840e+00 1.304040404040404155e+01
1.492929292929292995e+00 1.287878787878787890e+01
1.455050505050504928e+00 1.287878787878787890e+01
1.492929292929292995e+00 1.312121212121212110e+01
1.657070707070707138e+00 1.409090909090909172e+01
1.606565656565656752e+00 1.368686868686868685e+01
1.556060606060606144e+00 1.320202020202020243e+01
1.568686868686868685e+00 1.312121212121212110e+01
1.568686868686868685e+00 1.344444444444444464e+01
1.442424242424242387e+00 1.207070707070707094e+01
1.354040404040404155e+00 1.198989898989898961e+01
1.328787878787878851e+00 1.207070707070707094e+01
1.391919191919192000e+00 1.247474747474747403e+01
1.404545454545454541e+00 1.304040404040404155e+01
1.467676767676767691e+00 1.279797979797979934e+01
1.429797979797979846e+00 1.223232323232323182e+01
1.518181818181818077e+00 1.271717171717171802e+01
1.480303030303030454e+00 1.247474747474747403e+01
1.568686868686868685e+00 1.433333333333333393e+01
1.442424242424242387e+00 1.198989898989898961e+01
1.429797979797979846e+00 1.263636363636363669e+01
1.492929292929292995e+00 1.368686868686868685e+01
1.429797979797979846e+00 1.320202020202020243e+01
1.530808080808080840e+00 1.320202020202020243e+01
1.492929292929292995e+00 1.320202020202020243e+01
1.417171717171717304e+00 1.255555555555555536e+01
1.366666666666666696e+00 1.255555555555555536e+01
1.581313131313131226e+00 1.328282828282828376e+01
1.417171717171717304e+00 1.287878787878787890e+01
1.455050505050504928e+00 1.231313131313131315e+01
1.518181818181818077e+00 1.263636363636363669e+01
1.593939393939393989e+00 1.344444444444444464e+01
1.505555555555555536e+00 1.279797979797979934e+01
1.467676767676767691e+00 1.239393939393939448e+01
1.404545454545454541e+00 1.255555555555555536e+01
1.505555555555555536e+00 1.328282828282828376e+01
1.518181818181818077e+00 1.295959595959596022e+01
1.455050505050504928e+00 1.255555555555555536e+01
1.391919191919192000e+00 1.231313131313131315e+01
1.379292929292929237e+00 1.207070707070707094e+01
1.442424242424242387e+00 1.239393939393939448e+01
1.505555555555555536e+00 1.263636363636363669e+01
1.783333333333333437e+00 1.433333333333333393e+01
1.455050505050504928e+00 1.263636363636363669e+01
1.455050505050504928e+00 1.239393939393939448e+01
1.669696969696969902e+00 1.352525252525252597e+01
1.568686868686868685e+00 1.328282828282828376e+01
1.404545454545454541e+00 1.271717171717171802e+01
1.366666666666666696e+00 1.166666666666666785e+01
1.455050505050504928e+00 1.223232323232323182e+01
1.492929292929292995e+00 1.255555555555555536e+01
1.606565656565656752e+00 1.384848484848484773e+01
1.391919191919192000e+00 1.215151515151515227e+01
1.530808080808080840e+00 1.279797979797979934e+01
1.518181818181818077e+00 1.320202020202020243e+01
1.442424242424242387e+00 1.231313131313131315e+01
1.442424242424242387e+00 1.312121212121212110e+01
1.366666666666666696e+00 1.174747474747474740e+01
1.518181818181818077e+00 1.320202020202020243e+01
1.467676767676767691e+00 1.239393939393939448e+01
1.278282828282828243e+00 1.198989898989898961e+01
1.278282828282828243e+00 1.174747474747474740e+01
1.556060606060606144e+00 1.328282828282828376e+01
1.518181818181818077e+00 1.271717171717171802e+01
1.467676767676767691e+00 1.239393939393939448e+01
1.492929292929292995e+00 1.247474747474747403e+01
1.429797979797979846e+00 1.304040404040404155e+01
1.379292929292929237e+00 1.174747474747474740e+01
1.530808080808080840e+00 1.320202020202020243e+01
1.328787878787878851e+00 1.207070707070707094e+01
1.505555555555555536e+00 1.271717171717171802e+01
1.379292929292929237e+00 1.198989898989898961e+01
1.455050505050504928e+00 1.287878787878787890e+01
1.404545454545454541e+00 1.215151515151515227e+01
1.404545454545454541e+00 1.215151515151515227e+01
1.480303030303030454e+00 1.312121212121212110e+01
1.505555555555555536e+00 1.271717171717171802e+01
1.417171717171717304e+00 1.239393939393939448e+01
1.354040404040404155e+00 1.207070707070707094e+01
1.556060606060606144e+00 1.320202020202020243e+01
1.404545454545454541e+00 1.207070707070707094e+01
1.455050505050504928e+00 1.263636363636363669e+01
1.455050505050504928e+00 1.279797979797979934e+01
1.505555555555555536e+00 1.287878787878787890e+01
1.505555555555555536e+00 1.320202020202020243e+01
1.417171717171717304e+00 1.198989898989898961e+01
1.429797979797979846e+00 1.223232323232323182e+01
1.467676767676767691e+00 1.223232323232323182e+01
1.404545454545454541e+00 1.207070707070707094e+01
1.593939393939393989e+00 1.304040404040404155e+01
1.442424242424242387e+00 1.255555555555555536e+01
1.366666666666666696e+00 1.247474747474747403e+01
1.480303030303030454e+00 1.239393939393939448e+01
1.404545454545454541e+00 1.239393939393939448e+01
1.518181818181818077e+00 1.336363636363636331e+01
1.530808080808080840e+00 1.360606060606060552e+01
1.455050505050504928e+00 1.223232323232323182e+01
1.530808080808080840e+00 1.295959595959596022e+01
1.442424242424242387e+00 1.198989898989898961e+01
1.934848484848485040e+00 1.506060606060606233e+01
1.530808080808080840e+00 1.271717171717171802e+01
1.354040404040404155e+00 1.247474747474747403e+01
1.631818181818181834e+00 1.392929292929293084e+01
1.505555555555555536e+00 1.312121212121212110e+01
1.581313131313131226e+00 1.320202020202020243e+01
1.657070707070707138e+00 1.368686868686868685e+01
1.429797979797979846e+00 1.198989898989898961e+01
1.492929292929292995e+00 1.255555555555555536e+01
1.391919191919192000e+00 1.271717171717171802e+01
1.328787878787878851e+00 1.239393939393939448e+01
1.429797979797979846e+00 1.247474747474747403e+01
1.492929292929292995e+00 1.287878787878787890e+01
1.505555555555555536e+00 1.295959595959596022e+01
1.391919191919192000e+00 1.231313131313131315e+01
1.518181818181818077e+00 1.287878787878787890e+01
1.492929292929292995e+00 1.279797979797979934e+01
1.480303030303030454e+00 1.247474747474747403e+01
1.152020202020201944e+00 1.166666666666666785e+01
1.492929292929292995e+00 1.279797979797979934e+01
1.556060606060606144e+00 1.295959595959596022e+01
1.455050505050504928e+00 1.207070707070707094e+01
1.581313131313131226e+00 1.384848484848484773e+01
1.391919191919192000e+00 1.239393939393939448e+01
1.404545454545454541e+00 1.239393939393939448e+01
1.530808080808080840e+00 1.247474747474747403e+01
1.480303030303030454e+00 1.255555555555555536e+01
1.505555555555555536e+00 1.295959595959596022e+01
1.455050505050504928e+00 1.279797979797979934e+01
1.505555555555555536e+00 1.263636363636363669e+01
1.480303030303030454e+00 1.279797979797979934e+01
1.556060606060606144e+00 1.328282828282828376e+01
1.442424242424242387e+00 1.279797979797979934e+01
1.556060606060606144e+00 1.263636363636363669e+01
1.606565656565656752e+00 1.352525252525252597e+01
1.530808080808080840e+00 1.304040404040404155e+01
1.467676767676767691e+00 1.255555555555555536e+01
1.543434343434343603e+00 1.320202020202020243e+01
1.354040404040404155e+00 1.182828282828282873e+01
1.492929292929292995e+00 1.336363636363636331e+01
1.467676767676767691e+00 1.231313131313131315e+01
1.467676767676767691e+00 1.223232323232323182e+01
1.480303030303030454e+00 1.287878787878787890e+01
1.518181818181818077e+00 1.279797979797979934e+01
1.442424242424242387e+00 1.239393939393939448e+01
1.480303030303030454e+00 1.247474747474747403e+01
1.543434343434343603e+00 1.247474747474747403e+01
1.518181818181818077e+00 1.295959595959596022e+01
1.354040404040404155e+00 1.198989898989898961e+01
1.530808080808080840e+00 1.304040404040404155e+01
1.442424242424242387e+00 1.255555555555555536e+01
1.341414141414141392e+00 1.190909090909091006e+01
1.404545454545454541e+00 1.231313131313131315e+01
1.657070707070707138e+00 1.368686868686868685e+01
1.379292929292929237e+00 1.207070707070707094e+01
1.530808080808080840e+00 1.271717171717171802e+01
1.505555555555555536e+00 1.295959595959596022e+01
1.417171717171717304e+00 1.215151515151515227e+01
1.518181818181818077e+00 1.304040404040404155e+01
1.480303030303030454e+00 1.247474747474747403e+01
1.404545454545454541e+00 1.215151515151515227e+01
1.530808080808080840e+00 1.376767676767676818e+01
1.745454545454545592e+00 1.352525252525252597e+01
1.568686868686868685e+00 1.320202020202020243e+01
1.467676767676767691e+00 1.231313131313131315e+01
1.480303030303030454e+00 1.279797979797979934e+01
1.442424242424242387e+00 1.247474747474747403e+01
1.480303030303030454e+00 1.312121212121212110e+01
1.593939393939393989e+00 1.360606060606060552e+01
1.543434343434343603e+00 1.295959595959596022e+01
1.492929292929292995e+00 1.328282828282828376e+01
1.455050505050504928e+00 1.247474747474747403e+01
1.202525252525252553e+00 1.093939393939393945e+01
1.467676767676767691e+00 1.312121212121212110e+01
1.442424242424242387e+00 1.271717171717171802e+01
1.707575757575757525e+00 1.384848484848484773e+01
1.606565656565656752e+00 1.368686868686868685e+01
1.379292929292929237e+00 1.231313131313131315e+01
1.467676767676767691e+00 1.255555555555555536e+01
1.227777777777777857e+00 1.118181818181818166e+01
1.391919191919192000e+00 1.271717171717171802e+01
1.442424242424242387e+00 1.304040404040404155e+01
1.480303030303030454e+00 1.287878787878787890e+01
1.467676767676767691e+00 1.239393939393939448e+01
1.530808080808080840e+00 1.295959595959596022e+01
1.404545454545454541e+00 1.207070707070707094e+01
1.593939393939393989e+00 1.336363636363636331e+01
1.455050505050504928e+00 1.207070707070707094e+01
1.366666666666666696e+00 1.198989898989898961e+01
1.492929292929292995e+00 1.247474747474747403e+01
1.455050505050504928e+00 1.295959595959596022e+01
1.404545454545454541e+00 1.231313131313131315e+01
1.417171717171717304e+00 1.247474747474747403e+01
1.556060606060606144e+00 1.336363636363636331e+01
1.606565656565656752e+00 1.344444444444444464e+01
1.593939393939393989e+00 1.344444444444444464e+01
1.328787878787878851e+00 1.247474747474747403e+01
1.379292929292929237e+00 1.287878787878787890e+01
1.366666666666666696e+00 1.198989898989898961e+01
1.492929292929292995e+00 1.271717171717171802e+01
1.278282828282828243e+00 1.198989898989898961e+01
1.442424242424242387e+00 1.231313131313131315e+01
1.505555555555555536e+00 1.312121212121212110e+01
1.492929292929292995e+00 1.279797979797979934e+01
1.467676767676767691e+00 1.344444444444444464e+01
1.429797979797979846e+00 1.239393939393939448e+01
1.417171717171717304e+00 1.263636363636363669e+01
1.366666666666666696e+00 1.215151515151515227e+01
1.391919191919192000e+00 1.279797979797979934e+01
1.505555555555555536e+00 1.263636363636363669e+01
1.455050505050504928e+00 1.279797979797979934e+01
1.404545454545454541e+00 1.223232323232323182e+01
1.543434343434343603e+00 1.287878787878787890e+01
1.442424242424242387e+00 1.255555555555555536e+01
1.341414141414141392e+00 1.215151515151515227e+01
1.442424242424242387e+00 1.231313131313131315e+01
1.366666666666666696e+00 1.215151515151515227e+01
1.379292929292929237e+00 1.231313131313131315e+01
1.391919191919192000e+00 1.255555555555555536e+01
1.455050505050504928e+00 1.271717171717171802e+01
1.442424242424242387e+00 1.247474747474747403e+01
1.682323232323232443e+00 1.401010101010101039e+01
1.442424242424242387e+00 1.263636363636363669e+01
1.429797979797979846e+00 1.255555555555555536e+01
1.442424242424242387e+00 1.271717171717171802e+01
1.492929292929292995e+00 1.304040404040404155e+01
1.480303030303030454e+00 1.312121212121212110e+01
1.404545454545454541e+00 1.239393939393939448e+01
1.492929292929292995e+00 1.279797979797979934e+01
1.417171717171717304e+00 1.198989898989898961e+01
1.354040404040404155e+00 1.231313131313131315e+01
1.442424242424242387e+00 1.263636363636363669e+01
1.290909090909091006e+00 1.198989898989898961e+01
1.442424242424242387e+00 1.223232323232323182e+01
1.467676767676767691e+00 1.271717171717171802e+01
1.429797979797979846e+00 1.223232323232323182e+01
1.682323232323232443e+00 1.417171717171717304e+01
1.467676767676767691e+00 1.239393939393939448e+01
1.568686868686868685e+00 1.312121212121212110e+01
1.391919191919192000e+00 1.231313131313131315e+01
1.480303030303030454e+00 1.312121212121212110e+01
1.505555555555555536e+00 1.247474747474747403e+01
1.543434343434343603e+00 1.304040404040404155e+01
1.189898989898989790e+00 1.150505050505050519e+01
1.455050505050504928e+00 1.255555555555555536e+01
1.429797979797979846e+00 1.247474747474747403e+01
1.518181818181818077e+00 1.320202020202020243e+01
1.644444444444444375e+00 1.368686868686868685e+01
1.492929292929292995e+00 1.304040404040404155e+01
1.492929292929292995e+00 1.239393939393939448e+01
1.417171717171717304e+00 1.271717171717171802e+01
1.530808080808080840e+00 1.295959595959596022e+01
1.720202020202020288e+00 1.433333333333333393e+01
1.631818181818181834e+00 1.320202020202020243e+01
1.328787878787878851e+00 1.190909090909091006e+01
1.442424242424242387e+00 1.295959595959596022e+01
1.417171717171717304e+00 1.223232323232323182e+01
1.442424242424242387e+00 1.247474747474747403e+01
1.530808080808080840e+00 1.312121212121212110e+01
1.492929292929292995e+00 1.271717171717171802e+01
1.631818181818181834e+00 1.384848484848484773e+01
1.518181818181818077e+00 1.255555555555555536e+01
1.417171717171717304e+00 1.279797979797979934e+01
1.467676767676767691e+00 1.295959595959596022e+01
1.354040404040404155e+00 1.263636363636363669e+01
1.492929292929292995e+00 1.433333333333333393e+01
1.404545454545454541e+00 1.223232323232323182e+01
1.568686868686868685e+00 1.295959595959596022e+01
1.543434343434343603e+00 1.287878787878787890e+01
1.543434343434343603e+00 1.352525252525252597e+01
1.530808080808080840e+00 1.279797979797979934e+01
1.467676767676767691e+00 1.207070707070707094e+01
1.518181818181818077e+00 1.295959595959596022e+01
1.442424242424242387e+00 1.295959595959596022e+01
1.417171717171717304e+00 1.231313131313131315e+01
1.492929292929292995e+00 1.287878787878787890e+01
1.606565656565656752e+00 1.392929292929293084e+01
1.530808080808080840e+00 1.271717171717171802e+01
1.467676767676767691e+00 1.247474747474747403e+01
1.429797979797979846e+00 1.247474747474747403e+01
1.556060606060606144e+00 1.352525252525252597e+01
1.455050505050504928e+00 1.279797979797979934e+01
1.492929292929292995e+00 1.263636363636363669e+01
1.417171717171717304e+00 1.207070707070707094e+01
1.669696969696969902e+00 1.603030303030303116e+01
1.556060606060606144e+00 1.336363636363636331e+01
1.391919191919192000e+00 1.190909090909091006e+01
1.455050505050504928e+00 1.231313131313131315e+01
1.455050505050504928e+00 1.304040404040404155e+01
1.417171717171717304e+00 1.287878787878787890e+01
1.379292929292929237e+00 1.295959595959596022e+01
1.391919191919192000e+00 1.207070707070707094e+01
1.467676767676767691e+00 1.239393939393939448e+01
1.429797979797979846e+00 1.271717171717171802e+01
1.467676767676767691e+00 1.247474747474747403e+01
1.417171717171717304e+00 1.255555555555555536e+01
1.518181818181818077e+00 1.360606060606060552e+01
1.379292929292929237e+00 1.198989898989898961e+01
1.581313131313131226e+00 1.328282828282828376e+01
1.429797979797979846e+00 1.239393939393939448e+01
1.278282828282828243e+00 1.102020202020202078e+01
1.467676767676767691e+00 1.239393939393939448e+01
1.631818181818181834e+00 1.368686868686868685e+01
1.391919191919192000e+00 1.223232323232323182e+01
1.846464646464646364e+00 1.554545454545454675e+01
1.556060606060606144e+00 1.304040404040404155e+01
1.480303030303030454e+00 1.287878787878787890e+01
1.379292929292929237e+00 1.215151515151515227e+01
1.480303030303030454e+00 1.320202020202020243e+01
1.568686868686868685e+00 1.312121212121212110e+01
1.429797979797979846e+00 1.304040404040404155e+01
1.391919191919192000e+00 1.198989898989898961e+01
1.379292929292929237e+00 1.207070707070707094e+01
1.404545454545454541e+00 1.223232323232323182e+01
1.442424242424242387e+00 1.320202020202020243e+01
1.442424242424242387e+00 1.239393939393939448e+01
1.732828282828282829e+00 1.401010101010101039e+01
1.556060606060606144e+00 1.328282828282828376e+01
1.366666666666666696e+00 1.247474747474747403e+01
1.505555555555555536e+00 1.255555555555555536e+01
1.467676767676767691e+00 1.255555555555555536e+01
1.505555555555555536e+00 1.279797979797979934e+01
1.530808080808080840e+00 1.271717171717171802e+01
1.669696969696969902e+00 1.457575757575757613e+01
1.518181818181818077e+00 1.295959595959596022e+01
1.492929292929292995e+00 1.239393939393939448e+01
1.530808080808080840e+00 1.312121212121212110e+01
1.556060606060606144e+00 1.295959595959596022e+01
1.455050505050504928e+00 1.247474747474747403e+01
1.530808080808080840e+00 1.304040404040404155e+01
1.568686868686868685e+00 1.360606060606060552e+01
1.265656565656565702e+00 1.142424242424242387e+01
1.379292929292929237e+00 1.263636363636363669e+01
1.442424242424242387e+00 1.263636363636363669e+01
1.391919191919192000e+00 1.255555555555555536e+01
1.505555555555555536e+00 1.287878787878787890e+01
1.429797979797979846e+00 1.255555555555555536e+01
1.379292929292929237e+00 1.279797979797979934e+01
1.505555555555555536e+00 1.247474747474747403e+01
1.480303030303030454e+00 1.215151515151515227e+01
1.366666666666666696e+00 1.166666666666666785e+01
1.391919191919192000e+00 1.271717171717171802e+01
1.379292929292929237e+00 1.207070707070707094e+01
1.543434343434343603e+00 1.304040404040404155e+01
1.492929292929292995e+00 1.287878787878787890e+01
1.417171717171717304e+00 1.223232323232323182e+01
1.442424242424242387e+00 1.215151515151515227e+01
1.391919191919192000e+00 1.255555555555555536e+01
1.354040404040404155e+00 1.223232323232323182e+01
1.505555555555555536e+00 1.287878787878787890e+01
1.543434343434343603e+00 1.304040404040404155e+01
1.455050505050504928e+00 1.247474747474747403e+01
1.391919191919192000e+00 1.198989898989898961e+01
1.492929292929292995e+00 1.312121212121212110e+01
1.467676767676767691e+00 1.247474747474747403e+01
1.518181818181818077e+00 1.368686868686868685e+01
1.429797979797979846e+00 1.312121212121212110e+01
1.543434343434343603e+00 1.295959595959596022e+01
1.467676767676767691e+00 1.223232323232323182e+01
1.619191919191919293e+00 1.384848484848484773e+01
1.543434343434343603e+00 1.328282828282828376e+01
1.631818181818181834e+00 1.384848484848484773e+01
1.492929292929292995e+00 1.247474747474747403e+01
1.429797979797979846e+00 1.247474747474747403e+01
1.404545454545454541e+00 1.239393939393939448e+01
1.417171717171717304e+00 1.247474747474747403e+01
1.429797979797979846e+00 1.231313131313131315e+01
1.429797979797979846e+00 1.295959595959596022e+01
1.518181818181818077e+00 1.287878787878787890e+01
1.404545454545454541e+00 1.207070707070707094e+01
1.354040404040404155e+00 1.207070707070707094e+01
1.492929292929292995e+00 1.271717171717171802e+01
1.316161616161616088e+00 1.182828282828282873e+01
1.543434343434343603e+00 1.336363636363636331e+01
1.543434343434343603e+00 1.352525252525252597e+01
1.556060606060606144e+00 1.295959595959596022e+01
1.758080808080808133e+00 1.384848484848484773e+01
1.391919191919192000e+00 1.223232323232323182e+01
1.707575757575757525e+00 1.449494949494949481e+01
1.455050505050504928e+00 1.247474747474747403e+01
1.631818181818181834e+00 1.336363636363636331e+01
1.480303030303030454e+00 1.271717171717171802e+01
1.467676767676767691e+00 1.223232323232323182e+01
1.379292929292929237e+00 1.263636363636363669e+01
1.404545454545454541e+00 1.215151515151515227e+01
1.290909090909091006e+00 1.207070707070707094e+01
1.455050505050504928e+00 1.287878787878787890e+01
1.492929292929292995e+00 1.279797979797979934e+01
1.669696969696969902e+00 1.360606060606060552e+01
1.556060606060606144e+00 1.304040404040404155e+01
1.518181818181818077e+00 1.287878787878787890e+01
1.354040404040404155e+00 1.182828282828282873e+01
1.391919191919192000e+00 1.207070707070707094e+01
1.530808080808080840e+00 1.263636363636363669e+01
1.429797979797979846e+00 1.247474747474747403e+01
1.455050505050504928e+00 1.320202020202020243e+01
1.455050505050504928e+00 1.255555555555555536e+01
1.391919191919192000e+00 1.304040404040404155e+01
1.543434343434343603e+00 1.352525252525252597e+01
1.492929292929292995e+00 1.255555555555555536e+01
1.568686868686868685e+00 1.328282828282828376e+01
1.619191919191919293e+00 1.344444444444444464e+01
1.366666666666666696e+00 1.295959595959596022e+01
1.467676767676767691e+00 1.239393939393939448e+01
1.543434343434343603e+00 1.328282828282828376e+01
1.429797979797979846e+00 1.287878787878787890e+01
1.429797979797979846e+00 1.207070707070707094e+01
1.518181818181818077e+00 1.279797979797979934e+01
1.543434343434343603e+00 1.328282828282828376e+01
1.480303030303030454e+00 1.239393939393939448e+01
1.694949494949494984e+00 1.344444444444444464e+01
1.492929292929292995e+00 1.295959595959596022e+01
1.505555555555555536e+00 1.304040404040404155e+01
1.467676767676767691e+00 1.215151515151515227e+01
1.480303030303030454e+00 1.295959595959596022e+01
1.442424242424242387e+00 1.231313131313131315e+01
1.505555555555555536e+00 1.352525252525252597e+01
1.631818181818181834e+00 1.433333333333333393e+01
1.354040404040404155e+00 1.247474747474747403e+01
1.505555555555555536e+00 1.295959595959596022e+01
1.492929292929292995e+00 1.295959595959596022e+01
1.379292929292929237e+00 1.190909090909091006e+01
1.467676767676767691e+00 1.279797979797979934e+01
1.429797979797979846e+00 1.255555555555555536e+01
1.467676767676767691e+00 1.247474747474747403e+01
1.593939393939393989e+00 1.352525252525252597e+01
1.568686868686868685e+00 1.287878787878787890e+01
1.480303030303030454e+00 1.271717171717171802e+01
1.417171717171717304e+00 1.198989898989898961e+01
1.455050505050504928e+00 1.255555555555555536e+01
1.783333333333333437e+00 1.506060606060606233e+01
1.253030303030302939e+00 1.150505050505050519e+01
1.669696969696969902e+00 1.457575757575757613e+01
1.505555555555555536e+00 1.295959595959596022e+01
1.518181818181818077e+00 1.287878787878787890e+01
1.467676767676767691e+00 1.247474747474747403e+01
1.505555555555555536e+00 1.263636363636363669e+01
1.417171717171717304e+00 1.231313131313131315e+01
1.530808080808080840e+00 1.344444444444444464e+01
1.556060606060606144e+00 1.312121212121212110e+01
1.556060606060606144e+00 1.295959595959596022e+01
1.442424242424242387e+00 1.231313131313131315e+01
1.631818181818181834e+00 1.409090909090909172e+01
1.492929292929292995e+00 1.263636363636363669e+01
1.442424242424242387e+00 1.255555555555555536e+01
1.442424242424242387e+00 1.215151515151515227e+01
1.568686868686868685e+00 1.449494949494949481e+01
1.455050505050504928e+00 1.239393939393939448e+01
1.417171717171717304e+00 1.295959595959596022e+01
1.404545454545454541e+00 1.174747474747474740e+01
1.404545454545454541e+00 1.215151515151515227e+01
1.455050505050504928e+00 1.223232323232323182e+01
1.215151515151515094e+00 1.150505050505050519e+01
1.530808080808080840e+00 1.304040404040404155e+01
1.417171717171717304e+00 1.239393939393939448e+01
1.530808080808080840e+00 1.271717171717171802e+01
1.467676767676767691e+00 1.255555555555555536e+01
1.530808080808080840e+00 1.295959595959596022e+01
1.455050505050504928e+00 1.231313131313131315e+01
1.492929292929292995e+00 1.279797979797979934e+01
1.429797979797979846e+00 1.279797979797979934e+01
1.379292929292929237e+00 1.207070707070707094e+01
1.530808080808080840e+00 1.336363636363636331e+01
1.480303030303030454e+00 1.295959595959596022e+01
1.518181818181818077e+00 1.255555555555555536e+01
1.480303030303030454e+00 1.344444444444444464e+01
1.341414141414141392e+00 1.182828282828282873e+01
1.379292929292929237e+00 1.198989898989898961e+01
1.455050505050504928e+00 1.271717171717171802e+01
1.379292929292929237e+00 1.312121212121212110e+01
1.227777777777777857e+00 1.158585858585858652e+01
1.530808080808080840e+00 1.287878787878787890e+01
1.328787878787878851e+00 1.174747474747474740e+01
1.556060606060606144e+00 1.295959595959596022e+01
1.593939393939393989e+00 1.433333333333333393e+01
1.442424242424242387e+00 1.239393939393939448e+01
1.480303030303030454e+00 1.223232323232323182e+01
1.492929292929292995e+00 1.360606060606060552e+01
1.492929292929292995e+00 1.263636363636363669e+01
1.556060606060606144e+00 1.328282828282828376e+01
1.366666666666666696e+00 1.207070707070707094e+01
1.556060606060606144e+00 1.425252525252525260e+01
1.568686868686868685e+00 1.320202020202020243e+01
1.619191919191919293e+00 1.368686868686868685e+01
1.341414141414141392e+00 1.190909090909091006e+01
1.455050505050504928e+00 1.239393939393939448e+01
1.379292929292929237e+00 1.231313131313131315e+01
1.518181818181818077e+00 1.239393939393939448e+01
1.480303030303030454e+00 1.279797979797979934e+01
1.669696969696969902e+00 1.392929292929293084e+01
1.417171717171717304e+00 1.223232323232323182e+01
1.467676767676767691e+00 1.223232323232323182e+01
1.556060606060606144e+00 1.320202020202020243e+01
1.354040404040404155e+00 1.295959595959596022e+01
1.316161616161616088e+00 1.174747474747474740e+01
1.442424242424242387e+00 1.279797979797979934e+01
1.354040404040404155e+00 1.198989898989898961e+01
1.467676767676767691e+00 1.287878787878787890e+01
1.442424242424242387e+00 1.231313131313131315e+01
1.354040404040404155e+00 1.207070707070707094e+01
1.480303030303030454e+00 1.263636363636363669e+01
1.480303030303030454e+00 1.255555555555555536e+01
1.467676767676767691e+00 1.231313131313131315e+01
1.543434343434343603e+00 1.304040404040404155e+01
1.316161616161616088e+00 1.223232323232323182e+01
1.720202020202020288e+00 1.392929292929293084e+01
1.379292929292929237e+00 1.231313131313131315e+01
1.581313131313131226e+00 1.287878787878787890e+01
1.442424242424242387e+00 1.304040404040404155e+01
1.505555555555555536e+00 1.279797979797979934e+01
1.366666666666666696e+00 1.287878787878787890e+01
1.316161616161616088e+00 1.166666666666666785e+01
1.530808080808080840e+00 1.287878787878787890e+01
1.505555555555555536e+00 1.287878787878787890e+01
1.328787878787878851e+00 1.247474747474747403e+01
1.530808080808080840e+00 1.304040404040404155e+01
1.556060606060606144e+00 1.295959595959596022e+01
1.417171717171717304e+00 1.239393939393939448e+01
1.316161616161616088e+00 1.166666666666666785e+01
1.442424242424242387e+00 1.320202020202020243e+01
1.492929292929292995e+00 1.271717171717171802e+01
1.631818181818181834e+00 1.433333333333333393e+01
1.303535353535353547e+00 1.207070707070707094e+01
1.354040404040404155e+00 1.190909090909091006e+01
1.480303030303030454e+00 1.279797979797979934e+01
1.417171717171717304e+00 1.239393939393939448e+01
1.391919191919192000e+00 1.279797979797979934e+01
1.366666666666666696e+00 1.190909090909091006e+01
1.442424242424242387e+00 1.271717171717171802e+01
1.543434343434343603e+00 1.336363636363636331e+01
1.505555555555555536e+00 1.425252525252525260e+01
1.442424242424242387e+00 1.231313131313131315e+01
1.530808080808080840e+00 1.312121212121212110e+01
1.581313131313131226e+00 1.352525252525252597e+01
1.606565656565656752e+00 1.376767676767676818e+01
1.442424242424242387e+00 1.295959595959596022e+01
1.429797979797979846e+00 1.271717171717171802e+01
1.328787878787878851e+00 1.158585858585858652e+01
1.303535353535353547e+00 1.102020202020202078e+01
1.644444444444444375e+00 1.425252525252525260e+01
1.518181818181818077e+00 1.255555555555555536e+01
1.530808080808080840e+00 1.271717171717171802e+01
1.328787878787878851e+00 1.223232323232323182e+01
1.543434343434343603e+00 1.368686868686868685e+01
1.442424242424242387e+00 1.223232323232323182e+01
1.417171717171717304e+00 1.247474747474747403e+01
1.290909090909091006e+00 1.182828282828282873e+01
1.455050505050504928e+00 1.263636363636363669e+01
1.480303030303030454e+00 1.287878787878787890e+01
1.341414141414141392e+00 1.255555555555555536e+01
1.669696969696969902e+00 1.352525252525252597e+01
1.619191919191919293e+00 1.392929292929293084e+01
1.682323232323232443e+00 1.352525252525252597e+01
1.568686868686868685e+00 1.384848484848484773e+01
1.492929292929292995e+00 1.328282828282828376e+01
1.581313131313131226e+00 1.328282828282828376e+01
1.429797979797979846e+00 1.174747474747474740e+01
1.404545454545454541e+00 1.223232323232323182e+01
1.442424242424242387e+00 1.263636363636363669e+01
1.467676767676767691e+00 1.295959595959596022e+01
1.417171717171717304e+00 1.255555555555555536e+01
1.556060606060606144e+00 1.328282828282828376e+01
1.354040404040404155e+00 1.215151515151515227e+01
1.366666666666666696e+00 1.279797979797979934e+01
1.720202020202020288e+00 1.368686868686868685e+01
1.404545454545454541e+00 1.166666666666666785e+01
1.404545454545454541e+00 1.255555555555555536e+01
1.631818181818181834e+00 1.312121212121212110e+01
1.518181818181818077e+00 1.295959595959596022e+01
1.568686868686868685e+00 1.320202020202020243e+01
1.442424242424242387e+00 1.312121212121212110e+01
1.530808080808080840e+00 1.312121212121212110e+01
1.492929292929292995e+00 1.344444444444444464e+01
1.467676767676767691e+00 1.304040404040404155e+01
1.442424242424242387e+00 1.255555555555555536e+01
1.379292929292929237e+00 1.255555555555555536e+01
1.455050505050504928e+00 1.271717171717171802e+01
1.455050505050504928e+00 1.271717171717171802e+01
1.581313131313131226e+00 1.336363636363636331e+01
1.480303030303030454e+00 1.287878787878787890e+01
1.518181818181818077e+00 1.312121212121212110e+01
1.404545454545454541e+00 1.215151515151515227e+01
1.442424242424242387e+00 1.255555555555555536e+01
1.606565656565656752e+00 1.336363636363636331e+01
1.455050505050504928e+00 1.239393939393939448e+01
1.593939393939393989e+00 1.360606060606060552e+01
1.518181818181818077e+00 1.287878787878787890e+01
1.568686868686868685e+00 1.312121212121212110e+01
1.379292929292929237e+00 1.320202020202020243e+01
1.417171717171717304e+00 1.295959595959596022e+01
1.366666666666666696e+00 1.255555555555555536e+01
1.492929292929292995e+00 1.263636363636363669e+01
1.556060606060606144e+00 1.401010101010101039e+01
1.619191919191919293e+00 1.352525252525252597e+01
1.467676767676767691e+00 1.247474747474747403e+01
1.606565656565656752e+00 1.304040404040404155e+01
1.593939393939393989e+00 1.417171717171717304e+01
1.391919191919192000e+00 1.239393939393939448e+01
1.467676767676767691e+00 1.223232323232323182e+01
1.593939393939393989e+00 1.344444444444444464e+01
1.492929292929292995e+00 1.239393939393939448e+01
1.455050505050504928e+00 1.207070707070707094e+01
1.404545454545454541e+00 1.247474747474747403e+01
1.707575757575757525e+00 1.522222222222222143e+01
1.391919191919192000e+00 1.304040404040404155e+01
1.391919191919192000e+00 1.239393939393939448e+01
1.530808080808080840e+00 1.304040404040404155e+01
1.429797979797979846e+00 1.247474747474747403e+01
1.631818181818181834e+00 1.328282828282828376e+01
1.505555555555555536e+00 1.263636363636363669e+01
1.581313131313131226e+00 1.368686868686868685e+01
1.379292929292929237e+00 1.247474747474747403e+01
1.366666666666666696e+00 1.255555555555555536e+01
1.404545454545454541e+00 1.231313131313131315e+01
1.530808080808080840e+00 1.271717171717171802e+01
1.391919191919192000e+00 1.231313131313131315e+01
1.530808080808080840e+00 1.320202020202020243e+01
1.480303030303030454e+00 1.287878787878787890e+01
1.480303030303030454e+00 1.271717171717171802e+01
1.391919191919192000e+00 1.207070707070707094e+01
1.543434343434343603e+00 1.312121212121212110e+01
1.417171717171717304e+00 1.198989898989898961e+01
1.631818181818181834e+00 1.368686868686868685e+01
1.379292929292929237e+00 1.239393939393939448e+01
1.316161616161616088e+00 1.231313131313131315e+01
1.429797979797979846e+00 1.255555555555555536e+01
1.707575757575757525e+00 1.441414141414141525e+01
1.518181818181818077e+00 1.255555555555555536e+01
1.391919191919192000e+00 1.198989898989898961e+01
1.366666666666666696e+00 1.215151515151515227e+01
1.328787878787878851e+00 1.239393939393939448e+01
1.530808080808080840e+00 1.271717171717171802e+01
1.442424242424242387e+00 1.215151515151515227e+01
1.467676767676767691e+00 1.231313131313131315e+01
1.429797979797979846e+00 1.239393939393939448e+01
1.404545454545454541e+00 1.247474747474747403e+01
1.480303030303030454e+00 1.312121212121212110e+01
1.417171717171717304e+00 1.215151515151515227e+01
1.455050505050504928e+00 1.247474747474747403e+01
1.518181818181818077e+00 1.320202020202020243e+01
1.442424242424242387e+00 1.239393939393939448e+01
1.669696969696969902e+00 1.368686868686868685e+01
1.366666666666666696e+00 1.207070707070707094e+01
1.492929292929292995e+00 1.320202020202020243e+01
1.518181818181818077e+00 1.271717171717171802e+01
1.366666666666666696e+00 1.215151515151515227e+01
1.505555555555555536e+00 1.271717171717171802e+01
1.505555555555555536e+00 1.247474747474747403e+01
1.543434343434343603e+00 1.295959595959596022e+01
1.505555555555555536e+00 1.312121212121212110e+01
1.543434343434343603e+00 1.263636363636363669e+01
1.429797979797979846e+00 1.295959595959596022e+01
1.669696969696969902e+00 1.368686868686868685e+01
1.543434343434343603e+00 1.320202020202020243e+01
1.492929292929292995e+00 1.255555555555555536e+01
1.379292929292929237e+00 1.142424242424242387e+01
1.366666666666666696e+00 1.182828282828282873e+01
1.366666666666666696e+00 1.239393939393939448e+01
1.505555555555555536e+00 1.287878787878787890e+01
1.391919191919192000e+00 1.255555555555555536e+01
1.480303030303030454e+00 1.231313131313131315e+01
1.530808080808080840e+00 1.360606060606060552e+01
1.530808080808080840e+00 1.279797979797979934e+01
1.492929292929292995e+00 1.247474747474747403e+01
1.379292929292929237e+00 1.279797979797979934e+01
1.429797979797979846e+00 1.304040404040404155e+01
1.619191919191919293e+00 1.344444444444444464e+01
1.505555555555555536e+00 1.255555555555555536e+01
1.480303030303030454e+00 1.247474747474747403e+01
1.404545454545454541e+00 1.239393939393939448e+01
1.303535353535353547e+00 1.110101010101010033e+01
1.568686868686868685e+00 1.401010101010101039e+01
1.455050505050504928e+00 1.263636363636363669e+01
1.455050505050504928e+00 1.247474747474747403e+01
1.518181818181818077e+00 1.328282828282828376e+01
1.442424242424242387e+00 1.231313131313131315e+01
1.480303030303030454e+00 1.312121212121212110e+01
1.442424242424242387e+00 1.223232323232323182e+01
1.581313131313131226e+00 1.255555555555555536e+01
1.215151515151515094e+00 1.166666666666666785e+01
1.455050505050504928e+00 1.295959595959596022e+01
1.429797979797979846e+00 1.271717171717171802e+01
1.518181818181818077e+00 1.287878787878787890e+01
1.556060606060606144e+00 1.344444444444444464e+01
1.657070707070707138e+00 1.433333333333333393e+01
1.492929292929292995e+00 1.263636363636363669e+01
1.341414141414141392e+00 1.166666666666666785e+01
1.492929292929292995e+00 1.247474747474747403e+01
1.341414141414141392e+00 1.182828282828282873e+01
1.467676767676767691e+00 1.231313131313131315e+01
1.492929292929292995e+00 1.255555555555555536e+01
1.455050505050504928e+00 1.239393939393939448e+01
1.467676767676767691e+00 1.231313131313131315e+01
1.391919191919192000e+00 1.215151515151515227e+01
1.442424242424242387e+00 1.223232323232323182e+01
1.455050505050504928e+00 1.279797979797979934e+01
1.366666666666666696e+00 1.174747474747474740e+01
1.455050505050504928e+00 1.231313131313131315e+01
1.417171717171717304e+00 1.215151515151515227e+01
1.644444444444444375e+00 1.360606060606060552e+01
1.429797979797979846e+00 1.271717171717171802e+01
1.354040404040404155e+00 1.207070707070707094e+01
1.391919191919192000e+00 1.207070707070707094e+01
1.404545454545454541e+00 1.198989898989898961e+01
1.366666666666666696e+00 1.231313131313131315e+01
1.391919191919192000e+00 1.223232323232323182e+01
1.429797979797979846e+00 1.247474747474747403e+01
1.417171717171717304e+00 1.198989898989898961e+01
1.530808080808080840e+00 1.287878787878787890e+01
1.366666666666666696e+00 1.231313131313131315e+01
1.455050505050504928e+00 1.223232323232323182e+01
1.455050505050504928e+00 1.255555555555555536e+01
1.328787878787878851e+00 1.287878787878787890e+01
1.429797979797979846e+00 1.279797979797979934e+01
1.606565656565656752e+00 1.360606060606060552e+01
1.467676767676767691e+00 1.239393939393939448e+01
1.619191919191919293e+00 1.336363636363636331e+01
1.442424242424242387e+00 1.255555555555555536e+01
1.442424242424242387e+00 1.336363636363636331e+01
1.442424242424242387e+00 1.207070707070707094e+01
1.429797979797979846e+00 1.231313131313131315e+01
1.417171717171717304e+00 1.247474747474747403e+01
1.556060606060606144e+00 1.336363636363636331e+01
1.417171717171717304e+00 1.174747474747474740e+01
1.429797979797979846e+00 1.239393939393939448e+01
1.467676767676767691e+00 1.255555555555555536e+01
1.328787878787878851e+00 1.198989898989898961e+01
1.530808080808080840e+00 1.312121212121212110e+01
1.404545454545454541e+00 1.190909090909091006e+01
1.657070707070707138e+00 1.433333333333333393e+01
1.429797979797979846e+00 1.287878787878787890e+01
1.480303030303030454e+00 1.239393939393939448e+01
1.568686868686868685e+00 1.328282828282828376e+01
1.669696969696969902e+00 1.392929292929293084e+01
1.530808080808080840e+00 1.304040404040404155e+01
1.492929292929292995e+00 1.312121212121212110e+01
1.455050505050504928e+00 1.271717171717171802e+01
1.404545454545454541e+00 1.271717171717171802e+01
1.379292929292929237e+00 1.223232323232323182e+01
1.265656565656565702e+00 1.150505050505050519e+01
1.518181818181818077e+00 1.271717171717171802e+01
1.492929292929292995e+00 1.271717171717171802e+01
1.328787878787878851e+00 1.215151515151515227e+01
1.455050505050504928e+00 1.239393939393939448e+01
1.429797979797979846e+00 1.207070707070707094e+01
1.455050505050504928e+00 1.239393939393939448e+01
1.366666666666666696e+00 1.190909090909091006e+01
1.492929292929292995e+00 1.231313131313131315e+01
1.492929292929292995e+00 1.279797979797979934e+01
1.354040404040404155e+00 1.174747474747474740e+01
1.492929292929292995e+00 1.255555555555555536e+01
1.694949494949494984e+00 1.409090909090909172e+01
1.480303030303030454e+00 1.352525252525252597e+01
1.303535353535353547e+00 1.247474747474747403e+01
1.568686868686868685e+00 1.352525252525252597e+01
1.480303030303030454e+00 1.223232323232323182e+01
1.366666666666666696e+00 1.223232323232323182e+01
1.530808080808080840e+00 1.271717171717171802e+01
1.379292929292929237e+00 1.223232323232323182e+01
1.455050505050504928e+00 1.304040404040404155e+01
1.505555555555555536e+00 1.255555555555555536e+01
1.341414141414141392e+00 1.247474747474747403e+01
1.455050505050504928e+00 1.231313131313131315e+01
1.341414141414141392e+00 1.150505050505050519e+01
1.518181818181818077e+00 1.344444444444444464e+01
1.379292929292929237e+00 1.247474747474747403e+01
1.366666666666666696e+00 1.263636363636363669e+01
1.518181818181818077e+00 1.304040404040404155e+01
1.366666666666666696e+00 1.190909090909091006e+01
1.391919191919192000e+00 1.279797979797979934e+01
1.442424242424242387e+00 1.263636363636363669e+01
1.442424242424242387e+00 1.255555555555555536e+01
1.480303030303030454e+00 1.255555555555555536e+01
1.442424242424242387e+00 1.304040404040404155e+01
1.366666666666666696e+00 1.231313131313131315e+01
1.543434343434343603e+00 1.255555555555555536e+01
1.303535353535353547e+00 1.207070707070707094e+01
1.543434343434343603e+00 1.312121212121212110e+01
1.492929292929292995e+00 1.263636363636363669e+01
1.455050505050504928e+00 1.239393939393939448e+01
1.442424242424242387e+00 1.198989898989898961e+01
1.480303030303030454e+00 1.239393939393939448e+01
1.455050505050504928e+00 1.239393939393939448e+01
1.732828282828282829e+00 1.465656565656565746e+01
1.492929292929292995e+00 1.328282828282828376e+01
1.328787878787878851e+00 1.263636363636363669e+01
1.568686868686868685e+00 1.344444444444444464e+01
1.455050505050504928e+00 1.287878787878787890e+01
1.379292929292929237e+00 1.247474747474747403e+01
1.442424242424242387e+00 1.255555555555555536e+01
1.581313131313131226e+00 1.336363636363636331e+01
1.492929292929292995e+00 1.247474747474747403e+01
1.455050505050504928e+00 1.223232323232323182e+01
1.543434343434343603e+00 1.392929292929293084e+01
1.543434343434343603e+00 1.312121212121212110e+01
1.354040404040404155e+00 1.247474747474747403e+01
1.480303030303030454e+00 1.312121212121212110e+01
1.455050505050504928e+00 1.255555555555555536e+01
1.379292929292929237e+00 1.304040404040404155e+01
1.480303030303030454e+00 1.279797979797979934e+01
1.593939393939393989e+00 1.433333333333333393e+01
1.429797979797979846e+00 1.223232323232323182e+01
1.492929292929292995e+00 1.295959595959596022e+01
1.467676767676767691e+00 1.263636363636363669e+01
1.455050505050504928e+00 1.328282828282828376e+01
1.467676767676767691e+00 1.247474747474747403e+01
1.417171717171717304e+00 1.215151515151515227e+01
1.467676767676767691e+00 1.287878787878787890e+01
1.328787878787878851e+00 1.182828282828282873e+01
1.518181818181818077e+00 1.295959595959596022e+01
1.505555555555555536e+00 1.304040404040404155e+01
1.379292929292929237e+00 1.158585858585858652e+01
1.341414141414141392e+00 1.255555555555555536e+01
1.455050505050504928e+00 1.271717171717171802e+01
1.442424242424242387e+00 1.255555555555555536e+01
1.492929292929292995e+00 1.255555555555555536e+01
1.442424242424242387e+00 1.279797979797979934e+01
1.391919191919192000e+00 1.182828282828282873e+01
1.480303030303030454e+00 1.279797979797979934e+01
1.404545454545454541e+00 1.231313131313131315e+01
1.896969696969696972e+00 1.489898989898989967e+01
1.442424242424242387e+00 1.207070707070707094e+01
1.303535353535353547e+00 1.190909090909091006e+01
1.480303030303030454e+00 1.247474747474747403e+01
1.467676767676767691e+00 1.279797979797979934e+01
1.518181818181818077e+00 1.295959595959596022e+01
1.505555555555555536e+00 1.295959595959596022e+01
1.720202020202020288e+00 1.489898989898989967e+01
1.354040404040404155e+00 1.263636363636363669e+01
1.492929292929292995e+00 1.239393939393939448e+01
1.543434343434343603e+00 1.312121212121212110e+01
1.480303030303030454e+00 1.279797979797979934e+01
1.455050505050504928e+00 1.312121212121212110e+01
1.455050505050504928e+00 1.271717171717171802e+01
1.341414141414141392e+00 1.166666666666666785e+01
1.884343434343434431e+00 1.538383838383838409e+01
1.391919191919192000e+00 1.215151515151515227e+01
1.556060606060606144e+00 1.263636363636363669e+01
1.429797979797979846e+00 1.207070707070707094e+01
1.492929292929292995e+00 1.295959595959596022e+01
1.492929292929292995e+00 1.336363636363636331e+01
1.429797979797979846e+00 1.247474747474747403e+01
1.417171717171717304e+00 1.271717171717171802e+01
1.556060606060606144e+00 1.304040404040404155e+01
1.543434343434343603e+00 1.336363636363636331e+01
1.341414141414141392e+00 1.247474747474747403e+01
1.417171717171717304e+00 1.198989898989898961e+01
1.530808080808080840e+00 1.304040404040404155e+01
1.341414141414141392e+00 1.263636363636363669e+01
1.417171717171717304e+00 1.198989898989898961e+01
1.253030303030302939e+00 1.134343434343434254e+01
1.480303030303030454e+00 1.344444444444444464e+01
1.379292929292929237e+00 1.207070707070707094e+01
1.404545454545454541e+00 1.198989898989898961e+01
1.417171717171717304e+00 1.247474747474747403e+01
1.530808080808080840e+00 1.287878787878787890e+01
1.518181818181818077e+00 1.287878787878787890e+01
1.492929292929292995e+00 1.320202020202020243e+01
1.505555555555555536e+00 1.312121212121212110e+01
1.593939393939393989e+00 1.368686868686868685e+01
1.391919191919192000e+00 1.247474747474747403e+01
1.593939393939393989e+00 1.368686868686868685e+01
1.417171717171717304e+00 1.271717171717171802e+01
1.429797979797979846e+00 1.247474747474747403e+01
1.619191919191919293e+00 1.279797979797979934e+01
1.505555555555555536e+00 1.255555555555555536e+01
1.492929292929292995e+00 1.287878787878787890e+01
1.404545454545454541e+00 1.239393939393939448e+01
1.366666666666666696e+00 1.166666666666666785e+01
1.467676767676767691e+00 1.134343434343434254e+01
1.518181818181818077e+00 1.352525252525252597e+01
1.593939393939393989e+00 1.352525252525252597e+01
1.530808080808080840e+00 1.304040404040404155e+01
1.707575757575757525e+00 1.473737373737373701e+01
1.543434343434343603e+00 1.312121212121212110e+01
1.316161616161616088e+00 1.166666666666666785e+01
1.492929292929292995e+00 1.271717171717171802e+01
1.505555555555555536e+00 1.263636363636363669e+01
1.530808080808080840e+00 1.295959595959596022e+01
1.429797979797979846e+00 1.287878787878787890e+01
1.505555555555555536e+00 1.312121212121212110e+01
1.606565656565656752e+00 1.368686868686868685e+01
1.518181818181818077e+00 1.328282828282828376e+01
1.391919191919192000e+00 1.215151515151515227e+01
1.404545454545454541e+00 1.255555555555555536e+01
1.657070707070707138e+00 1.425252525252525260e+01
1.568686868686868685e+00 1.392929292929293084e+01
1.492929292929292995e+00 1.295959595959596022e+01
1.581313131313131226e+00 1.352525252525252597e+01
1.417171717171717304e+00 1.304040404040404155e+01
1.366666666666666696e+00 1.239393939393939448e+01
1.290909090909091006e+00 1.247474747474747403e+01
1.379292929292929237e+00 1.255555555555555536e+01
1.505555555555555536e+00 1.295959595959596022e+01
1.467676767676767691e+00 1.336363636363636331e+01
1.391919191919192000e+00 1.295959595959596022e+01
1.442424242424242387e+00 1.271717171717171802e+01
1.467676767676767691e+00 1.239393939393939448e+01
1.518181818181818077e+00 1.304040404040404155e+01
1.530808080808080840e+00 1.271717171717171802e+01
1.404545454545454541e+00 1.239393939393939448e+01
1.467676767676767691e+00 1.287878787878787890e+01
1.581313131313131226e+00 1.336363636363636331e+01
1.391919191919192000e+00 1.207070707070707094e+01
1.492929292929292995e+00 1.271717171717171802e+01
1.492929292929292995e+00 1.287878787878787890e+01
1.530808080808080840e+00 1.304040404040404155e+01
1.391919191919192000e+00 1.312121212121212110e+01
1.480303030303030454e+00 1.271717171717171802e+01
1.366666666666666696e+00 1.174747474747474740e+01
1.480303030303030454e+00 1.279797979797979934e+01
1.606565656565656752e+00 1.352525252525252597e+01
1.429797979797979846e+00 1.271717171717171802e+01
1.303535353535353547e+00 1.166666666666666785e+01
1.530808080808080840e+00 1.328282828282828376e+01
1.657070707070707138e+00 1.344444444444444464e+01
1.480303030303030454e+00 1.263636363636363669e+01
1.442424242424242387e+00 1.223232323232323182e+01
1.480303030303030454e+00 1.279797979797979934e+01
1.694949494949494984e+00 1.417171717171717304e+01
1.467676767676767691e+00 1.231313131313131315e+01
1.379292929292929237e+00 1.190909090909091006e+01
1.543434343434343603e+00 1.295959595959596022e+01
1.303535353535353547e+00 1.239393939393939448e+01
1.467676767676767691e+00 1.255555555555555536e+01
1.303535353535353547e+00 1.247474747474747403e+01
1.429797979797979846e+00 1.239393939393939448e+01
1.467676767676767691e+00 1.223232323232323182e+01
1.442424242424242387e+00 1.247474747474747403e+01
1.455050505050504928e+00 1.223232323232323182e+01
1.505555555555555536e+00 1.279797979797979934e+01
1.391919191919192000e+00 1.190909090909091006e+01
1.505555555555555536e+00 1.336363636363636331e+01
1.568686868686868685e+00 1.336363636363636331e+01
1.303535353535353547e+00 1.207070707070707094e+01
1.467676767676767691e+00 1.239393939393939448e+01
1.530808080808080840e+00 1.271717171717171802e+01
1.417171717171717304e+00 1.287878787878787890e+01
1.366666666666666696e+00 1.239393939393939448e+01
1.492929292929292995e+00 1.255555555555555536e+01
1.518181818181818077e+00 1.328282828282828376e+01
1.404545454545454541e+00 1.190909090909091006e+01
1.480303030303030454e+00 1.247474747474747403e+01
1.467676767676767691e+00 1.223232323232323182e+01
1.480303030303030454e+00 1.247474747474747403e+01
1.530808080808080840e+00 1.271717171717171802e+01
1.543434343434343603e+00 1.271717171717171802e+01
1.505555555555555536e+00 1.320202020202020243e+01
1.518181818181818077e+00 1.271717171717171802e+01
1.391919191919192000e+00 1.223232323232323182e+01
1.379292929292929237e+00 1.255555555555555536e+01
1.429797979797979846e+00 1.247474747474747403e+01
1.581313131313131226e+00 1.401010101010101039e+01
1.480303030303030454e+00 1.287878787878787890e+01
1.467676767676767691e+00 1.231313131313131315e+01
1.404545454545454541e+00 1.215151515151515227e+01
1.631818181818181834e+00 1.352525252525252597e+01
1.480303030303030454e+00 1.247474747474747403e+01
1.442424242424242387e+00 1.223232323232323182e+01
1.429797979797979846e+00 1.255555555555555536e+01
1.379292929292929237e+00 1.255555555555555536e+01
1.391919191919192000e+00 1.247474747474747403e+01
1.530808080808080840e+00 1.255555555555555536e+01
1.467676767676767691e+00 1.271717171717171802e+01
1.543434343434343603e+00 1.312121212121212110e+01
1.492929292929292995e+00 1.344444444444444464e+01
1.391919191919192000e+00 1.295959595959596022e+01
1.455050505050504928e+00 1.263636363636363669e+01
1.417171717171717304e+00 1.207070707070707094e+01
1.379292929292929237e+00 1.207070707070707094e+01
1.480303030303030454e+00 1.279797979797979934e+01
1.492929292929292995e+00 1.271717171717171802e+01
1.404545454545454541e+00 1.255555555555555536e+01
1.467676767676767691e+00 1.271717171717171802e+01
1.543434343434343603e+00 1.368686868686868685e+01
1.391919191919192000e+00 1.271717171717171802e+01
1.417171717171717304e+00 1.255555555555555536e+01
1.391919191919192000e+00 1.239393939393939448e+01
1.341414141414141392e+00 1.134343434343434254e+01
1.404545454545454541e+00 1.215151515151515227e+01
1.442424242424242387e+00 1.190909090909091006e+01
1.379292929292929237e+00 1.271717171717171802e+01
1.568686868686868685e+00 1.360606060606060552e+01
1.290909090909091006e+00 1.215151515151515227e+01
1.278282828282828243e+00 1.255555555555555536e+01
1.593939393939393989e+00 1.328282828282828376e+01
1.505555555555555536e+00 1.263636363636363669e+01
1.354040404040404155e+00 1.182828282828282873e+01
1.492929292929292995e+00 1.328282828282828376e+01
1.518181818181818077e+00 1.287878787878787890e+01
1.492929292929292995e+00 1.239393939393939448e+01
1.429797979797979846e+00 1.223232323232323182e+01
1.530808080808080840e+00 1.279797979797979934e+01
1.606565656565656752e+00 1.271717171717171802e+01
1.429797979797979846e+00 1.198989898989898961e+01
1.593939393939393989e+00 1.376767676767676818e+01
1.682323232323232443e+00 1.336363636363636331e+01
1.442424242424242387e+00 1.304040404040404155e+01
1.366666666666666696e+00 1.190909090909091006e+01
1.429797979797979846e+00 1.207070707070707094e+01
1.467676767676767691e+00 1.287878787878787890e+01
1.530808080808080840e+00 1.304040404040404155e+01
1.543434343434343603e+00 1.279797979797979934e+01
1.442424242424242387e+00 1.239393939393939448e+01
1.593939393939393989e+00 1.239393939393939448e+01
1.581313131313131226e+00 1.320202020202020243e+01
1.404545454545454541e+00 1.239393939393939448e+01
1.265656565656565702e+00 1.215151515151515227e+01
1.455050505050504928e+00 1.198989898989898961e+01
1.556060606060606144e+00 1.320202020202020243e+01
1.480303030303030454e+00 1.231313131313131315e+01
1.467676767676767691e+00 1.247474747474747403e+01
1.518181818181818077e+00 1.295959595959596022e+01
1.518181818181818077e+00 1.336363636363636331e+01
1.417171717171717304e+00 1.271717171717171802e+01
1.518181818181818077e+00 1.336363636363636331e+01
1.480303030303030454e+00 1.223232323232323182e+01
1.328787878787878851e+00 1.174747474747474740e+01
1.417171717171717304e+00 1.215151515151515227e+01
1.568686868686868685e+00 1.368686868686868685e+01
1.429797979797979846e+00 1.239393939393939448e+01
1.404545454545454541e+00 1.239393939393939448e+01
1.442424242424242387e+00 1.207070707070707094e+01
1.354040404040404155e+00 1.174747474747474740e+01
1.429797979797979846e+00 1.295959595959596022e+01
1.442424242424242387e+00 1.231313131313131315e+01
1.467676767676767691e+00 1.328282828282828376e+01
1.492929292929292995e+00 1.320202020202020243e+01
1.328787878787878851e+00 1.215151515151515227e+01
1.581313131313131226e+00 1.384848484848484773e+01
1.492929292929292995e+00 1.263636363636363669e+01
1.417171717171717304e+00 1.190909090909091006e+01
1.379292929292929237e+00 1.182828282828282873e+01
1.543434343434343603e+00 1.312121212121212110e+01
1.404545454545454541e+00 1.215151515151515227e+01
1.530808080808080840e+00 1.304040404040404155e+01
1.480303030303030454e+00 1.287878787878787890e+01
1.366666666666666696e+00 1.207070707070707094e+01
1.530808080808080840e+00 1.304040404040404155e+01
1.492929292929292995e+00 1.279797979797979934e+01
1.391919191919192000e+00 1.190909090909091006e+01
1.492929292929292995e+00 1.255555555555555536e+01
1.379292929292929237e+00 1.190909090909091006e+01
1.417171717171717304e+00 1.247474747474747403e+01
1.543434343434343603e+00 1.376767676767676818e+01
1.442424242424242387e+00 1.263636363636363669e+01
1.391919191919192000e+00 1.198989898989898961e+01
1.606565656565656752e+00 1.344444444444444464e+01
1.467676767676767691e+00 1.360606060606060552e+01
1.480303030303030454e+00 1.255555555555555536e+01
1.518181818181818077e+00 1.312121212121212110e+01
1.593939393939393989e+00 1.328282828282828376e+01
1.518181818181818077e+00 1.271717171717171802e+01
1.492929292929292995e+00 1.320202020202020243e+01
1.328787878787878851e+00 1.182828282828282873e+01
1.429797979797979846e+00 1.207070707070707094e+01
1.543434343434343603e+00 1.328282828282828376e+01
1.492929292929292995e+00 1.312121212121212110e+01
1.366666666666666696e+00 1.207070707070707094e+01
1.442424242424242387e+00 1.239393939393939448e+01
1.417171717171717304e+00 1.271717171717171802e+01
1.417171717171717304e+00 1.215151515151515227e+01
1.593939393939393989e+00 1.360606060606060552e+01
1.442424242424242387e+00 1.215151515151515227e+01
1.530808080808080840e+00 1.328282828282828376e+01
1.467676767676767691e+00 1.223232323232323182e+01
1.391919191919192000e+00 1.239393939393939448e+01
1.505555555555555536e+00 1.271717171717171802e+01
1.404545454545454541e+00 1.231313131313131315e+01
1.366666666666666696e+00 1.320202020202020243e+01
1.328787878787878851e+00 1.198989898989898961e+01
1.417171717171717304e+00 1.239393939393939448e+01
1.455050505050504928e+00 1.223232323232323182e+01
1.429797979797979846e+00 1.239393939393939448e+01
1.530808080808080840e+00 1.271717171717171802e+01
1.480303030303030454e+00 1.304040404040404155e+01
1.366666666666666696e+00 1.182828282828282873e+01
1.505555555555555536e+00 1.255555555555555536e+01
1.404545454545454541e+00 1.231313131313131315e+01
1.480303030303030454e+00 1.336363636363636331e+01
1.328787878787878851e+00 1.142424242424242387e+01
1.417171717171717304e+00 1.295959595959596022e+01
1.404545454545454541e+00 1.255555555555555536e+01
1.429797979797979846e+00 1.271717171717171802e+01
1.379292929292929237e+00 1.239393939393939448e+01
1.467676767676767691e+00 1.328282828282828376e+01
1.530808080808080840e+00 1.279797979797979934e+01
1.366666666666666696e+00 1.166666666666666785e+01
1.366666666666666696e+00 1.207070707070707094e+01
1.442424242424242387e+00 1.271717171717171802e+01
1.391919191919192000e+00 1.247474747474747403e+01
1.581313131313131226e+00 1.344444444444444464e+01
1.606565656565656752e+00 1.352525252525252597e+01
1.391919191919192000e+00 1.231313131313131315e+01
1.417171717171717304e+00 1.231313131313131315e+01
1.606565656565656752e+00 1.368686868686868685e+01
1.404545454545454541e+00 1.198989898989898961e+01
1.480303030303030454e+00 1.279797979797979934e+01
1.505555555555555536e+00 1.304040404040404155e+01
1.669696969696969902e+00 1.384848484848484773e+01
1.568686868686868685e+00 1.344444444444444464e+01
1.391919191919192000e+00 1.287878787878787890e+01
1.391919191919192000e+00 1.198989898989898961e+01
1.619191919191919293e+00 1.376767676767676818e+01
1.492929292929292995e+00 1.263636363636363669e+01
1.404545454545454541e+00 1.198989898989898961e+01
1.265656565656565702e+00 1.134343434343434254e+01
1.518181818181818077e+00 1.360606060606060552e+01
1.442424242424242387e+00 1.215151515151515227e+01
1.492929292929292995e+00 1.271717171717171802e+01
1.455050505050504928e+00 1.247474747474747403e+01
1.467676767676767691e+00 1.231313131313131315e+01
1.530808080808080840e+00 1.287878787878787890e+01
1.442424242424242387e+00 1.247474747474747403e+01
1.581313131313131226e+00 1.336363636363636331e+01
1.492929292929292995e+00 1.312121212121212110e+01
1.455050505050504928e+00 1.312121212121212110e+01
1.341414141414141392e+00 1.279797979797979934e+01
1.341414141414141392e+00 1.223232323232323182e+01
1.455050505050504928e+00 1.255555555555555536e+01
1.480303030303030454e+00 1.271717171717171802e+01
1.568686868686868685e+00 1.376767676767676818e+01
1.669696969696969902e+00 1.401010101010101039e+01
1.808585858585858741e+00 1.417171717171717304e+01
1.455050505050504928e+00 1.215151515151515227e+01
1.354040404040404155e+00 1.231313131313131315e+01
1.455050505050504928e+00 1.223232323232323182e+01
1.442424242424242387e+00 1.223232323232323182e+01
1.316161616161616088e+00 1.239393939393939448e+01
1.429797979797979846e+00 1.304040404040404155e+01
1.568686868686868685e+00 1.295959595959596022e+01
1.417171717171717304e+00 1.287878787878787890e+01
1.631818181818181834e+00 1.352525252525252597e+01
1.455050505050504928e+00 1.255555555555555536e+01
1.442424242424242387e+00 1.223232323232323182e+01
1.467676767676767691e+00 1.287878787878787890e+01
1.429797979797979846e+00 1.239393939393939448e+01
1.404545454545454541e+00 1.223232323232323182e+01
1.480303030303030454e+00 1.239393939393939448e+01
1.556060606060606144e+00 1.320202020202020243e+01
1.505555555555555536e+00 1.320202020202020243e+01
1.682323232323232443e+00 1.392929292929293084e+01
1.455050505050504928e+00 1.271717171717171802e+01
1.543434343434343603e+00 1.352525252525252597e+01
1.947474747474747581e+00 1.554545454545454675e+01
1.669696969696969902e+00 1.360606060606060552e+01
1.316161616161616088e+00 1.231313131313131315e+01
1.404545454545454541e+00 1.239393939393939448e+01
1.505555555555555536e+00 1.287878787878787890e+01
1.593939393939393989e+00 1.328282828282828376e+01
1.644444444444444375e+00 1.352525252525252597e+01
1.366666666666666696e+00 1.190909090909091006e+01
1.429797979797979846e+00 1.295959595959596022e+01
1.429797979797979846e+00 1.207070707070707094e+01
1.593939393939393989e+00 1.312121212121212110e+01
1.467676767676767691e+00 1.247474747474747403e+01
1.568686868686868685e+00 1.312121212121212110e+01
1.467676767676767691e+00 1.304040404040404155e+01
1.543434343434343603e+00 1.263636363636363669e+01
1.631818181818181834e+00 1.376767676767676818e+01
1.505555555555555536e+00 1.295959595959596022e+01
1.518181818181818077e+00 1.271717171717171802e+01
1.505555555555555536e+00 1.231313131313131315e+01
1.379292929292929237e+00 1.239393939393939448e+01
1.480303030303030454e+00 1.231313131313131315e+01
1.429797979797979846e+00 1.231313131313131315e+01
1.581313131313131226e+00 1.344444444444444464e+01
1.556060606060606144e+00 1.320202020202020243e+01
1.442424242424242387e+00 1.263636363636363669e+01
1.379292929292929237e+00 1.198989898989898961e+01
1.417171717171717304e+00 1.295959595959596022e+01
1.455050505050504928e+00 1.263636363636363669e+01
1.581313131313131226e+00 1.304040404040404155e+01
1.328787878787878851e+00 1.255555555555555536e+01
1.391919191919192000e+00 1.271717171717171802e+01
1.404545454545454541e+00 1.223232323232323182e+01
1.518181818181818077e+00 1.295959595959596022e+01
1.366666666666666696e+00 1.166666666666666785e+01
1.543434343434343603e+00 1.312121212121212110e+01
1.694949494949494984e+00 1.425252525252525260e+01
1.568686868686868685e+00 1.312121212121212110e+01
1.467676767676767691e+00 1.320202020202020243e+01
1.467676767676767691e+00 1.279797979797979934e+01
1.568686868686868685e+00 1.328282828282828376e+01
1.429797979797979846e+00 1.198989898989898961e+01
1.455050505050504928e+00 1.271717171717171802e+01
1.467676767676767691e+00 1.247474747474747403e+01
1.543434343434343603e+00 1.304040404040404155e+01
1.316161616161616088e+00 1.223232323232323182e+01
1.518181818181818077e+00 1.441414141414141525e+01
1.480303030303030454e+00 1.360606060606060552e+01
1.492929292929292995e+00 1.271717171717171802e+01
1.366666666666666696e+00 1.223232323232323182e+01
1.518181818181818077e+00 1.295959595959596022e+01
1.391919191919192000e+00 1.279797979797979934e+01
1.404545454545454541e+00 1.287878787878787890e+01
1.505555555555555536e+00 1.279797979797979934e+01
1.442424242424242387e+00 1.239393939393939448e+01
1.265656565656565702e+00 1.198989898989898961e+01
1.442424242424242387e+00 1.231313131313131315e+01
1.417171717171717304e+00 1.287878787878787890e+01
1.379292929292929237e+00 1.190909090909091006e+01
1.404545454545454541e+00 1.263636363636363669e+01
1.467676767676767691e+00 1.312121212121212110e+01
1.644444444444444375e+00 1.409090909090909172e+01
1.606565656565656752e+00 1.425252525252525260e+01
1.328787878787878851e+00 1.198989898989898961e+01
1.593939393939393989e+00 1.368686868686868685e+01
1.720202020202020288e+00 1.417171717171717304e+01
1.455050505050504928e+00 1.295959595959596022e+01
1.530808080808080840e+00 1.295959595959596022e+01
1.442424242424242387e+00 1.352525252525252597e+01
1.429797979797979846e+00 1.263636363636363669e+01
1.606565656565656752e+00 1.344444444444444464e+01
1.480303030303030454e+00 1.247474747474747403e+01
1.530808080808080840e+00 1.304040404040404155e+01
1.657070707070707138e+00 1.360606060606060552e+01
1.543434343434343603e+00 1.360606060606060552e+01
1.354040404040404155e+00 1.312121212121212110e+01
1.404545454545454541e+00 1.198989898989898961e+01
1.442424242424242387e+00 1.239393939393939448e+01
1.492929292929292995e+00 1.320202020202020243e+01
1.328787878787878851e+00 1.215151515151515227e+01
1.366666666666666696e+00 1.190909090909091006e+01
1.417171717171717304e+00 1.255555555555555536e+01
1.316161616161616088e+00 1.142424242424242387e+01
1.391919191919192000e+00 1.215151515151515227e+01
1.366666666666666696e+00 1.182828282828282873e+01
1.480303030303030454e+00 1.239393939393939448e+01
1.581313131313131226e+00 1.344444444444444464e+01
1.581313131313131226e+00 1.336363636363636331e+01
1.404545454545454541e+00 1.255555555555555536e+01
1.455050505050504928e+00 1.263636363636363669e+01
1.442424242424242387e+00 1.239393939393939448e+01
1.417171717171717304e+00 1.223232323232323182e+01
1.417171717171717304e+00 1.271717171717171802e+01
1.619191919191919293e+00 1.360606060606060552e+01
1.417171717171717304e+00 1.247474747474747403e+01
1.556060606060606144e+00 1.287878787878787890e+01
1.391919191919192000e+00 1.207070707070707094e+01
1.619191919191919293e+00 1.352525252525252597e+01
1.467676767676767691e+00 1.231313131313131315e+01
1.631818181818181834e+00 1.368686868686868685e+01
1.417171717171717304e+00 1.312121212121212110e+01
1.391919191919192000e+00 1.190909090909091006e+01
1.543434343434343603e+00 1.304040404040404155e+01
1.442424242424242387e+00 1.263636363636363669e+01
1.480303030303030454e+00 1.231313131313131315e+01
1.442424242424242387e+00 1.263636363636363669e+01
1.593939393939393989e+00 1.401010101010101039e+01
1.530808080808080840e+00 1.328282828282828376e+01
1.467676767676767691e+00 1.207070707070707094e+01
1.417171717171717304e+00 1.239393939393939448e+01
1.530808080808080840e+00 1.312121212121212110e+01
1.480303030303030454e+00 1.336363636363636331e+01
1.593939393939393989e+00 1.295959595959596022e+01
1.543434343434343603e+00 1.279797979797979934e+01
1.556060606060606144e+00 1.312121212121212110e+01
1.366666666666666696e+00 1.198989898989898961e+01
1.467676767676767691e+00 1.336363636363636331e+01
1.619191919191919293e+00 1.344444444444444464e+01
1.543434343434343603e+00 1.336363636363636331e+01
1.354040404040404155e+00 1.174747474747474740e+01
1.354040404040404155e+00 1.207070707070707094e+01
1.316161616161616088e+00 1.344444444444444464e+01
1.556060606060606144e+00 1.312121212121212110e+01
1.480303030303030454e+00 1.279797979797979934e+01
1.391919191919192000e+00 1.255555555555555536e+01
1.492929292929292995e+00 1.231313131313131315e+01
1.492929292929292995e+00 1.287878787878787890e+01
1.518181818181818077e+00 1.287878787878787890e+01
1.480303030303030454e+00 1.263636363636363669e+01
1.593939393939393989e+00 1.336363636363636331e+01
1.455050505050504928e+00 1.239393939393939448e+01
1.328787878787878851e+00 1.198989898989898961e+01
1.480303030303030454e+00 1.231313131313131315e+01
1.530808080808080840e+00 1.287878787878787890e+01
1.480303030303030454e+00 1.255555555555555536e+01
1.593939393939393989e+00 1.344444444444444464e+01
1.606565656565656752e+00 1.320202020202020243e+01
1.543434343434343603e+00 1.239393939393939448e+01
1.366666666666666696e+00 1.207070707070707094e+01
1.379292929292929237e+00 1.174747474747474740e+01
1.518181818181818077e+00 1.312121212121212110e+01
1.543434343434343603e+00 1.352525252525252597e+01
1.417171717171717304e+00 1.279797979797979934e+01
1.455050505050504928e+00 1.271717171717171802e+01
1.341414141414141392e+00 1.166666666666666785e+01
1.505555555555555536e+00 1.247474747474747403e+01
1.480303030303030454e+00 1.295959595959596022e+01
1.429797979797979846e+00 1.247474747474747403e+01
1.619191919191919293e+00 1.376767676767676818e+01
1.341414141414141392e+00 1.263636363636363669e+01
1.543434343434343603e+00 1.287878787878787890e+01
1.417171717171717304e+00 1.295959595959596022e+01
1.442424242424242387e+00 1.279797979797979934e+01
1.505555555555555536e+00 1.336363636363636331e+01
1.543434343434343603e+00 1.279797979797979934e+01
1.442424242424242387e+00 1.271717171717171802e+01
1.442424242424242387e+00 1.239393939393939448e+01
1.505555555555555536e+00 1.247474747474747403e+01
1.442424242424242387e+00 1.231313131313131315e+01
1.556060606060606144e+00 1.312121212121212110e+01
1.480303030303030454e+00 1.223232323232323182e+01
1.530808080808080840e+00 1.271717171717171802e+01
1.480303030303030454e+00 1.223232323232323182e+01
1.492929292929292995e+00 1.320202020202020243e+01
1.543434343434343603e+00 1.336363636363636331e+01
1.505555555555555536e+00 1.312121212121212110e+01
1.341414141414141392e+00 1.255555555555555536e+01
1.669696969696969902e+00 1.304040404040404155e+01
1.455050505050504928e+00 1.223232323232323182e+01
1.303535353535353547e+00 1.158585858585858652e+01
1.354040404040404155e+00 1.198989898989898961e+01
1.442424242424242387e+00 1.295959595959596022e+01
1.391919191919192000e+00 1.223232323232323182e+01
1.366666666666666696e+00 1.190909090909091006e+01
1.492929292929292995e+00 1.295959595959596022e+01
1.290909090909091006e+00 1.182828282828282873e+01
1.492929292929292995e+00 1.344444444444444464e+01
1.518181818181818077e+00 1.263636363636363669e+01
1.745454545454545592e+00 1.441414141414141525e+01
1.429797979797979846e+00 1.239393939393939448e+01
1.379292929292929237e+00 1.239393939393939448e+01
1.429797979797979846e+00 1.239393939393939448e+01
1.631818181818181834e+00 1.368686868686868685e+01
1.619191919191919293e+00 1.360606060606060552e+01
1.455050505050504928e+00 1.239393939393939448e+01
1.593939393939393989e+00 1.368686868686868685e+01
1.505555555555555536e+00 1.263636363636363669e+01
1.518181818181818077e+00 1.320202020202020243e+01
1.530808080808080840e+00 1.320202020202020243e+01
1.391919191919192000e+00 1.215151515151515227e+01
1.429797979797979846e+00 1.231313131313131315e+01
1.505555555555555536e+00 1.271717171717171802e+01
1.518181818181818077e+00 1.255555555555555536e+01
1.518181818181818077e+00 1.263636363636363669e+01
1.631818181818181834e+00 1.328282828282828376e+01
1.391919191919192000e+00 1.190909090909091006e+01
1.480303030303030454e+00 1.336363636363636331e+01
1.379292929292929237e+00 1.255555555555555536e+01
1.619191919191919293e+00 1.401010101010101039e+01
1.467676767676767691e+00 1.312121212121212110e+01
1.442424242424242387e+00 1.223232323232323182e+01
1.505555555555555536e+00 1.263636363636363669e+01
1.455050505050504928e+00 1.263636363636363669e+01
1.631818181818181834e+00 1.368686868686868685e+01
1.505555555555555536e+00 1.360606060606060552e+01
1.417171717171717304e+00 1.223232323232323182e+01
1.631818181818181834e+00 1.368686868686868685e+01
1.417171717171717304e+00 1.312121212121212110e+01
1.404545454545454541e+00 1.336363636363636331e+01
1.518181818181818077e+00 1.287878787878787890e+01
1.316161616161616088e+00 1.255555555555555536e+01
1.518181818181818077e+00 1.417171717171717304e+01
1.467676767676767691e+00 1.271717171717171802e+01
1.341414141414141392e+00 1.215151515151515227e+01
1.354040404040404155e+00 1.239393939393939448e+01
1.505555555555555536e+00 1.255555555555555536e+01
1.530808080808080840e+00 1.336363636363636331e+01
1.480303030303030454e+00 1.368686868686868685e+01
1.354040404040404155e+00 1.198989898989898961e+01
1.467676767676767691e+00 1.231313131313131315e+01
1.644444444444444375e+00 1.336363636363636331e+01
1.518181818181818077e+00 1.376767676767676818e+01
1.253030303030302939e+00 1.263636363636363669e+01
1.619191919191919293e+00 1.417171717171717304e+01
1.783333333333333437e+00 1.425252525252525260e+01
1.328787878787878851e+00 1.255555555555555536e+01
1.442424242424242387e+00 1.223232323232323182e+01
1.505555555555555536e+00 1.271717171717171802e+01
1.391919191919192000e+00 1.255555555555555536e+01
1.505555555555555536e+00 1.271717171717171802e+01
1.480303030303030454e+00 1.295959595959596022e+01
1.429797979797979846e+00 1.239393939393939448e+01
1.505555555555555536e+00 1.287878787878787890e+01
1.417171717171717304e+00 1.271717171717171802e+01
1.442424242424242387e+00 1.239393939393939448e+01
1.391919191919192000e+00 1.231313131313131315e+01
1.518181818181818077e+00 1.295959595959596022e+01
1.429797979797979846e+00 1.198989898989898961e+01
1.354040404040404155e+00 1.223232323232323182e+01
1.467676767676767691e+00 1.271717171717171802e+01
1.657070707070707138e+00 1.360606060606060552e+01
1.543434343434343603e+00 1.328282828282828376e+01
1.455050505050504928e+00 1.304040404040404155e+01
1.518181818181818077e+00 1.304040404040404155e+01
1.492929292929292995e+00 1.263636363636363669e+01
1.518181818181818077e+00 1.279797979797979934e+01
1.480303030303030454e+00 1.239393939393939448e+01
1.366666666666666696e+00 1.150505050505050519e+01
1.480303030303030454e+00 1.320202020202020243e+01
1.404545454545454541e+00 1.271717171717171802e+01
1.442424242424242387e+00 1.223232323232323182e+01
1.455050505050504928e+00 1.247474747474747403e+01
1.467676767676767691e+00 1.320202020202020243e+01
1.442424242424242387e+00 1.247474747474747403e+01
1.530808080808080840e+00 1.279797979797979934e+01
1.366666666666666696e+00 1.239393939393939448e+01
1.429797979797979846e+00 1.239393939393939448e+01
1.467676767676767691e+00 1.279797979797979934e+01
1.417171717171717304e+00 1.247474747474747403e+01
1.960101010101010122e+00 1.497979797979797922e+01
1.417171717171717304e+00 1.255555555555555536e+01
1.429797979797979846e+00 1.207070707070707094e+01
1.518181818181818077e+00 1.287878787878787890e+01
1.467676767676767691e+00 1.263636363636363669e+01
1.518181818181818077e+00 1.263636363636363669e+01
1.593939393939393989e+00 1.376767676767676818e+01
1.379292929292929237e+00 1.207070707070707094e+01
1.467676767676767691e+00 1.231313131313131315e+01
1.455050505050504928e+00 1.279797979797979934e+01
1.568686868686868685e+00 1.376767676767676818e+01
1.391919191919192000e+00 1.263636363636363669e+01
1.568686868686868685e+00 1.287878787878787890e+01
1.682323232323232443e+00 1.409090909090909172e+01
1.455050505050504928e+00 1.352525252525252597e+01
1.530808080808080840e+00 1.304040404040404155e+01
1.429797979797979846e+00 1.279797979797979934e+01
1.492929292929292995e+00 1.295959595959596022e+01
1.442424242424242387e+00 1.223232323232323182e+01
1.669696969696969902e+00 1.360606060606060552e+01
1.505555555555555536e+00 1.312121212121212110e+01
1.455050505050504928e+00 1.239393939393939448e+01
1.505555555555555536e+00 1.295959595959596022e+01
1.505555555555555536e+00 1.312121212121212110e+01
1.530808080808080840e+00 1.312121212121212110e+01
1.505555555555555536e+00 1.304040404040404155e+01
1.556060606060606144e+00 1.384848484848484773e+01
1.354040404040404155e+00 1.255555555555555536e+01
1.467676767676767691e+00 1.417171717171717304e+01
1.644444444444444375e+00 1.376767676767676818e+01
1.391919191919192000e+00 1.255555555555555536e+01
1.480303030303030454e+00 1.263636363636363669e+01
1.480303030303030454e+00 1.255555555555555536e+01
1.581313131313131226e+00 1.344444444444444464e+01
1.518181818181818077e+00 1.304040404040404155e+01
1.455050505050504928e+00 1.279797979797979934e+01
1.657070707070707138e+00 1.336363636363636331e+01
1.354040404040404155e+00 1.215151515151515227e+01
1.391919191919192000e+00 1.263636363636363669e+01
1.480303030303030454e+00 1.287878787878787890e+01
1.518181818181818077e+00 1.304040404040404155e+01
1.568686868686868685e+00 1.255555555555555536e+01
1.505555555555555536e+00 1.312121212121212110e+01
1.417171717171717304e+00 1.223232323232323182e+01
1.354040404040404155e+00 1.239393939393939448e+01
1.278282828282828243e+00 1.190909090909091006e+01
1.530808080808080840e+00 1.304040404040404155e+01
1.480303030303030454e+00 1.336363636363636331e+01
1.505555555555555536e+00 1.287878787878787890e+01
1.429797979797979846e+00 1.263636363636363669e+01
1.354040404040404155e+00 1.207070707070707094e+01
1.505555555555555536e+00 1.271717171717171802e+01
1.518181818181818077e+00 1.312121212121212110e+01
1.518181818181818077e+00 1.263636363636363669e+01
1.530808080808080840e+00 1.304040404040404155e+01
1.404545454545454541e+00 1.239393939393939448e+01
1.518181818181818077e+00 1.279797979797979934e+01
1.619191919191919293e+00 1.392929292929293084e+01
1.492929292929292995e+00 1.271717171717171802e+01
1.480303030303030454e+00 1.247474747474747403e+01
1.404545454545454541e+00 1.231313131313131315e+01
1.669696969696969902e+00 1.449494949494949481e+01
1.467676767676767691e+00 1.247474747474747403e+01
1.492929292929292995e+00 1.384848484848484773e+01
1.455050505050504928e+00 1.271717171717171802e+01
1.467676767676767691e+00 1.287878787878787890e+01
1.442424242424242387e+00 1.255555555555555536e+01
1.492929292929292995e+00 1.271717171717171802e+01
1.417171717171717304e+00 1.182828282828282873e+01
1.480303030303030454e+00 1.336363636363636331e+01
1.505555555555555536e+00 1.255555555555555536e+01
1.354040404040404155e+00 1.223232323232323182e+01
1.354040404040404155e+00 1.198989898989898961e+01
1.606565656565656752e+00 1.376767676767676818e+01
1.581313131313131226e+00 1.368686868686868685e+01
1.442424242424242387e+00 1.304040404040404155e+01
1.391919191919192000e+00 1.279797979797979934e+01
1.391919191919192000e+00 1.263636363636363669e+01
1.417171717171717304e+00 1.207070707070707094e+01
1.391919191919192000e+00 1.174747474747474740e+01
1.417171717171717304e+00 1.239393939393939448e+01
1.455050505050504928e+00 1.392929292929293084e+01
1.631818181818181834e+00 1.352525252525252597e+01
1.379292929292929237e+00 1.231313131313131315e+01
1.530808080808080840e+00 1.255555555555555536e+01
1.442424242424242387e+00 1.223232323232323182e+01
1.316161616161616088e+00 1.255555555555555536e+01
1.644444444444444375e+00 1.425252525252525260e+01
1.568686868686868685e+00 1.344444444444444464e+01
1.455050505050504928e+00 1.384848484848484773e+01
1.404545454545454541e+00 1.344444444444444464e+01
1.391919191919192000e+00 1.198989898989898961e+01
1.543434343434343603e+00 1.287878787878787890e+01
1.745454545454545592e+00 1.360606060606060552e+01
1.341414141414141392e+00 1.134343434343434254e+01
1.593939393939393989e+00 1.279797979797979934e+01
1.480303030303030454e+00 1.255555555555555536e+01
1.606565656565656752e+00 1.457575757575757613e+01
1.391919191919192000e+00 1.247474747474747403e+01
1.467676767676767691e+00 1.255555555555555536e+01
1.467676767676767691e+00 1.287878787878787890e+01
1.455050505050504928e+00 1.263636363636363669e+01
1.530808080808080840e+00 1.304040404040404155e+01
1.619191919191919293e+00 1.360606060606060552e+01
1.341414141414141392e+00 1.271717171717171802e+01
1.543434343434343603e+00 1.271717171717171802e+01
1.455050505050504928e+00 1.263636363636363669e+01
1.354040404040404155e+00 1.409090909090909172e+01
1.429797979797979846e+00 1.247474747474747403e+01
1.366666666666666696e+00 1.182828282828282873e+01
1.341414141414141392e+00 1.231313131313131315e+01
1.480303030303030454e+00 1.247474747474747403e+01
1.417171717171717304e+00 1.215151515151515227e+01
1.606565656565656752e+00 1.352525252525252597e+01
1.530808080808080840e+00 1.271717171717171802e+01
1.543434343434343603e+00 1.271717171717171802e+01
1.492929292929292995e+00 1.247474747474747403e+01
1.492929292929292995e+00 1.320202020202020243e+01
1.455050505050504928e+00 1.239393939393939448e+01
1.442424242424242387e+00 1.304040404040404155e+01
1.505555555555555536e+00 1.279797979797979934e+01
1.354040404040404155e+00 1.158585858585858652e+01
1.593939393939393989e+00 1.320202020202020243e+01
1.417171717171717304e+00 1.239393939393939448e+01
1.556060606060606144e+00 1.304040404040404155e+01
1.556060606060606144e+00 1.312121212121212110e+01
1.341414141414141392e+00 1.166666666666666785e+01
1.455050505050504928e+00 1.271717171717171802e+01
1.391919191919192000e+00 1.198989898989898961e+01
1.455050505050504928e+00 1.207070707070707094e+01
1.417171717171717304e+00 1.247474747474747403e+01
1.480303030303030454e+00 1.255555555555555536e+01
1.606565656565656752e+00 1.336363636363636331e+01
1.505555555555555536e+00 1.312121212121212110e+01
1.808585858585858741e+00 1.465656565656565746e+01
1.556060606060606144e+00 1.287878787878787890e+01
1.543434343434343603e+00 1.328282828282828376e+01
1.922222222222222276e+00 1.489898989898989967e+01
1.417171717171717304e+00 1.223232323232323182e+01
1.543434343434343603e+00 1.320202020202020243e+01
1.404545454545454541e+00 1.223232323232323182e+01
1.417171717171717304e+00 1.215151515151515227e+01
1.505555555555555536e+00 1.255555555555555536e+01
1.442424242424242387e+00 1.223232323232323182e+01
1.316161616161616088e+00 1.142424242424242387e+01
1.417171717171717304e+00 1.198989898989898961e+01
1.619191919191919293e+00 1.344444444444444464e+01
1.505555555555555536e+00 1.344444444444444464e+01
1.480303030303030454e+00 1.360606060606060552e+01
1.455050505050504928e+00 1.465656565656565746e+01
1.442424242424242387e+00 1.271717171717171802e+01
1.644444444444444375e+00 1.392929292929293084e+01
1.631818181818181834e+00 1.360606060606060552e+01
1.341414141414141392e+00 1.198989898989898961e+01
1.366666666666666696e+00 1.190909090909091006e+01
1.455050505050504928e+00 1.295959595959596022e+01
1.505555555555555536e+00 1.239393939393939448e+01
1.366666666666666696e+00 1.287878787878787890e+01
1.442424242424242387e+00 1.223232323232323182e+01
1.366666666666666696e+00 1.223232323232323182e+01
1.417171717171717304e+00 1.207070707070707094e+01
1.303535353535353547e+00 1.174747474747474740e+01
1.455050505050504928e+00 1.239393939393939448e+01
1.631818181818181834e+00 1.368686868686868685e+01
1.429797979797979846e+00 1.215151515151515227e+01
1.492929292929292995e+00 1.263636363636363669e+01
1.505555555555555536e+00 1.295959595959596022e+01
1.669696969696969902e+00 1.384848484848484773e+01
1.492929292929292995e+00 1.247474747474747403e+01
1.467676767676767691e+00 1.271717171717171802e+01
1.480303030303030454e+00 1.312121212121212110e+01
1.568686868686868685e+00 1.312121212121212110e+01
1.530808080808080840e+00 1.287878787878787890e+01
1.455050505050504928e+00 1.255555555555555536e+01
1.581313131313131226e+00 1.328282828282828376e+01
1.593939393939393989e+00 1.344444444444444464e+01
1.391919191919192000e+00 1.247474747474747403e+01
1.505555555555555536e+00 1.231313131313131315e+01
1.391919191919192000e+00 1.215151515151515227e+01
1.505555555555555536e+00 1.344444444444444464e+01
1.467676767676767691e+00 1.304040404040404155e+01
1.480303030303030454e+00 1.279797979797979934e+01
1.480303030303030454e+00 1.263636363636363669e+01
1.404545454545454541e+00 1.223232323232323182e+01
1.518181818181818077e+00 1.271717171717171802e+01
1.467676767676767691e+00 1.239393939393939448e+01
1.316161616161616088e+00 1.207070707070707094e+01
1.455050505050504928e+00 1.223232323232323182e+01
1.581313131313131226e+00 1.352525252525252597e+01
1.530808080808080840e+00 1.263636363636363669e+01
1.455050505050504928e+00 1.287878787878787890e+01
1.543434343434343603e+00 1.384848484848484773e+01
1.770707070707070674e+00 1.441414141414141525e+01
1.366666666666666696e+00 1.198989898989898961e+01
1.556060606060606144e+00 1.368686868686868685e+01
1.518181818181818077e+00 1.263636363636363669e+01
1.366666666666666696e+00 1.174747474747474740e+01
1.467676767676767691e+00 1.271717171717171802e+01
1.417171717171717304e+00 1.231313131313131315e+01
1.467676767676767691e+00 1.271717171717171802e+01
1.290909090909091006e+00 1.182828282828282873e+01
1.404545454545454541e+00 1.304040404040404155e+01
1.379292929292929237e+00 1.223232323232323182e+01
1.556060606060606144e+00 1.352525252525252597e+01
1.480303030303030454e+00 1.239393939393939448e+01
1.480303030303030454e+00 1.231313131313131315e+01
1.505555555555555536e+00 1.344444444444444464e+01
1.492929292929292995e+00 1.287878787878787890e+01
1.619191919191919293e+00 1.344444444444444464e+01
1.442424242424242387e+00 1.279797979797979934e+01
1.404545454545454541e+00 1.231313131313131315e+01
1.391919191919192000e+00 1.231313131313131315e+01
1.568686868686868685e+00 1.320202020202020243e+01
1.492929292929292995e+00 1.287878787878787890e+01
1.530808080808080840e+00 1.352525252525252597e+01
1.417171717171717304e+00 1.207070707070707094e+01
1.442424242424242387e+00 1.304040404040404155e+01
1.518181818181818077e+00 1.263636363636363669e+01
1.619191919191919293e+00 1.384848484848484773e+01
1.455050505050504928e+00 1.223232323232323182e+01
1.265656565656565702e+00 1.150505050505050519e+01
1.429797979797979846e+00 1.215151515151515227e+01
1.290909090909091006e+00 1.223232323232323182e+01
1.505555555555555536e+00 1.279797979797979934e+01
1.366666666666666696e+00 1.166666666666666785e+01
1.505555555555555536e+00 1.441414141414141525e+01
1.593939393939393989e+00 1.360606060606060552e+01
1.417171717171717304e+00 1.231313131313131315e+01
1.417171717171717304e+00 1.198989898989898961e+01
1.492929292929292995e+00 1.279797979797979934e+01
1.581313131313131226e+00 1.344444444444444464e+01
1.568686868686868685e+00 1.304040404040404155e+01
1.417171717171717304e+00 1.287878787878787890e+01
1.619191919191919293e+00 1.312121212121212110e+01
1.341414141414141392e+00 1.158585858585858652e+01
1.404545454545454541e+00 1.207070707070707094e+01
1.316161616161616088e+00 1.174747474747474740e+01
1.530808080808080840e+00 1.312121212121212110e+01
1.619191919191919293e+00 1.295959595959596022e+01
1.631818181818181834e+00 1.401010101010101039e+01
1.657070707070707138e+00 1.336363636363636331e+01
1.455050505050504928e+00 1.279797979797979934e+01
1.467676767676767691e+00 1.271717171717171802e+01
1.366666666666666696e+00 1.247474747474747403e+01
1.518181818181818077e+00 1.304040404040404155e+01
1.404545454545454541e+00 1.231313131313131315e+01
1.429797979797979846e+00 1.207070707070707094e+01
1.278282828282828243e+00 1.198989898989898961e+01
1.429797979797979846e+00 1.304040404040404155e+01
1.366666666666666696e+00 1.190909090909091006e+01
1.303535353535353547e+00 1.247474747474747403e+01
1.442424242424242387e+00 1.231313131313131315e+01
1.442424242424242387e+00 1.247474747474747403e+01
1.556060606060606144e+00 1.328282828282828376e+01
1.505555555555555536e+00 1.336363636363636331e+01
1.467676767676767691e+00 1.320202020202020243e+01
1.556060606060606144e+00 1.360606060606060552e+01
1.316161616161616088e+00 1.239393939393939448e+01
1.556060606060606144e+00 1.312121212121212110e+01
1.455050505050504928e+00 1.223232323232323182e+01
1.480303030303030454e+00 1.263636363636363669e+01
1.480303030303030454e+00 1.255555555555555536e+01
1.505555555555555536e+00 1.263636363636363669e+01
1.354040404040404155e+00 1.190909090909091006e+01
1.442424242424242387e+00 1.271717171717171802e+01
1.518181818181818077e+00 1.271717171717171802e+01
1.972727272727272885e+00 1.594949494949494984e+01
1.467676767676767691e+00 1.263636363636363669e+01
1.417171717171717304e+00 1.263636363636363669e+01
1.442424242424242387e+00 1.215151515151515227e+01
2.035858585858585812e+00 1.586868686868686851e+01
1.455050505050504928e+00 1.207070707070707094e+01
1.543434343434343603e+00 1.352525252525252597e+01
1.417171717171717304e+00 1.207070707070707094e+01
1.366666666666666696e+00 1.263636363636363669e+01
1.455050505050504928e+00 1.295959595959596022e+01
1.518181818181818077e+00 1.344444444444444464e+01
1.391919191919192000e+00 1.215151515151515227e+01
1.505555555555555536e+00 1.352525252525252597e+01
1.581313131313131226e+00 1.312121212121212110e+01
1.518181818181818077e+00 1.320202020202020243e+01
1.366666666666666696e+00 1.174747474747474740e+01
1.417171717171717304e+00 1.239393939393939448e+01
1.354040404040404155e+00 1.207070707070707094e+01
1.455050505050504928e+00 1.263636363636363669e+01
1.556060606060606144e+00 1.304040404040404155e+01
1.518181818181818077e+00 1.287878787878787890e+01
1.354040404040404155e+00 1.231313131313131315e+01
1.379292929292929237e+00 1.239393939393939448e+01
1.467676767676767691e+00 1.263636363636363669e+01
1.417171717171717304e+00 1.231313131313131315e+01
1.492929292929292995e+00 1.295959595959596022e+01
1.354040404040404155e+00 1.271717171717171802e+01
1.606565656565656752e+00 1.352525252525252597e+01
1.341414141414141392e+00 1.255555555555555536e+01
1.391919191919192000e+00 1.231313131313131315e+01
1.657070707070707138e+00 1.368686868686868685e+01
1.581313131313131226e+00 1.352525252525252597e+01
1.455050505050504928e+00 1.247474747474747403e+01
1.480303030303030454e+00 1.295959595959596022e+01
1.593939393939393989e+00 1.328282828282828376e+01
1.417171717171717304e+00 1.247474747474747403e+01
1.530808080808080840e+00 1.279797979797979934e+01
1.568686868686868685e+00 1.312121212121212110e+01
1.328787878787878851e+00 1.231313131313131315e+01
1.631818181818181834e+00 1.312121212121212110e+01
1.492929292929292995e+00 1.239393939393939448e+01
1.404545454545454541e+00 1.247474747474747403e+01
1.631818181818181834e+00 1.320202020202020243e+01
1.492929292929292995e+00 1.287878787878787890e+01
1.467676767676767691e+00 1.279797979797979934e+01
1.429797979797979846e+00 1.287878787878787890e+01
1.391919191919192000e+00 1.295959595959596022e+01
1.467676767676767691e+00 1.336363636363636331e+01
1.391919191919192000e+00 1.223232323232323182e+01
1.467676767676767691e+00 1.328282828282828376e+01
1.467676767676767691e+00 1.304040404040404155e+01
1.455050505050504928e+00 1.223232323232323182e+01
1.391919191919192000e+00 1.271717171717171802e+01
1.354040404040404155e+00 1.247474747474747403e+01
1.391919191919192000e+00 1.198989898989898961e+01
1.391919191919192000e+00 1.231313131313131315e+01
1.379292929292929237e+00 1.223232323232323182e+01
1.391919191919192000e+00 1.239393939393939448e+01
1.429797979797979846e+00 1.255555555555555536e+01
1.366666666666666696e+00 1.190909090909091006e+01
1.417171717171717304e+00 1.287878787878787890e+01
1.606565656565656752e+00 1.360606060606060552e+01
1.619191919191919293e+00 1.320202020202020243e+01
1.417171717171717304e+00 1.263636363636363669e+01
1.303535353535353547e+00 1.198989898989898961e+01
1.417171717171717304e+00 1.279797979797979934e+01
1.505555555555555536e+00 1.360606060606060552e+01
1.366666666666666696e+00 1.215151515151515227e+01
1.391919191919192000e+00 1.207070707070707094e+01
1.429797979797979846e+00 1.247474747474747403e+01
1.530808080808080840e+00 1.287878787878787890e+01
1.429797979797979846e+00 1.255555555555555536e+01
1.328787878787878851e+00 1.182828282828282873e+01
1.581313131313131226e+00 1.344444444444444464e+01
1.429797979797979846e+00 1.279797979797979934e+01
1.530808080808080840e+00 1.328282828282828376e+01
1.505555555555555536e+00 1.287878787878787890e+01
1.442424242424242387e+00 1.255555555555555536e+01
1.316161616161616088e+00 1.247474747474747403e+01
1.492929292929292995e+00 1.271717171717171802e+01
1.417171717171717304e+00 1.279797979797979934e+01
1.341414141414141392e+00 1.231313131313131315e+01
1.518181818181818077e+00 1.344444444444444464e+01
1.379292929292929237e+00 1.198989898989898961e+01
1.505555555555555536e+00 1.312121212121212110e+01
1.480303030303030454e+00 1.271717171717171802e+01
1.505555555555555536e+00 1.352525252525252597e+01
1.341414141414141392e+00 1.190909090909091006e+01
1.429797979797979846e+00 1.263636363636363669e+01
1.442424242424242387e+00 1.263636363636363669e+01
1.417171717171717304e+00 1.223232323232323182e+01
1.505555555555555536e+00 1.320202020202020243e+01
1.455050505050504928e+00 1.320202020202020243e+01
1.518181818181818077e+00 1.287878787878787890e+01
1.543434343434343603e+00 1.312121212121212110e+01
1.480303030303030454e+00 1.255555555555555536e+01
1.391919191919192000e+00 1.174747474747474740e+01
1.455050505050504928e+00 1.263636363636363669e+01
1.455050505050504928e+00 1.223232323232323182e+01
1.492929292929292995e+00 1.271717171717171802e+01
1.391919191919192000e+00 1.223232323232323182e+01
1.366666666666666696e+00 1.312121212121212110e+01
1.530808080808080840e+00 1.320202020202020243e+01
1.417171717171717304e+00 1.215151515151515227e+01
1.429797979797979846e+00 1.215151515151515227e+01
1.429797979797979846e+00 1.255555555555555536e+01
1.467676767676767691e+00 1.312121212121212110e+01
1.707575757575757525e+00 1.425252525252525260e+01
1.492929292929292995e+00 1.271717171717171802e+01
1.581313131313131226e+00 1.360606060606060552e+01
1.581313131313131226e+00 1.352525252525252597e+01
1.505555555555555536e+00 1.368686868686868685e+01
1.492929292929292995e+00 1.271717171717171802e+01
1.619191919191919293e+00 1.312121212121212110e+01
1.556060606060606144e+00 1.344444444444444464e+01
1.455050505050504928e+00 1.263636363636363669e+01
1.505555555555555536e+00 1.279797979797979934e+01
1.593939393939393989e+00 1.344444444444444464e+01
1.492929292929292995e+00 1.328282828282828376e+01
1.442424242424242387e+00 1.223232323232323182e+01
1.644444444444444375e+00 1.376767676767676818e+01
1.518181818181818077e+00 1.279797979797979934e+01
1.606565656565656752e+00 1.392929292929293084e+01
1.581313131313131226e+00 1.376767676767676818e+01
1.417171717171717304e+00 1.231313131313131315e+01
1.455050505050504928e+00 1.287878787878787890e+01
1.455050505050504928e+00 1.231313131313131315e+01
1.568686868686868685e+00 1.304040404040404155e+01
1.530808080808080840e+00 1.198989898989898961e+01
1.391919191919192000e+00 1.271717171717171802e+01
1.556060606060606144e+00 1.328282828282828376e+01
1.442424242424242387e+00 1.263636363636363669e+01
1.366666666666666696e+00 1.223232323232323182e+01
1.404545454545454541e+00 1.263636363636363669e+01
1.391919191919192000e+00 1.239393939393939448e+01
1.467676767676767691e+00 1.239393939393939448e+01
1.366666666666666696e+00 1.174747474747474740e+01
1.467676767676767691e+00 1.247474747474747403e+01
1.341414141414141392e+00 1.174747474747474740e+01
1.480303030303030454e+00 1.239393939393939448e+01
1.556060606060606144e+00 1.328282828282828376e+01
1.417171717171717304e+00 1.239393939393939448e+01
1.505555555555555536e+00 1.312121212121212110e+01
1.871717171717171890e+00 1.473737373737373701e+01
1.480303030303030454e+00 1.279797979797979934e+01
1.530808080808080840e+00 1.304040404040404155e+01
1.581313131313131226e+00 1.263636363636363669e+01
1.417171717171717304e+00 1.255555555555555536e+01
1.606565656565656752e+00 1.352525252525252597e+01
1.467676767676767691e+00 1.223232323232323182e+01
1.417171717171717304e+00 1.223232323232323182e+01
1.568686868686868685e+00 1.312121212121212110e+01
1.480303030303030454e+00 1.215151515151515227e+01
1.556060606060606144e+00 1.360606060606060552e+01
1.568686868686868685e+00 1.352525252525252597e+01
1.379292929292929237e+00 1.231313131313131315e+01
1.429797979797979846e+00 1.247474747474747403e+01
1.366666666666666696e+00 1.207070707070707094e+01
1.568686868686868685e+00 1.336363636363636331e+01
1.354040404040404155e+00 1.182828282828282873e+01
1.455050505050504928e+00 1.295959595959596022e+01
1.644444444444444375e+00 1.417171717171717304e+01
1.455050505050504928e+00 1.223232323232323182e+01
1.707575757575757525e+00 1.425252525252525260e+01
1.770707070707070674e+00 1.409090909090909172e+01
1.354040404040404155e+00 1.215151515151515227e+01
1.467676767676767691e+00 1.271717171717171802e+01
1.467676767676767691e+00 1.271717171717171802e+01
1.631818181818181834e+00 1.417171717171717304e+01
1.593939393939393989e+00 1.368686868686868685e+01
1.455050505050504928e+00 1.279797979797979934e+01
1.391919191919192000e+00 1.263636363636363669e+01
1.568686868686868685e+00 1.287878787878787890e+01
1.530808080808080840e+00 1.279797979797979934e+01
1.366666666666666696e+00 1.255555555555555536e+01
1.518181818181818077e+00 1.295959595959596022e+01
1.505555555555555536e+00 1.328282828282828376e+01
1.455050505050504928e+00 1.312121212121212110e+01
1.404545454545454541e+00 1.231313131313131315e+01
1.530808080808080840e+00 1.287878787878787890e+01
1.455050505050504928e+00 1.231313131313131315e+01
1.518181818181818077e+00 1.376767676767676818e+01
1.429797979797979846e+00 1.255555555555555536e+01
1.492929292929292995e+00 1.295959595959596022e+01
1.505555555555555536e+00 1.304040404040404155e+01
1.354040404040404155e+00 1.231313131313131315e+01
1.455050505050504928e+00 1.223232323232323182e+01
1.568686868686868685e+00 1.328282828282828376e+01
1.518181818181818077e+00 1.271717171717171802e+01
1.480303030303030454e+00 1.263636363636363669e+01
1.442424242424242387e+00 1.223232323232323182e+01
1.518181818181818077e+00 1.287878787878787890e+01
1.530808080808080840e+00 1.295959595959596022e+01
1.606565656565656752e+00 1.368686868686868685e+01
1.682323232323232443e+00 1.409090909090909172e+01
1.556060606060606144e+00 1.304040404040404155e+01
1.404545454545454541e+00 1.255555555555555536e+01
1.480303030303030454e+00 1.320202020202020243e+01
1.455050505050504928e+00 1.239393939393939448e+01
1.644444444444444375e+00 1.328282828282828376e+01
1.391919191919192000e+00 1.231313131313131315e+01
1.417171717171717304e+00 1.231313131313131315e+01
1.391919191919192000e+00 1.182828282828282873e+01
1.341414141414141392e+00 1.174747474747474740e+01
1.417171717171717304e+00 1.271717171717171802e+01
1.379292929292929237e+00 1.182828282828282873e+01
1.644444444444444375e+00 1.336363636363636331e+01
1.505555555555555536e+00 1.279797979797979934e+01
1.455050505050504928e+00 1.223232323232323182e+01
1.341414141414141392e+00 1.190909090909091006e+01
1.505555555555555536e+00 1.320202020202020243e+01
1.518181818181818077e+00 1.295959595959596022e+01
1.505555555555555536e+00 1.279797979797979934e+01
1.379292929292929237e+00 1.198989898989898961e+01
1.417171717171717304e+00 1.223232323232323182e+01
1.581313131313131226e+00 1.336363636363636331e+01
1.568686868686868685e+00 1.295959595959596022e+01
1.518181818181818077e+00 1.304040404040404155e+01
1.455050505050504928e+00 1.263636363636363669e+01
1.404545454545454541e+00 1.223232323232323182e+01
1.290909090909091006e+00 1.174747474747474740e+01
1.467676767676767691e+00 1.320202020202020243e+01
1.518181818181818077e+00 1.263636363636363669e+01
1.884343434343434431e+00 1.457575757575757613e+01
1.341414141414141392e+00 1.182828282828282873e+01
1.568686868686868685e+00 1.336363636363636331e+01
1.467676767676767691e+00 1.279797979797979934e+01
1.694949494949494984e+00 1.336363636363636331e+01
1.505555555555555536e+00 1.336363636363636331e+01
1.467676767676767691e+00 1.247474747474747403e+01
1.429797979797979846e+00 1.223232323232323182e+01
1.467676767676767691e+00 1.279797979797979934e+01
1.480303030303030454e+00 1.295959595959596022e+01
1.328787878787878851e+00 1.207070707070707094e+01
1.543434343434343603e+00 1.287878787878787890e+01
1.442424242424242387e+00 1.190909090909091006e+01
1.505555555555555536e+00 1.279797979797979934e+01
1.480303030303030454e+00 1.287878787878787890e+01
1.543434343434343603e+00 1.312121212121212110e+01
1.808585858585858741e+00 1.441414141414141525e+01
1.366666666666666696e+00 1.207070707070707094e+01
1.631818181818181834e+00 1.320202020202020243e+01
1.417171717171717304e+00 1.239393939393939448e+01
1.505555555555555536e+00 1.287878787878787890e+01
1.442424242424242387e+00 1.271717171717171802e+01
1.530808080808080840e+00 1.304040404040404155e+01
1.366666666666666696e+00 1.207070707070707094e+01
1.492929292929292995e+00 1.279797979797979934e+01
1.467676767676767691e+00 1.231313131313131315e+01
1.543434343434343603e+00 1.304040404040404155e+01
1.492929292929292995e+00 1.312121212121212110e+01
1.341414141414141392e+00 1.150505050505050519e+01
1.694949494949494984e+00 1.401010101010101039e+01
1.543434343434343603e+00 1.304040404040404155e+01
1.518181818181818077e+00 1.271717171717171802e+01
1.467676767676767691e+00 1.263636363636363669e+01
1.480303030303030454e+00 1.295959595959596022e+01
1.518181818181818077e+00 1.263636363636363669e+01
1.922222222222222276e+00 1.457575757575757613e+01
1.467676767676767691e+00 1.231313131313131315e+01
1.492929292929292995e+00 1.279797979797979934e+01
1.556060606060606144e+00 1.336363636363636331e+01
1.480303030303030454e+00 1.247474747474747403e+01
1.467676767676767691e+00 1.247474747474747403e+01
1.391919191919192000e+00 1.239393939393939448e+01
1.543434343434343603e+00 1.295959595959596022e+01
1.467676767676767691e+00 1.312121212121212110e+01
1.505555555555555536e+00 1.279797979797979934e+01
1.429797979797979846e+00 1.247474747474747403e+01
1.657070707070707138e+00 1.336363636363636331e+01
1.467676767676767691e+00 1.239393939393939448e+01
1.455050505050504928e+00 1.231313131313131315e+01
1.417171717171717304e+00 1.215151515151515227e+01
1.606565656565656752e+00 1.360606060606060552e+01
1.556060606060606144e+00 1.287878787878787890e+01
1.492929292929292995e+00 1.271717171717171802e+01
1.492929292929292995e+00 1.247474747474747403e+01
1.442424242424242387e+00 1.207070707070707094e+01
1.556060606060606144e+00 1.320202020202020243e+01
1.379292929292929237e+00 1.263636363636363669e+01
1.480303030303030454e+00 1.255555555555555536e+01
1.455050505050504928e+00 1.215151515151515227e+01
1.429797979797979846e+00 1.304040404040404155e+01
1.530808080808080840e+00 1.279797979797979934e+01
1.467676767676767691e+00 1.255555555555555536e+01
1.556060606060606144e+00 1.336363636363636331e+01
1.455050505050504928e+00 1.255555555555555536e+01
1.997979797979797967e+00 1.546464646464646542e+01
1.417171717171717304e+00 1.271717171717171802e+01
1.808585858585858741e+00 1.457575757575757613e+01
1.467676767676767691e+00 1.320202020202020243e+01
1.455050505050504928e+00 1.223232323232323182e+01
1.505555555555555536e+00 1.295959595959596022e+01
1.821212121212121282e+00 1.392929292929293084e+01
1.530808080808080840e+00 1.295959595959596022e+01
1.429797979797979846e+00 1.207070707070707094e+01
1.505555555555555536e+00 1.287878787878787890e+01
1.417171717171717304e+00 1.223232323232323182e+01
1.455050505050504928e+00 1.215151515151515227e+01
1.417171717171717304e+00 1.215151515151515227e+01
1.442424242424242387e+00 1.271717171717171802e+01
1.417171717171717304e+00 1.271717171717171802e+01
1.556060606060606144e+00 1.312121212121212110e+01
1.328787878787878851e+00 1.174747474747474740e+01
1.467676767676767691e+00 1.255555555555555536e+01
1.505555555555555536e+00 1.279797979797979934e+01
1.455050505050504928e+00 1.223232323232323182e+01
1.341414141414141392e+00 1.255555555555555536e+01
1.619191919191919293e+00 1.352525252525252597e+01
1.593939393939393989e+00 1.376767676767676818e+01
1.606565656565656752e+00 1.417171717171717304e+01
1.467676767676767691e+00 1.223232323232323182e+01
1.619191919191919293e+00 1.360606060606060552e+01
1.556060606060606144e+00 1.295959595959596022e+01
1.505555555555555536e+00 1.320202020202020243e+01
1.366666666666666696e+00 1.158585858585858652e+01
1.429797979797979846e+00 1.215151515151515227e+01
1.366666666666666696e+00 1.207070707070707094e+01
1.467676767676767691e+00 1.231313131313131315e+01
1.429797979797979846e+00 1.279797979797979934e+01
1.379292929292929237e+00 1.182828282828282873e+01
1.429797979797979846e+00 1.247474747474747403e+01
1.404545454545454541e+00 1.239393939393939448e+01
1.480303030303030454e+00 1.215151515151515227e+01
1.556060606060606144e+00 1.287878787878787890e+01
1.619191919191919293e+00 1.328282828282828376e+01
1.442424242424242387e+00 1.239393939393939448e+01
1.556060606060606144e+00 1.304040404040404155e+01
1.290909090909091006e+00 1.174747474747474740e+01
1.556060606060606144e+00 1.328282828282828376e+01
1.505555555555555536e+00 1.263636363636363669e+01
1.455050505050504928e+00 1.223232323232323182e+01
1.417171717171717304e+00 1.247474747474747403e+01
1.417171717171717304e+00 1.231313131313131315e+01
1.303535353535353547e+00 1.247474747474747403e+01
1.278282828282828243e+00 1.223232323232323182e+01
1.366666666666666696e+00 1.231313131313131315e+01
1.341414141414141392e+00 1.255555555555555536e+01
1.505555555555555536e+00 1.328282828282828376e+01
1.694949494949494984e+00 1.401010101010101039e+01
1.442424242424242387e+00 1.255555555555555536e+01
1.379292929292929237e+00 1.271717171717171802e+01
1.429797979797979846e+00 1.328282828282828376e+01
1.417171717171717304e+00 1.271717171717171802e+01
1.505555555555555536e+00 1.255555555555555536e+01
1.631818181818181834e+00 1.376767676767676818e+01
1.619191919191919293e+00 1.352525252525252597e+01
1.556060606060606144e+00 1.368686868686868685e+01
1.492929292929292995e+00 1.287878787878787890e+01
1.455050505050504928e+00 1.231313131313131315e+01
1.429797979797979846e+00 1.223232323232323182e+01
1.492929292929292995e+00 1.247474747474747403e+01
1.278282828282828243e+00 1.182828282828282873e+01
1.467676767676767691e+00 1.239393939393939448e+01
1.657070707070707138e+00 1.328282828282828376e+01
1.417171717171717304e+00 1.304040404040404155e+01
1.455050505050504928e+00 1.336363636363636331e+01
1.505555555555555536e+00 1.271717171717171802e+01
1.505555555555555536e+00 1.239393939393939448e+01
1.328787878787878851e+00 1.198989898989898961e+01
1.568686868686868685e+00 1.304040404040404155e+01
1.492929292929292995e+00 1.247474747474747403e+01
1.480303030303030454e+00 1.271717171717171802e+01
1.480303030303030454e+00 1.279797979797979934e+01
1.417171717171717304e+00 1.215151515151515227e+01
1.518181818181818077e+00 1.287878787878787890e+01
1.530808080808080840e+00 1.287878787878787890e+01
1.354040404040404155e+00 1.150505050505050519e+01
1.417171717171717304e+00 1.207070707070707094e+01
1.467676767676767691e+00 1.279797979797979934e+01
1.442424242424242387e+00 1.279797979797979934e+01
1.505555555555555536e+00 1.287878787878787890e+01
1.644444444444444375e+00 1.425252525252525260e+01
1.543434343434343603e+00 1.287878787878787890e+01
1.455050505050504928e+00 1.247474747474747403e+01
1.455050505050504928e+00 1.344444444444444464e+01
1.682323232323232443e+00 1.481818181818181834e+01
1.467676767676767691e+00 1.255555555555555536e+01
1.505555555555555536e+00 1.287878787878787890e+01
1.480303030303030454e+00 1.239393939393939448e+01
1.391919191919192000e+00 1.182828282828282873e+01
1.366666666666666696e+00 1.190909090909091006e+01
1.480303030303030454e+00 1.271717171717171802e+01
1.354040404040404155e+00 1.223232323232323182e+01
1.530808080808080840e+00 1.295959595959596022e+01
1.417171717171717304e+00 1.247474747474747403e+01
1.543434343434343603e+00 1.312121212121212110e+01
1.505555555555555536e+00 1.312121212121212110e+01
1.404545454545454541e+00 1.247474747474747403e+01
1.379292929292929237e+00 1.207070707070707094e+01
1.404545454545454541e+00 1.223232323232323182e+01
1.265656565656565702e+00 1.142424242424242387e+01
1.606565656565656752e+00 1.320202020202020243e+01
1.442424242424242387e+00 1.207070707070707094e+01
1.492929292929292995e+00 1.247474747474747403e+01
1.467676767676767691e+00 1.287878787878787890e+01
1.404545454545454541e+00 1.271717171717171802e+01
1.442424242424242387e+00 1.207070707070707094e+01
1.316161616161616088e+00 1.247474747474747403e+01
1.278282828282828243e+00 1.166666666666666785e+01
1.492929292929292995e+00 1.344444444444444464e+01
1.404545454545454541e+00 1.215151515151515227e+01
1.366666666666666696e+00 1.263636363636363669e+01
1.404545454545454541e+00 1.223232323232323182e+01
1.455050505050504928e+00 1.247474747474747403e+01
1.467676767676767691e+00 1.247474747474747403e+01
1.568686868686868685e+00 1.312121212121212110e+01
1.354040404040404155e+00 1.279797979797979934e+01
1.846464646464646364e+00 1.457575757575757613e+01
1.732828282828282829e+00 1.473737373737373701e+01
1.568686868686868685e+00 1.384848484848484773e+01
1.556060606060606144e+00 1.336363636363636331e+01
1.455050505050504928e+00 1.239393939393939448e+01
1.568686868686868685e+00 1.376767676767676818e+01
2.010606060606060730e+00 1.538383838383838409e+01
1.391919191919192000e+00 1.263636363636363669e+01
1.417171717171717304e+00 1.190909090909091006e+01
1.467676767676767691e+00 1.247474747474747403e+01
1.505555555555555536e+00 1.279797979797979934e+01
1.417171717171717304e+00 1.231313131313131315e+01
1.480303030303030454e+00 1.247474747474747403e+01
1.606565656565656752e+00 1.312121212121212110e+01
1.429797979797979846e+00 1.215151515151515227e+01
1.644444444444444375e+00 1.320202020202020243e+01
1.669696969696969902e+00 1.376767676767676818e+01
1.455050505050504928e+00 1.328282828282828376e+01
1.455050505050504928e+00 1.263636363636363669e+01
1.391919191919192000e+00 1.207070707070707094e+01
1.568686868686868685e+00 1.336363636363636331e+01
1.455050505050504928e+00 1.328282828282828376e+01
1.404545454545454541e+00 1.279797979797979934e+01
1.770707070707070674e+00 1.417171717171717304e+01
1.467676767676767691e+00 1.287878787878787890e+01
1.568686868686868685e+00 1.320202020202020243e+01
1.455050505050504928e+00 1.190909090909091006e+01
1.530808080808080840e+00 1.352525252525252597e+01
1.455050505050504928e+00 1.312121212121212110e+01
1.442424242424242387e+00 1.223232323232323182e+01
1.518181818181818077e+00 1.336363636363636331e+01
1.480303030303030454e+00 1.255555555555555536e+01
1.480303030303030454e+00 1.255555555555555536e+01
1.518181818181818077e+00 1.295959595959596022e+01
1.328787878787878851e+00 1.166666666666666785e+01
1.417171717171717304e+00 1.198989898989898961e+01
1.505555555555555536e+00 1.263636363636363669e+01
1.556060606060606144e+00 1.312121212121212110e+01
1.417171717171717304e+00 1.239393939393939448e+01
1.606565656565656752e+00 1.360606060606060552e+01
1.505555555555555536e+00 1.304040404040404155e+01
1.328787878787878851e+00 1.166666666666666785e+01
1.682323232323232443e+00 1.360606060606060552e+01
1.530808080808080840e+00 1.368686868686868685e+01
1.391919191919192000e+00 1.231313131313131315e+01
1.354040404040404155e+00 1.198989898989898961e+01
1.480303030303030454e+00 1.336363636363636331e+01
1.455050505050504928e+00 1.255555555555555536e+01
1.467676767676767691e+00 1.295959595959596022e+01
1.492929292929292995e+00 1.287878787878787890e+01
1.707575757575757525e+00 1.352525252525252597e+01
1.593939393939393989e+00 1.368686868686868685e+01
1.404545454545454541e+00 1.215151515151515227e+01
1.366666666666666696e+00 1.223232323232323182e+01
1.379292929292929237e+00 1.198989898989898961e+01
1.341414141414141392e+00 1.158585858585858652e+01
1.530808080808080840e+00 1.312121212121212110e+01
1.467676767676767691e+00 1.271717171717171802e+01
1.366666666666666696e+00 1.239393939393939448e+01
1.391919191919192000e+00 1.279797979797979934e+01
1.391919191919192000e+00 1.182828282828282873e+01
1.593939393939393989e+00 1.344444444444444464e+01
1.770707070707070674e+00 1.457575757575757613e+01
1.391919191919192000e+00 1.223232323232323182e+01
1.505555555555555536e+00 1.295959595959596022e+01
1.467676767676767691e+00 1.304040404040404155e+01
1.530808080808080840e+00 1.304040404040404155e+01
1.694949494949494984e+00 1.401010101010101039e+01
1.543434343434343603e+00 1.271717171717171802e+01
1.492929292929292995e+00 1.271717171717171802e+01
1.480303030303030454e+00 1.295959595959596022e+01
1.467676767676767691e+00 1.223232323232323182e+01
1.429797979797979846e+00 1.223232323232323182e+01
1.316161616161616088e+00 1.223232323232323182e+01
1.354040404040404155e+00 1.223232323232323182e+01
1.505555555555555536e+00 1.279797979797979934e+01
1.316161616161616088e+00 1.295959595959596022e+01
1.467676767676767691e+00 1.263636363636363669e+01
1.518181818181818077e+00 1.287878787878787890e+01
1.404545454545454541e+00 1.287878787878787890e+01
1.379292929292929237e+00 1.223232323232323182e+01
1.568686868686868685e+00 1.328282828282828376e+01
1.467676767676767691e+00 1.223232323232323182e+01
1.429797979797979846e+00 1.255555555555555536e+01
1.455050505050504928e+00 1.207070707070707094e+01
1.480303030303030454e+00 1.263636363636363669e+01
1.619191919191919293e+00 1.360606060606060552e+01
1.429797979797979846e+00 1.215151515151515227e+01
1.404545454545454541e+00 1.295959595959596022e+01
1.492929292929292995e+00 1.320202020202020243e+01
1.972727272727272885e+00 1.085858585858585812e+01
1.518181818181818077e+00 1.287878787878787890e+01
1.442424242424242387e+00 1.295959595959596022e+01
1.404545454545454541e+00 1.312121212121212110e+01
1.619191919191919293e+00 1.376767676767676818e+01
1.391919191919192000e+00 1.295959595959596022e+01
1.518181818181818077e+00 1.271717171717171802e+01
1.492929292929292995e+00 1.247474747474747403e+01
1.391919191919192000e+00 1.215151515151515227e+01
1.316161616161616088e+00 1.182828282828282873e+01
1.556060606060606144e+00 1.263636363636363669e+01
1.492929292929292995e+00 1.255555555555555536e+01
1.328787878787878851e+00 1.215151515151515227e+01
1.404545454545454541e+00 1.271717171717171802e+01
1.606565656565656752e+00 1.352525252525252597e+01
1.492929292929292995e+00 1.255555555555555536e+01
1.593939393939393989e+00 1.384848484848484773e+01
1.492929292929292995e+00 1.320202020202020243e+01
1.593939393939393989e+00 1.401010101010101039e+01
1.492929292929292995e+00 1.255555555555555536e+01
1.417171717171717304e+00 1.223232323232323182e+01
1.543434343434343603e+00 1.263636363636363669e+01
1.442424242424242387e+00 1.239393939393939448e+01
1.530808080808080840e+00 1.271717171717171802e+01
1.682323232323232443e+00 1.417171717171717304e+01
1.467676767676767691e+00 1.239393939393939448e+01
1.303535353535353547e+00 1.166666666666666785e+01
1.543434343434343603e+00 1.271717171717171802e+01
1.455050505050504928e+00 1.287878787878787890e+01
1.606565656565656752e+00 1.352525252525252597e+01
1.593939393939393989e+00 1.360606060606060552e+01
1.543434343434343603e+00 1.336363636363636331e+01
1.581313131313131226e+00 1.287878787878787890e+01
1.417171717171717304e+00 1.085858585858585812e+01
1.808585858585858741e+00 1.481818181818181834e+01
1.404545454545454541e+00 1.231313131313131315e+01
1.455050505050504928e+00 1.239393939393939448e+01
1.530808080808080840e+00 1.263636363636363669e+01
1.442424242424242387e+00 1.231313131313131315e+01
1.404545454545454541e+00 1.239393939393939448e+01
1.682323232323232443e+00 1.417171717171717304e+01
1.518181818181818077e+00 1.279797979797979934e+01
1.467676767676767691e+00 1.263636363636363669e+01
1.442424242424242387e+00 1.231313131313131315e+01
1.442424242424242387e+00 1.231313131313131315e+01
1.417171717171717304e+00 1.376767676767676818e+01
1.429797979797979846e+00 1.328282828282828376e+01
1.518181818181818077e+00 1.287878787878787890e+01
1.455050505050504928e+00 1.312121212121212110e+01
1.455050505050504928e+00 1.295959595959596022e+01
1.442424242424242387e+00 1.263636363636363669e+01
1.379292929292929237e+00 1.207070707070707094e+01
1.429797979797979846e+00 1.247474747474747403e+01
1.379292929292929237e+00 1.198989898989898961e+01
1.568686868686868685e+00 1.352525252525252597e+01
1.492929292929292995e+00 1.215151515151515227e+01
1.480303030303030454e+00 1.336363636363636331e+01
1.442424242424242387e+00 1.279797979797979934e+01
1.593939393939393989e+00 1.344444444444444464e+01
1.455050505050504928e+00 1.231313131313131315e+01
1.379292929292929237e+00 1.263636363636363669e+01
1.366666666666666696e+00 1.207070707070707094e+01
1.631818181818181834e+00 1.401010101010101039e+01
1.530808080808080840e+00 1.263636363636363669e+01
1.417171717171717304e+00 1.215151515151515227e+01
1.556060606060606144e+00 1.376767676767676818e+01
1.455050505050504928e+00 1.360606060606060552e+01
1.543434343434343603e+00 1.287878787878787890e+01
1.303535353535353547e+00 1.190909090909091006e+01
1.593939393939393989e+00 1.344444444444444464e+01
1.492929292929292995e+00 1.247474747474747403e+01
1.480303030303030454e+00 1.255555555555555536e+01
1.631818181818181834e+00 1.320202020202020243e+01
1.455050505050504928e+00 1.207070707070707094e+01
1.467676767676767691e+00 1.231313131313131315e+01
1.442424242424242387e+00 1.255555555555555536e+01
1.467676767676767691e+00 1.215151515151515227e+01
1.455050505050504928e+00 1.271717171717171802e+01
1.467676767676767691e+00 1.231313131313131315e+01
1.455050505050504928e+00 1.287878787878787890e+01
1.568686868686868685e+00 1.336363636363636331e+01
1.934848484848485040e+00 1.514141414141414188e+01
1.657070707070707138e+00 1.392929292929293084e+01
1.480303030303030454e+00 1.255555555555555536e+01
1.530808080808080840e+00 1.312121212121212110e+01
1.543434343434343603e+00 1.295959595959596022e+01
1.366666666666666696e+00 1.271717171717171802e+01
1.556060606060606144e+00 1.312121212121212110e+01
1.657070707070707138e+00 1.409090909090909172e+01
1.581313131313131226e+00 1.271717171717171802e+01
1.581313131313131226e+00 1.368686868686868685e+01
1.505555555555555536e+00 1.287878787878787890e+01
1.492929292929292995e+00 1.279797979797979934e+01
1.391919191919192000e+00 1.279797979797979934e+01
1.480303030303030454e+00 1.344444444444444464e+01
1.379292929292929237e+00 1.198989898989898961e+01
1.455050505050504928e+00 1.255555555555555536e+01
1.442424242424242387e+00 1.215151515151515227e+01
1.379292929292929237e+00 1.368686868686868685e+01
1.366666666666666696e+00 1.271717171717171802e+01
1.518181818181818077e+00 1.255555555555555536e+01
1.455050505050504928e+00 1.271717171717171802e+01
1.530808080808080840e+00 1.279797979797979934e+01
1.492929292929292995e+00 1.312121212121212110e+01
1.391919191919192000e+00 1.215151515151515227e+01
1.417171717171717304e+00 1.247474747474747403e+01
1.467676767676767691e+00 1.223232323232323182e+01
1.492929292929292995e+00 1.247474747474747403e+01
1.341414141414141392e+00 1.239393939393939448e+01
1.391919191919192000e+00 1.247474747474747403e+01
1.417171717171717304e+00 1.295959595959596022e+01
1.556060606060606144e+00 1.295959595959596022e+01
1.379292929292929237e+00 1.198989898989898961e+01
1.492929292929292995e+00 1.320202020202020243e+01
1.404545454545454541e+00 1.215151515151515227e+01
1.619191919191919293e+00 1.392929292929293084e+01
1.391919191919192000e+00 1.207070707070707094e+01
1.417171717171717304e+00 1.207070707070707094e+01
1.606565656565656752e+00 1.336363636363636331e+01
1.593939393939393989e+00 1.328282828282828376e+01
1.391919191919192000e+00 1.231313131313131315e+01
1.657070707070707138e+00 1.344444444444444464e+01
1.455050505050504928e+00 1.255555555555555536e+01
1.492929292929292995e+00 1.255555555555555536e+01
1.492929292929292995e+00 1.239393939393939448e+01
1.303535353535353547e+00 1.198989898989898961e+01
1.467676767676767691e+00 1.231313131313131315e+01
1.379292929292929237e+00 1.198989898989898961e+01
1.467676767676767691e+00 1.263636363636363669e+01
1.619191919191919293e+00 1.392929292929293084e+01
1.682323232323232443e+00 1.441414141414141525e+01
1.417171717171717304e+00 1.295959595959596022e+01
1.442424242424242387e+00 1.215151515151515227e+01
1.467676767676767691e+00 1.231313131313131315e+01
1.354040404040404155e+00 1.207070707070707094e+01
1.732828282828282829e+00 1.441414141414141525e+01
1.543434343434343603e+00 1.312121212121212110e+01
1.467676767676767691e+00 1.271717171717171802e+01
1.518181818181818077e+00 1.368686868686868685e+01
1.354040404040404155e+00 1.215151515151515227e+01
1.543434343434343603e+00 1.304040404040404155e+01
1.341414141414141392e+00 1.190909090909091006e+01
1.530808080808080840e+00 1.320202020202020243e+01
1.505555555555555536e+00 1.287878787878787890e+01
1.492929292929292995e+00 1.287878787878787890e+01
1.455050505050504928e+00 1.231313131313131315e+01
1.442424242424242387e+00 1.287878787878787890e+01
1.808585858585858741e+00 1.409090909090909172e+01
1.505555555555555536e+00 1.287878787878787890e+01
1.492929292929292995e+00 1.279797979797979934e+01
1.480303030303030454e+00 1.336363636363636331e+01
1.505555555555555536e+00 1.263636363636363669e+01
1.543434343434343603e+00 1.295959595959596022e+01
1.657070707070707138e+00 1.384848484848484773e+01
1.518181818181818077e+00 1.360606060606060552e+01
1.581313131313131226e+00 1.312121212121212110e+01
1.568686868686868685e+00 1.344444444444444464e+01
1.341414141414141392e+00 1.247474747474747403e+01
1.518181818181818077e+00 1.295959595959596022e+01
1.404545454545454541e+00 1.255555555555555536e+01
1.417171717171717304e+00 1.223232323232323182e+01
1.404545454545454541e+00 1.255555555555555536e+01
1.492929292929292995e+00 1.247474747474747403e+01
1.518181818181818077e+00 1.304040404040404155e+01
1.404545454545454541e+00 1.223232323232323182e+01
1.429797979797979846e+00 1.207070707070707094e+01
1.518181818181818077e+00 1.304040404040404155e+01
1.644444444444444375e+00 1.320202020202020243e+01
1.518181818181818077e+00 1.320202020202020243e+01
1.492929292929292995e+00 1.271717171717171802e+01
1.404545454545454541e+00 1.231313131313131315e+01
1.290909090909091006e+00 1.158585858585858652e+01
1.455050505050504928e+00 1.271717171717171802e+01
1.530808080808080840e+00 1.304040404040404155e+01
1.455050505050504928e+00 1.271717171717171802e+01
1.429797979797979846e+00 1.207070707070707094e+01
1.442424242424242387e+00 1.207070707070707094e+01
1.644444444444444375e+00 1.360606060606060552e+01
1.404545454545454541e+00 1.207070707070707094e+01
1.505555555555555536e+00 1.304040404040404155e+01
1.467676767676767691e+00 1.279797979797979934e+01
1.442424242424242387e+00 1.312121212121212110e+01
1.644444444444444375e+00 1.328282828282828376e+01
1.467676767676767691e+00 1.328282828282828376e+01
1.341414141414141392e+00 1.198989898989898961e+01
1.379292929292929237e+00 1.279797979797979934e+01
1.379292929292929237e+00 1.182828282828282873e+01
1.429797979797979846e+00 1.304040404040404155e+01
1.442424242424242387e+00 1.198989898989898961e+01
1.492929292929292995e+00 1.336363636363636331e+01
1.417171717171717304e+00 1.231313131313131315e+01
1.581313131313131226e+00 1.368686868686868685e+01
1.530808080808080840e+00 1.312121212121212110e+01
1.480303030303030454e+00 1.247474747474747403e+01
1.467676767676767691e+00 1.255555555555555536e+01
1.328787878787878851e+00 1.328282828282828376e+01
1.467676767676767691e+00 1.247474747474747403e+01
1.391919191919192000e+00 1.215151515151515227e+01
1.467676767676767691e+00 1.223232323232323182e+01
1.429797979797979846e+00 1.247474747474747403e+01
1.530808080808080840e+00 1.344444444444444464e+01
1.417171717171717304e+00 1.231313131313131315e+01
1.442424242424242387e+00 1.247474747474747403e+01
1.657070707070707138e+00 1.384848484848484773e+01
1.442424242424242387e+00 1.215151515151515227e+01
1.543434343434343603e+00 1.295959595959596022e+01
1.341414141414141392e+00 1.231313131313131315e+01
1.442424242424242387e+00 1.263636363636363669e+01
1.442424242424242387e+00 1.223232323232323182e+01
1.543434343434343603e+00 1.312121212121212110e+01
1.556060606060606144e+00 1.328282828282828376e+01
1.455050505050504928e+00 1.223232323232323182e+01
1.467676767676767691e+00 1.263636363636363669e+01
1.379292929292929237e+00 1.239393939393939448e+01
1.758080808080808133e+00 1.530303030303030454e+01
1.429797979797979846e+00 1.295959595959596022e+01
1.480303030303030454e+00 1.312121212121212110e+01
1.581313131313131226e+00 1.392929292929293084e+01
1.480303030303030454e+00 1.287878787878787890e+01
1.480303030303030454e+00 1.312121212121212110e+01
1.417171717171717304e+00 1.182828282828282873e+01
1.442424242424242387e+00 1.336363636363636331e+01
1.492929292929292995e+00 1.320202020202020243e+01
1.934848484848485040e+00 1.506060606060606233e+01
1.404545454545454541e+00 1.223232323232323182e+01
1.442424242424242387e+00 1.255555555555555536e+01
1.492929292929292995e+00 1.247474747474747403e+01
1.619191919191919293e+00 1.368686868686868685e+01
1.404545454545454541e+00 1.239393939393939448e+01
1.492929292929292995e+00 1.255555555555555536e+01
1.581313131313131226e+00 1.360606060606060552e+01
1.556060606060606144e+00 1.279797979797979934e+01
1.391919191919192000e+00 1.223232323232323182e+01
1.379292929292929237e+00 1.198989898989898961e+01
1.606565656565656752e+00 1.360606060606060552e+01
1.265656565656565702e+00 1.110101010101010033e+01
1.518181818181818077e+00 1.271717171717171802e+01
1.581313131313131226e+00 1.279797979797979934e+01
1.404545454545454541e+00 1.207070707070707094e+01
1.455050505050504928e+00 1.320202020202020243e+01
1.467676767676767691e+00 1.263636363636363669e+01
1.606565656565656752e+00 1.344444444444444464e+01
1.354040404040404155e+00 1.182828282828282873e+01
1.530808080808080840e+00 1.287878787878787890e+01
1.354040404040404155e+00 1.215151515151515227e+01
1.492929292929292995e+00 1.312121212121212110e+01
1.833838383838383823e+00 1.497979797979797922e+01
1.341414141414141392e+00 1.247474747474747403e+01
1.543434343434343603e+00 1.312121212121212110e+01
1.404545454545454541e+00 1.239393939393939448e+01
1.518181818181818077e+00 1.304040404040404155e+01
1.619191919191919293e+00 1.360606060606060552e+01
1.871717171717171890e+00 1.522222222222222143e+01
1.379292929292929237e+00 1.174747474747474740e+01
1.530808080808080840e+00 1.312121212121212110e+01
1.530808080808080840e+00 1.279797979797979934e+01
1.543434343434343603e+00 1.271717171717171802e+01
1.455050505050504928e+00 1.247474747474747403e+01
1.530808080808080840e+00 1.336363636363636331e+01
1.467676767676767691e+00 1.231313131313131315e+01
1.581313131313131226e+00 1.328282828282828376e+01
1.480303030303030454e+00 1.328282828282828376e+01
1.316161616161616088e+00 1.247474747474747403e+01
1.240404040404040398e+00 1.134343434343434254e+01
1.492929292929292995e+00 1.239393939393939448e+01
1.530808080808080840e+00 1.344444444444444464e+01
1.379292929292929237e+00 1.312121212121212110e+01
1.606565656565656752e+00 1.304040404040404155e+01
1.543434343434343603e+00 1.320202020202020243e+01
1.379292929292929237e+00 1.223232323232323182e+01
1.316161616161616088e+00 1.223232323232323182e+01
1.467676767676767691e+00 1.271717171717171802e+01
1.581313131313131226e+00 1.360606060606060552e+01
1.492929292929292995e+00 1.263636363636363669e+01
1.467676767676767691e+00 1.239393939393939448e+01
1.429797979797979846e+00 1.336363636363636331e+01
1.530808080808080840e+00 1.320202020202020243e+01
1.429797979797979846e+00 1.239393939393939448e+01
1.467676767676767691e+00 1.328282828282828376e+01
1.518181818181818077e+00 1.279797979797979934e+01
1.745454545454545592e+00 1.514141414141414188e+01
1.429797979797979846e+00 1.271717171717171802e+01
1.518181818181818077e+00 1.304040404040404155e+01
1.354040404040404155e+00 1.223232323232323182e+01
1.480303030303030454e+00 1.279797979797979934e+01
1.631818181818181834e+00 1.384848484848484773e+01
1.467676767676767691e+00 1.247474747474747403e+01
1.518181818181818077e+00 1.328282828282828376e+01
1.518181818181818077e+00 1.376767676767676818e+01
1.619191919191919293e+00 1.312121212121212110e+01
1.518181818181818077e+00 1.263636363636363669e+01
1.871717171717171890e+00 1.473737373737373701e+01
1.417171717171717304e+00 1.215151515151515227e+01
1.492929292929292995e+00 1.255555555555555536e+01
1.379292929292929237e+00 1.255555555555555536e+01
1.404545454545454541e+00 1.215151515151515227e+01
1.253030303030302939e+00 1.207070707070707094e+01
1.391919191919192000e+00 1.198989898989898961e+01
1.341414141414141392e+00 1.239393939393939448e+01
1.543434343434343603e+00 1.320202020202020243e+01
1.354040404040404155e+00 1.182828282828282873e+01
1.467676767676767691e+00 1.287878787878787890e+01
1.455050505050504928e+00 1.271717171717171802e+01
1.480303030303030454e+00 1.304040404040404155e+01
1.480303030303030454e+00 1.304040404040404155e+01
1.505555555555555536e+00 1.336363636363636331e+01
1.492929292929292995e+00 1.279797979797979934e+01
1.429797979797979846e+00 1.522222222222222143e+01
1.265656565656565702e+00 1.110101010101010033e+01
1.404545454545454541e+00 1.239393939393939448e+01
1.404545454545454541e+00 1.247474747474747403e+01
1.391919191919192000e+00 1.215151515151515227e+01
1.379292929292929237e+00 1.215151515151515227e+01
1.404545454545454541e+00 1.223232323232323182e+01
1.619191919191919293e+00 1.368686868686868685e+01
1.480303030303030454e+00 1.279797979797979934e+01
1.366666666666666696e+00 1.190909090909091006e+01
1.467676767676767691e+00 1.401010101010101039e+01
1.492929292929292995e+00 1.295959595959596022e+01
1.391919191919192000e+00 1.223232323232323182e+01
1.568686868686868685e+00 1.336363636363636331e+01
1.417171717171717304e+00 1.295959595959596022e+01
1.593939393939393989e+00 1.352525252525252597e+01
1.366666666666666696e+00 1.255555555555555536e+01
1.366666666666666696e+00 1.287878787878787890e+01
1.429797979797979846e+00 1.320202020202020243e+01
1.391919191919192000e+00 1.279797979797979934e+01
1.505555555555555536e+00 1.287878787878787890e+01
1.278282828282828243e+00 1.174747474747474740e+01
1.518181818181818077e+00 1.304040404040404155e+01
1.480303030303030454e+00 1.239393939393939448e+01
1.366666666666666696e+00 1.263636363636363669e+01
1.530808080808080840e+00 1.271717171717171802e+01
1.417171717171717304e+00 1.287878787878787890e+01
1.467676767676767691e+00 1.263636363636363669e+01
1.518181818181818077e+00 1.336363636363636331e+01
1.480303030303030454e+00 1.247474747474747403e+01
1.417171717171717304e+00 1.198989898989898961e+01
1.505555555555555536e+00 1.279797979797979934e+01
1.480303030303030454e+00 1.279797979797979934e+01
1.505555555555555536e+00 1.368686868686868685e+01
1.404545454545454541e+00 1.263636363636363669e+01
1.606565656565656752e+00 1.409090909090909172e+01
1.391919191919192000e+00 1.255555555555555536e+01
1.417171717171717304e+00 1.223232323232323182e+01
1.354040404040404155e+00 1.312121212121212110e+01
1.467676767676767691e+00 1.263636363636363669e+01
1.492929292929292995e+00 1.287878787878787890e+01
1.354040404040404155e+00 1.215151515151515227e+01
1.606565656565656752e+00 1.328282828282828376e+01
1.429797979797979846e+00 1.198989898989898961e+01
1.189898989898989790e+00 1.174747474747474740e+01
1.467676767676767691e+00 1.247474747474747403e+01
1.391919191919192000e+00 1.190909090909091006e+01
1.455050505050504928e+00 1.215151515151515227e+01
1.328787878787878851e+00 1.182828282828282873e+01
1.593939393939393989e+00 1.328282828282828376e+01
1.556060606060606144e+00 1.279797979797979934e+01
1.391919191919192000e+00 1.150505050505050519e+01
1.694949494949494984e+00 1.368686868686868685e+01
1.657070707070707138e+00 1.384848484848484773e+01
1.278282828282828243e+00 1.271717171717171802e+01
1.492929292929292995e+00 1.287878787878787890e+01
1.543434343434343603e+00 1.304040404040404155e+01
1.429797979797979846e+00 1.231313131313131315e+01
1.518181818181818077e+00 1.279797979797979934e+01
1.467676767676767691e+00 1.279797979797979934e+01
1.530808080808080840e+00 1.295959595959596022e+01
1.568686868686868685e+00 1.352525252525252597e+01
1.404545454545454541e+00 1.223232323232323182e+01
1.492929292929292995e+00 1.328282828282828376e+01
1.631818181818181834e+00 1.425252525252525260e+01
1.354040404040404155e+00 1.255555555555555536e+01
1.518181818181818077e+00 1.328282828282828376e+01
1.480303030303030454e+00 1.263636363636363669e+01
1.619191919191919293e+00 1.352525252525252597e+01
1.404545454545454541e+00 1.279797979797979934e+01
1.480303030303030454e+00 1.255555555555555536e+01
1.417171717171717304e+00 1.215151515151515227e+01
1.631818181818181834e+00 1.360606060606060552e+01
1.278282828282828243e+00 1.198989898989898961e+01
1.492929292929292995e+00 1.279797979797979934e+01
1.442424242424242387e+00 1.295959595959596022e+01
1.492929292929292995e+00 1.279797979797979934e+01
1.379292929292929237e+00 1.182828282828282873e+01
1.518181818181818077e+00 1.287878787878787890e+01
1.467676767676767691e+00 1.231313131313131315e+01
1.417171717171717304e+00 1.255555555555555536e+01
1.530808080808080840e+00 1.336363636363636331e+01
1.518181818181818077e+00 1.247474747474747403e+01
1.366666666666666696e+00 1.231313131313131315e+01
1.391919191919192000e+00 1.215151515151515227e+01
1.492929292929292995e+00 1.279797979797979934e+01
1.467676767676767691e+00 1.255555555555555536e+01
1.429797979797979846e+00 1.215151515151515227e+01
1.606565656565656752e+00 1.336363636363636331e+01
1.303535353535353547e+00 1.077777777777777857e+01
1.366666666666666696e+00 1.174747474747474740e+01
1.745454545454545592e+00 1.368686868686868685e+01
1.341414141414141392e+00 1.190909090909091006e+01
1.366666666666666696e+00 1.190909090909091006e+01
1.467676767676767691e+00 1.279797979797979934e+01
1.518181818181818077e+00 1.304040404040404155e+01
1.543434343434343603e+00 1.320202020202020243e+01
1.492929292929292995e+00 1.263636363636363669e+01
1.505555555555555536e+00 1.287878787878787890e+01
1.316161616161616088e+00 1.150505050505050519e+01
1.758080808080808133e+00 1.425252525252525260e+01
1.543434343434343603e+00 1.287878787878787890e+01
1.429797979797979846e+00 1.215151515151515227e+01
1.606565656565656752e+00 1.376767676767676818e+01
1.556060606060606144e+00 1.320202020202020243e+01
1.442424242424242387e+00 1.279797979797979934e+01
1.518181818181818077e+00 1.287878787878787890e+01
1.505555555555555536e+00 1.312121212121212110e+01
1.467676767676767691e+00 1.255555555555555536e+01
1.581313131313131226e+00 1.360606060606060552e+01
1.379292929292929237e+00 1.223232323232323182e+01
1.492929292929292995e+00 1.239393939393939448e+01
1.442424242424242387e+00 1.295959595959596022e+01
1.619191919191919293e+00 1.304040404040404155e+01
1.492929292929292995e+00 1.344444444444444464e+01
1.480303030303030454e+00 1.247474747474747403e+01
1.518181818181818077e+00 1.295959595959596022e+01
1.442424242424242387e+00 1.263636363636363669e+01
1.492929292929292995e+00 1.279797979797979934e+01
1.581313131313131226e+00 1.352525252525252597e+01
1.417171717171717304e+00 1.279797979797979934e+01
1.518181818181818077e+00 1.392929292929293084e+01
1.505555555555555536e+00 1.255555555555555536e+01
1.455050505050504928e+00 1.263636363636363669e+01
1.328787878787878851e+00 1.190909090909091006e+01
1.265656565656565702e+00 1.190909090909091006e+01
1.631818181818181834e+00 1.360606060606060552e+01
1.316161616161616088e+00 1.215151515151515227e+01
1.556060606060606144e+00 1.328282828282828376e+01
1.518181818181818077e+00 1.271717171717171802e+01
1.429797979797979846e+00 1.239393939393939448e+01
1.404545454545454541e+00 1.255555555555555536e+01
1.442424242424242387e+00 1.279797979797979934e+01
1.442424242424242387e+00 1.255555555555555536e+01
1.429797979797979846e+00 1.198989898989898961e+01
1.455050505050504928e+00 1.287878787878787890e+01
1.543434343434343603e+00 1.328282828282828376e+01
1.657070707070707138e+00 1.384848484848484773e+01
1.265656565656565702e+00 1.174747474747474740e+01
1.442424242424242387e+00 1.207070707070707094e+01
1.619191919191919293e+00 1.344444444444444464e+01
1.442424242424242387e+00 1.215151515151515227e+01
1.467676767676767691e+00 1.239393939393939448e+01
1.455050505050504928e+00 1.263636363636363669e+01
1.530808080808080840e+00 1.344444444444444464e+01
1.606565656565656752e+00 1.360606060606060552e+01
1.442424242424242387e+00 1.279797979797979934e+01
1.366666666666666696e+00 1.207070707070707094e+01
1.556060606060606144e+00 1.344444444444444464e+01
1.581313131313131226e+00 1.344444444444444464e+01
1.404545454545454541e+00 1.182828282828282873e+01
1.644444444444444375e+00 1.392929292929293084e+01
1.379292929292929237e+00 1.295959595959596022e+01
1.467676767676767691e+00 1.247474747474747403e+01
1.467676767676767691e+00 1.287878787878787890e+01
1.530808080808080840e+00 1.392929292929293084e+01
1.429797979797979846e+00 1.239393939393939448e+01
1.404545454545454541e+00 1.320202020202020243e+01
1.505555555555555536e+00 1.247474747474747403e+01
1.467676767676767691e+00 1.231313131313131315e+01
1.492929292929292995e+00 1.247474747474747403e+01
1.556060606060606144e+00 1.271717171717171802e+01
1.505555555555555536e+00 1.279797979797979934e+01
1.391919191919192000e+00 1.247474747474747403e+01
1.328787878787878851e+00 1.247474747474747403e+01
1.606565656565656752e+00 1.352525252525252597e+01
1.467676767676767691e+00 1.304040404040404155e+01
1.480303030303030454e+00 1.271717171717171802e+01
1.480303030303030454e+00 1.223232323232323182e+01
1.391919191919192000e+00 1.158585858585858652e+01
1.354040404040404155e+00 1.255555555555555536e+01
1.455050505050504928e+00 1.247474747474747403e+01
1.455050505050504928e+00 1.247474747474747403e+01
1.480303030303030454e+00 1.247474747474747403e+01
1.492929292929292995e+00 1.279797979797979934e+01
1.328787878787878851e+00 1.247474747474747403e+01
1.429797979797979846e+00 1.198989898989898961e+01
1.543434343434343603e+00 1.328282828282828376e+01
1.404545454545454541e+00 1.271717171717171802e+01
1.379292929292929237e+00 1.287878787878787890e+01
1.391919191919192000e+00 1.223232323232323182e+01
1.366666666666666696e+00 1.271717171717171802e+01
1.518181818181818077e+00 1.255555555555555536e+01
1.556060606060606144e+00 1.279797979797979934e+01
1.543434343434343603e+00 1.304040404040404155e+01
1.492929292929292995e+00 1.255555555555555536e+01
1.455050505050504928e+00 1.223232323232323182e+01
1.606565656565656752e+00 1.344444444444444464e+01
1.467676767676767691e+00 1.352525252525252597e+01
1.455050505050504928e+00 1.304040404040404155e+01
1.404545454545454541e+00 1.207070707070707094e+01
1.543434343434343603e+00 1.328282828282828376e+01
1.657070707070707138e+00 1.368686868686868685e+01
1.379292929292929237e+00 1.223232323232323182e+01
1.480303030303030454e+00 1.287878787878787890e+01
1.316161616161616088e+00 1.207070707070707094e+01
1.492929292929292995e+00 1.255555555555555536e+01
1.530808080808080840e+00 1.295959595959596022e+01
1.518181818181818077e+00 1.287878787878787890e+01
1.518181818181818077e+00 1.344444444444444464e+01
1.467676767676767691e+00 1.263636363636363669e+01
1.442424242424242387e+00 1.271717171717171802e+01
1.770707070707070674e+00 1.489898989898989967e+01
1.631818181818181834e+00 1.304040404040404155e+01
1.354040404040404155e+00 1.239393939393939448e+01
1.492929292929292995e+00 1.279797979797979934e+01
1.442424242424242387e+00 1.304040404040404155e+01
1.442424242424242387e+00 1.223232323232323182e+01
1.568686868686868685e+00 1.279797979797979934e+01
1.568686868686868685e+00 1.384848484848484773e+01
1.543434343434343603e+00 1.352525252525252597e+01
1.316161616161616088e+00 1.215151515151515227e+01
1.694949494949494984e+00 1.376767676767676818e+01
1.366666666666666696e+00 1.215151515151515227e+01
1.644444444444444375e+00 1.392929292929293084e+01
1.455050505050504928e+00 1.263636363636363669e+01
1.492929292929292995e+00 1.239393939393939448e+01
1.455050505050504928e+00 1.231313131313131315e+01
1.354040404040404155e+00 1.223232323232323182e+01
1.455050505050504928e+00 1.295959595959596022e+01
1.379292929292929237e+00 1.255555555555555536e+01
1.455050505050504928e+00 1.247474747474747403e+01
1.530808080808080840e+00 1.287878787878787890e+01
1.290909090909091006e+00 1.231313131313131315e+01
1.391919191919192000e+00 1.190909090909091006e+01
1.366666666666666696e+00 1.231313131313131315e+01
1.354040404040404155e+00 1.198989898989898961e+01
1.417171717171717304e+00 1.223232323232323182e+01
1.568686868686868685e+00 1.320202020202020243e+01
1.619191919191919293e+00 1.376767676767676818e+01
1.732828282828282829e+00 1.433333333333333393e+01
1.240404040404040398e+00 1.190909090909091006e+01
1.328787878787878851e+00 1.150505050505050519e+01
1.505555555555555536e+00 1.279797979797979934e+01
1.417171717171717304e+00 1.295959595959596022e+01
1.417171717171717304e+00 1.263636363636363669e+01
1.417171717171717304e+00 1.223232323232323182e+01
1.354040404040404155e+00 1.158585858585858652e+01
1.581313131313131226e+00 1.328282828282828376e+01
1.354040404040404155e+00 1.231313131313131315e+01
1.467676767676767691e+00 1.271717171717171802e+01
1.391919191919192000e+00 1.223232323232323182e+01
1.518181818181818077e+00 1.352525252525252597e+01
1.530808080808080840e+00 1.352525252525252597e+01
1.581313131313131226e+00 1.417171717171717304e+01
1.480303030303030454e+00 1.247474747474747403e+01
1.556060606060606144e+00 1.304040404040404155e+01
1.341414141414141392e+00 1.247474747474747403e+01
1.972727272727272885e+00 1.578787878787878896e+01
1.505555555555555536e+00 1.304040404040404155e+01
1.518181818181818077e+00 1.295959595959596022e+01
1.543434343434343603e+00 1.376767676767676818e+01
1.442424242424242387e+00 1.295959595959596022e+01
1.455050505050504928e+00 1.223232323232323182e+01
1.568686868686868685e+00 1.336363636363636331e+01
1.404545454545454541e+00 1.231313131313131315e+01
1.417171717171717304e+00 1.247474747474747403e+01
1.505555555555555536e+00 1.271717171717171802e+01
1.480303030303030454e+00 1.279797979797979934e+01
1.442424242424242387e+00 1.239393939393939448e+01
1.366666666666666696e+00 1.207070707070707094e+01
1.543434343434343603e+00 1.312121212121212110e+01
1.429797979797979846e+00 1.247474747474747403e+01
1.606565656565656752e+00 1.409090909090909172e+01
1.732828282828282829e+00 1.457575757575757613e+01
1.543434343434343603e+00 1.320202020202020243e+01
1.290909090909091006e+00 1.142424242424242387e+01
1.505555555555555536e+00 1.279797979797979934e+01
1.530808080808080840e+00 1.328282828282828376e+01
1.467676767676767691e+00 1.271717171717171802e+01
1.366666666666666696e+00 1.255555555555555536e+01
1.354040404040404155e+00 1.231313131313131315e+01
1.417171717171717304e+00 1.215151515151515227e+01
1.404545454545454541e+00 1.215151515151515227e+01
1.442424242424242387e+00 1.239393939393939448e+01
1.505555555555555536e+00 1.295959595959596022e+01
1.316161616161616088e+00 1.198989898989898961e+01
1.455050505050504928e+00 1.231313131313131315e+01
1.379292929292929237e+00 1.207070707070707094e+01
1.518181818181818077e+00 1.344444444444444464e+01
1.455050505050504928e+00 1.255555555555555536e+01
1.404545454545454541e+00 1.231313131313131315e+01
1.429797979797979846e+00 1.271717171717171802e+01
1.593939393939393989e+00 1.352525252525252597e+01
1.354040404040404155e+00 1.215151515151515227e+01
1.543434343434343603e+00 1.344444444444444464e+01
1.619191919191919293e+00 1.352525252525252597e+01
1.556060606060606144e+00 1.312121212121212110e+01
1.505555555555555536e+00 1.255555555555555536e+01
1.543434343434343603e+00 1.304040404040404155e+01
1.619191919191919293e+00 1.425252525252525260e+01
1.518181818181818077e+00 1.320202020202020243e+01
1.530808080808080840e+00 1.336363636363636331e+01
1.379292929292929237e+00 1.207070707070707094e+01
1.556060606060606144e+00 1.271717171717171802e+01
1.556060606060606144e+00 1.320202020202020243e+01
1.492929292929292995e+00 1.263636363636363669e+01
1.568686868686868685e+00 1.320202020202020243e+01
1.619191919191919293e+00 1.344444444444444464e+01
1.455050505050504928e+00 1.198989898989898961e+01
1.619191919191919293e+00 1.417171717171717304e+01
1.328787878787878851e+00 1.239393939393939448e+01
1.404545454545454541e+00 1.190909090909091006e+01
1.455050505050504928e+00 1.287878787878787890e+01
1.833838383838383823e+00 1.473737373737373701e+01
1.442424242424242387e+00 1.295959595959596022e+01
1.593939393939393989e+00 1.392929292929293084e+01
1.354040404040404155e+00 1.190909090909091006e+01
1.391919191919192000e+00 1.223232323232323182e+01
1.467676767676767691e+00 1.255555555555555536e+01
1.455050505050504928e+00 1.231313131313131315e+01
1.568686868686868685e+00 1.352525252525252597e+01
1.417171717171717304e+00 1.255555555555555536e+01
1.417171717171717304e+00 1.231313131313131315e+01
1.543434343434343603e+00 1.295959595959596022e+01
1.429797979797979846e+00 1.263636363636363669e+01
1.480303030303030454e+00 1.360606060606060552e+01
1.442424242424242387e+00 1.239393939393939448e+01
1.530808080808080840e+00 1.312121212121212110e+01
1.442424242424242387e+00 1.255555555555555536e+01
1.404545454545454541e+00 1.198989898989898961e+01
1.480303030303030454e+00 1.271717171717171802e+01
1.505555555555555536e+00 1.328282828282828376e+01
1.467676767676767691e+00 1.352525252525252597e+01
1.442424242424242387e+00 1.271717171717171802e+01
1.417171717171717304e+00 1.223232323232323182e+01
1.530808080808080840e+00 1.279797979797979934e+01
1.530808080808080840e+00 1.360606060606060552e+01
1.404545454545454541e+00 1.239393939393939448e+01
1.480303030303030454e+00 1.271717171717171802e+01
1.354040404040404155e+00 1.182828282828282873e+01
1.417171717171717304e+00 1.295959595959596022e+01
1.619191919191919293e+00 1.409090909090909172e+01
1.404545454545454541e+00 1.231313131313131315e+01
1.379292929292929237e+00 1.263636363636363669e+01
1.505555555555555536e+00 1.287878787878787890e+01
1.606565656565656752e+00 1.312121212121212110e+01
1.556060606060606144e+00 1.295959595959596022e+01
1.391919191919192000e+00 1.215151515151515227e+01
1.556060606060606144e+00 1.312121212121212110e+01
1.366666666666666696e+00 1.215151515151515227e+01
1.379292929292929237e+00 1.215151515151515227e+01
1.467676767676767691e+00 1.271717171717171802e+01
1.341414141414141392e+00 1.190909090909091006e+01
1.354040404040404155e+00 1.215151515151515227e+01
1.391919191919192000e+00 1.198989898989898961e+01
1.505555555555555536e+00 1.287878787878787890e+01
1.480303030303030454e+00 1.409090909090909172e+01
1.556060606060606144e+00 1.360606060606060552e+01
1.480303030303030454e+00 1.247474747474747403e+01
1.442424242424242387e+00 1.287878787878787890e+01
1.417171717171717304e+00 1.239393939393939448e+01
1.391919191919192000e+00 1.215151515151515227e+01
1.720202020202020288e+00 1.417171717171717304e+01
1.442424242424242387e+00 1.271717171717171802e+01
1.467676767676767691e+00 1.271717171717171802e+01
1.455050505050504928e+00 1.239393939393939448e+01
1.442424242424242387e+00 1.215151515151515227e+01
1.480303030303030454e+00 1.247474747474747403e+01
1.581313131313131226e+00 1.320202020202020243e+01
1.720202020202020288e+00 1.441414141414141525e+01
1.442424242424242387e+00 1.304040404040404155e+01
1.442424242424242387e+00 1.255555555555555536e+01
1.530808080808080840e+00 1.295959595959596022e+01
1.417171717171717304e+00 1.215151515151515227e+01
1.556060606060606144e+00 1.295959595959596022e+01
1.455050505050504928e+00 1.215151515151515227e+01
1.505555555555555536e+00 1.255555555555555536e+01
1.568686868686868685e+00 1.336363636363636331e+01
1.391919191919192000e+00 1.263636363636363669e+01
1.417171717171717304e+00 1.190909090909091006e+01
1.391919191919192000e+00 1.174747474747474740e+01
1.455050505050504928e+00 1.223232323232323182e+01
1.366666666666666696e+00 1.190909090909091006e+01
1.467676767676767691e+00 1.223232323232323182e+01
1.442424242424242387e+00 1.215151515151515227e+01
1.530808080808080840e+00 1.352525252525252597e+01
1.328787878787878851e+00 1.215151515151515227e+01
1.404545454545454541e+00 1.198989898989898961e+01
1.871717171717171890e+00 1.530303030303030454e+01
1.568686868686868685e+00 1.360606060606060552e+01
1.480303030303030454e+00 1.271717171717171802e+01
1.467676767676767691e+00 1.239393939393939448e+01
1.404545454545454541e+00 1.239393939393939448e+01
1.442424242424242387e+00 1.207070707070707094e+01
1.568686868686868685e+00 1.287878787878787890e+01
1.505555555555555536e+00 1.271717171717171802e+01
1.417171717171717304e+00 1.247474747474747403e+01
1.404545454545454541e+00 1.295959595959596022e+01
1.366666666666666696e+00 1.247474747474747403e+01
1.556060606060606144e+00 1.328282828282828376e+01
1.366666666666666696e+00 1.247474747474747403e+01
1.783333333333333437e+00 1.409090909090909172e+01
1.442424242424242387e+00 1.255555555555555536e+01
1.455050505050504928e+00 1.336363636363636331e+01
1.391919191919192000e+00 1.174747474747474740e+01
1.429797979797979846e+00 1.255555555555555536e+01
1.429797979797979846e+00 1.295959595959596022e+01
1.505555555555555536e+00 1.279797979797979934e+01
1.518181818181818077e+00 1.312121212121212110e+01
1.556060606060606144e+00 1.441414141414141525e+01
1.530808080808080840e+00 1.304040404040404155e+01
1.417171717171717304e+00 1.287878787878787890e+01
1.316161616161616088e+00 1.182828282828282873e+01
1.581313131313131226e+00 1.320202020202020243e+01
1.505555555555555536e+00 1.271717171717171802e+01
1.606565656565656752e+00 1.336363636363636331e+01
1.379292929292929237e+00 1.182828282828282873e+01
1.404545454545454541e+00 1.239393939393939448e+01
1.467676767676767691e+00 1.304040404040404155e+01
1.303535353535353547e+00 1.182828282828282873e+01
1.455050505050504928e+00 1.215151515151515227e+01
1.480303030303030454e+00 1.239393939393939448e+01
1.631818181818181834e+00 1.376767676767676818e+01
1.745454545454545592e+00 1.425252525252525260e+01
1.429797979797979846e+00 1.223232323232323182e+01
1.417171717171717304e+00 1.295959595959596022e+01
1.619191919191919293e+00 1.360606060606060552e+01
1.417171717171717304e+00 1.223232323232323182e+01
1.442424242424242387e+00 1.304040404040404155e+01
1.442424242424242387e+00 1.271717171717171802e+01
1.379292929292929237e+00 1.190909090909091006e+01
1.505555555555555536e+00 1.255555555555555536e+01
1.480303030303030454e+00 1.271717171717171802e+01
1.429797979797979846e+00 1.287878787878787890e+01
1.404545454545454541e+00 1.247474747474747403e+01
1.581313131313131226e+00 1.295959595959596022e+01
1.480303030303030454e+00 1.255555555555555536e+01
1.556060606060606144e+00 1.279797979797979934e+01
1.657070707070707138e+00 1.336363636363636331e+01
1.442424242424242387e+00 1.263636363636363669e+01
1.442424242424242387e+00 1.312121212121212110e+01
1.404545454545454541e+00 1.207070707070707094e+01
1.404545454545454541e+00 1.239393939393939448e+01
1.404545454545454541e+00 1.304040404040404155e+01
1.391919191919192000e+00 1.287878787878787890e+01
1.593939393939393989e+00 1.392929292929293084e+01
1.619191919191919293e+00 1.344444444444444464e+01
1.467676767676767691e+00 1.287878787878787890e+01
1.467676767676767691e+00 1.295959595959596022e+01
1.581313131313131226e+00 1.352525252525252597e+01
1.455050505050504928e+00 1.223232323232323182e+01
1.480303030303030454e+00 1.255555555555555536e+01
1.480303030303030454e+00 1.287878787878787890e+01
1.593939393939393989e+00 1.336363636363636331e+01
1.745454545454545592e+00 1.409090909090909172e+01
1.694949494949494984e+00 1.425252525252525260e+01
1.429797979797979846e+00 1.263636363636363669e+01
1.518181818181818077e+00 1.279797979797979934e+01
1.253030303030302939e+00 1.126262626262626299e+01
1.429797979797979846e+00 1.263636363636363669e+01
1.492929292929292995e+00 1.271717171717171802e+01
1.303535353535353547e+00 1.166666666666666785e+01
1.467676767676767691e+00 1.223232323232323182e+01
1.619191919191919293e+00 1.433333333333333393e+01
1.556060606060606144e+00 1.328282828282828376e+01
1.505555555555555536e+00 1.304040404040404155e+01
1.354040404040404155e+00 1.198989898989898961e+01
1.518181818181818077e+00 1.287878787878787890e+01
1.467676767676767691e+00 1.247474747474747403e+01
1.518181818181818077e+00 1.263636363636363669e+01
1.581313131313131226e+00 1.360606060606060552e+01
1.606565656565656752e+00 1.304040404040404155e+01
1.518181818181818077e+00 1.271717171717171802e+01
1.619191919191919293e+00 1.409090909090909172e+01
1.505555555555555536e+00 1.304040404040404155e+01
1.455050505050504928e+00 1.295959595959596022e+01
1.328787878787878851e+00 1.239393939393939448e+01
1.530808080808080840e+00 1.279797979797979934e+01
1.530808080808080840e+00 1.304040404040404155e+01
1.354040404040404155e+00 1.247474747474747403e+01
1.530808080808080840e+00 1.401010101010101039e+01
1.442424242424242387e+00 1.263636363636363669e+01
1.480303030303030454e+00 1.328282828282828376e+01
1.556060606060606144e+00 1.328282828282828376e+01
1.593939393939393989e+00 1.352525252525252597e+01
1.455050505050504928e+00 1.263636363636363669e+01
1.442424242424242387e+00 1.271717171717171802e+01
1.480303030303030454e+00 1.255555555555555536e+01
1.518181818181818077e+00 1.304040404040404155e+01
1.455050505050504928e+00 1.279797979797979934e+01
1.518181818181818077e+00 1.328282828282828376e+01
1.354040404040404155e+00 1.223232323232323182e+01
1.492929292929292995e+00 1.360606060606060552e+01
1.391919191919192000e+00 1.215151515151515227e+01
1.316161616161616088e+00 1.182828282828282873e+01
1.619191919191919293e+00 1.360606060606060552e+01
1.442424242424242387e+00 1.247474747474747403e+01
1.492929292929292995e+00 1.231313131313131315e+01
1.417171717171717304e+00 1.255555555555555536e+01
1.467676767676767691e+00 1.255555555555555536e+01
1.492929292929292995e+00 1.279797979797979934e+01
1.442424242424242387e+00 1.263636363636363669e+01
1.429797979797979846e+00 1.239393939393939448e+01
1.455050505050504928e+00 1.263636363636363669e+01
1.492929292929292995e+00 1.263636363636363669e+01
1.556060606060606144e+00 1.312121212121212110e+01
1.518181818181818077e+00 1.271717171717171802e+01
1.404545454545454541e+00 1.215151515151515227e+01
1.593939393939393989e+00 1.376767676767676818e+01
1.467676767676767691e+00 1.223232323232323182e+01
1.505555555555555536e+00 1.287878787878787890e+01
1.467676767676767691e+00 1.287878787878787890e+01
1.606565656565656752e+00 1.328282828282828376e+01
1.391919191919192000e+00 1.198989898989898961e+01
1.429797979797979846e+00 1.198989898989898961e+01
1.530808080808080840e+00 1.384848484848484773e+01
1.354040404040404155e+00 1.182828282828282873e+01
1.341414141414141392e+00 1.182828282828282873e+01
1.997979797979797967e+00 1.570707070707070763e+01
1.442424242424242387e+00 1.215151515151515227e+01
1.480303030303030454e+00 1.263636363636363669e+01
1.480303030303030454e+00 1.287878787878787890e+01
1.518181818181818077e+00 1.295959595959596022e+01
1.455050505050504928e+00 1.255555555555555536e+01
1.442424242424242387e+00 1.263636363636363669e+01
1.467676767676767691e+00 1.239393939393939448e+01
1.694949494949494984e+00 1.344444444444444464e+01
1.391919191919192000e+00 1.215151515151515227e+01
1.455050505050504928e+00 1.255555555555555536e+01
1.492929292929292995e+00 1.295959595959596022e+01
1.366666666666666696e+00 1.166666666666666785e+01
1.859090909090909127e+00 1.433333333333333393e+01
1.341414141414141392e+00 1.158585858585858652e+01
1.505555555555555536e+00 1.271717171717171802e+01
1.467676767676767691e+00 1.239393939393939448e+01
1.505555555555555536e+00 1.279797979797979934e+01
1.530808080808080840e+00 1.271717171717171802e+01
1.455050505050504928e+00 1.312121212121212110e+01
1.379292929292929237e+00 1.223232323232323182e+01
1.417171717171717304e+00 1.271717171717171802e+01
1.404545454545454541e+00 1.271717171717171802e+01
1.707575757575757525e+00 1.433333333333333393e+01
1.480303030303030454e+00 1.271717171717171802e+01
1.518181818181818077e+00 1.295959595959596022e+01
1.328787878787878851e+00 1.207070707070707094e+01
1.492929292929292995e+00 1.279797979797979934e+01
1.303535353535353547e+00 1.320202020202020243e+01
1.606565656565656752e+00 1.360606060606060552e+01
1.518181818181818077e+00 1.279797979797979934e+01
1.492929292929292995e+00 1.263636363636363669e+01
1.593939393939393989e+00 1.328282828282828376e+01
1.593939393939393989e+00 1.336363636363636331e+01
1.290909090909091006e+00 1.150505050505050519e+01
1.328787878787878851e+00 1.223232323232323182e+01
1.556060606060606144e+00 1.336363636363636331e+01
1.581313131313131226e+00 1.352525252525252597e+01
1.455050505050504928e+00 1.336363636363636331e+01
1.391919191919192000e+00 1.263636363636363669e+01
1.429797979797979846e+00 1.255555555555555536e+01
1.505555555555555536e+00 1.263636363636363669e+01
1.303535353535353547e+00 1.223232323232323182e+01
1.505555555555555536e+00 1.255555555555555536e+01
1.354040404040404155e+00 1.223232323232323182e+01
1.366666666666666696e+00 1.198989898989898961e+01
1.391919191919192000e+00 1.190909090909091006e+01
1.429797979797979846e+00 1.255555555555555536e+01
1.442424242424242387e+00 1.223232323232323182e+01
1.404545454545454541e+00 1.223232323232323182e+01
1.480303030303030454e+00 1.295959595959596022e+01
1.568686868686868685e+00 1.320202020202020243e+01
1.480303030303030454e+00 1.271717171717171802e+01
1.467676767676767691e+00 1.247474747474747403e+01
1.404545454545454541e+00 1.295959595959596022e+01
1.480303030303030454e+00 1.304040404040404155e+01
1.568686868686868685e+00 1.295959595959596022e+01
1.593939393939393989e+00 1.344444444444444464e+01
1.467676767676767691e+00 1.190909090909091006e+01
1.505555555555555536e+00 1.344444444444444464e+01
1.631818181818181834e+00 1.368686868686868685e+01
1.354040404040404155e+00 1.207070707070707094e+01
1.631818181818181834e+00 1.295959595959596022e+01
1.505555555555555536e+00 1.320202020202020243e+01
1.467676767676767691e+00 1.312121212121212110e+01
1.417171717171717304e+00 1.304040404040404155e+01
1.429797979797979846e+00 1.223232323232323182e+01
1.467676767676767691e+00 1.271717171717171802e+01
1.328787878787878851e+00 1.231313131313131315e+01
1.543434343434343603e+00 1.360606060606060552e+01
1.505555555555555536e+00 1.279797979797979934e+01
1.505555555555555536e+00 1.287878787878787890e+01
1.631818181818181834e+00 1.328282828282828376e+01
1.455050505050504928e+00 1.223232323232323182e+01
1.644444444444444375e+00 1.384848484848484773e+01
1.505555555555555536e+00 1.271717171717171802e+01
1.391919191919192000e+00 1.207070707070707094e+01
1.429797979797979846e+00 1.271717171717171802e+01
1.505555555555555536e+00 1.295959595959596022e+01
1.631818181818181834e+00 1.368686868686868685e+01
1.328787878787878851e+00 1.158585858585858652e+01
1.543434343434343603e+00 1.328282828282828376e+01
1.341414141414141392e+00 1.312121212121212110e+01
1.518181818181818077e+00 1.304040404040404155e+01
1.492929292929292995e+00 1.247474747474747403e+01
1.442424242424242387e+00 1.247474747474747403e+01
1.467676767676767691e+00 1.279797979797979934e+01
1.480303030303030454e+00 1.287878787878787890e+01
1.770707070707070674e+00 9.323232323232323537e+00
1.303535353535353547e+00 1.223232323232323182e+01
1.429797979797979846e+00 1.328282828282828376e+01
1.442424242424242387e+00 1.239393939393939448e+01
1.492929292929292995e+00 1.231313131313131315e+01
1.455050505050504928e+00 1.279797979797979934e+01
1.518181818181818077e+00 1.263636363636363669e+01
1.568686868686868685e+00 1.328282828282828376e+01
1.720202020202020288e+00 1.384848484848484773e+01
1.429797979797979846e+00 1.279797979797979934e+01
1.455050505050504928e+00 1.247474747474747403e+01
1.366666666666666696e+00 1.190909090909091006e+01
1.442424242424242387e+00 1.304040404040404155e+01
1.492929292929292995e+00 1.279797979797979934e+01
1.518181818181818077e+00 1.344444444444444464e+01
1.518181818181818077e+00 1.271717171717171802e+01
1.417171717171717304e+00 1.198989898989898961e+01
1.467676767676767691e+00 1.279797979797979934e+01
1.492929292929292995e+00 1.279797979797979934e+01
1.492929292929292995e+00 1.304040404040404155e+01
1.631818181818181834e+00 1.336363636363636331e+01
1.429797979797979846e+00 1.231313131313131315e+01
1.354040404040404155e+00 1.223232323232323182e+01
1.354040404040404155e+00 1.190909090909091006e+01
1.455050505050504928e+00 1.223232323232323182e+01
1.530808080808080840e+00 1.449494949494949481e+01
1.556060606060606144e+00 1.320202020202020243e+01
1.391919191919192000e+00 1.304040404040404155e+01
1.480303030303030454e+00 1.295959595959596022e+01
1.480303030303030454e+00 1.247474747474747403e+01
1.379292929292929237e+00 1.207070707070707094e+01
1.467676767676767691e+00 1.239393939393939448e+01
1.417171717171717304e+00 1.231313131313131315e+01
1.316161616161616088e+00 1.198989898989898961e+01
1.455050505050504928e+00 1.320202020202020243e+01
1.467676767676767691e+00 1.304040404040404155e+01
1.455050505050504928e+00 1.263636363636363669e+01
1.480303030303030454e+00 1.239393939393939448e+01
1.455050505050504928e+00 1.271717171717171802e+01
1.720202020202020288e+00 1.481818181818181834e+01
1.354040404040404155e+00 1.279797979797979934e+01
1.404545454545454541e+00 1.247474747474747403e+01
1.556060606060606144e+00 1.295959595959596022e+01
1.492929292929292995e+00 1.279797979797979934e+01
1.429797979797979846e+00 1.223232323232323182e+01
1.657070707070707138e+00 1.425252525252525260e+01
1.442424242424242387e+00 1.215151515151515227e+01
1.518181818181818077e+00 1.255555555555555536e+01
1.379292929292929237e+00 1.255555555555555536e+01
1.505555555555555536e+00 1.344444444444444464e+01
1.417171717171717304e+00 1.247474747474747403e+01
1.530808080808080840e+00 1.352525252525252597e+01
1.442424242424242387e+00 1.239393939393939448e+01
1.505555555555555536e+00 1.279797979797979934e+01
1.429797979797979846e+00 1.223232323232323182e+01
1.556060606060606144e+00 1.320202020202020243e+01
1.669696969696969902e+00 1.401010101010101039e+01
1.379292929292929237e+00 1.263636363636363669e+01
1.505555555555555536e+00 1.263636363636363669e+01
1.442424242424242387e+00 1.215151515151515227e+01
1.518181818181818077e+00 1.279797979797979934e+01
1.429797979797979846e+00 1.255555555555555536e+01
1.530808080808080840e+00 1.255555555555555536e+01
1.354040404040404155e+00 1.223232323232323182e+01
1.543434343434343603e+00 1.368686868686868685e+01
1.505555555555555536e+00 1.263636363636363669e+01
1.442424242424242387e+00 1.207070707070707094e+01
1.467676767676767691e+00 1.263636363636363669e+01
1.543434343434343603e+00 1.401010101010101039e+01
1.354040404040404155e+00 1.271717171717171802e+01
1.505555555555555536e+00 1.336363636363636331e+01
1.379292929292929237e+00 1.207070707070707094e+01
1.391919191919192000e+00 1.247474747474747403e+01
1.404545454545454541e+00 1.231313131313131315e+01
1.492929292929292995e+00 1.247474747474747403e+01
1.391919191919192000e+00 1.239393939393939448e+01
1.758080808080808133e+00 1.384848484848484773e+01
1.467676767676767691e+00 1.271717171717171802e+01
1.593939393939393989e+00 1.376767676767676818e+01
1.480303030303030454e+00 1.384848484848484773e+01
1.316161616161616088e+00 1.166666666666666785e+01
1.556060606060606144e+00 1.320202020202020243e+01
1.505555555555555536e+00 1.271717171717171802e+01
1.417171717171717304e+00 1.247474747474747403e+01
1.480303030303030454e+00 1.255555555555555536e+01
1.758080808080808133e+00 1.401010101010101039e+01
1.505555555555555536e+00 1.263636363636363669e+01
1.354040404040404155e+00 1.247474747474747403e+01
1.505555555555555536e+00 1.247474747474747403e+01
1.556060606060606144e+00 1.433333333333333393e+01
1.341414141414141392e+00 1.166666666666666785e+01
1.467676767676767691e+00 1.279797979797979934e+01
1.518181818181818077e+00 1.271717171717171802e+01
1.707575757575757525e+00 1.376767676767676818e+01
1.379292929292929237e+00 1.215151515151515227e+01
1.455050505050504928e+00 1.239393939393939448e+01
1.455050505050504928e+00 1.231313131313131315e+01
1.429797979797979846e+00 1.295959595959596022e+01
1.455050505050504928e+00 1.279797979797979934e+01
1.631818181818181834e+00 1.401010101010101039e+01
1.467676767676767691e+00 1.352525252525252597e+01
1.669696969696969902e+00 1.392929292929293084e+01
1.581313131313131226e+00 1.328282828282828376e+01
1.543434343434343603e+00 1.295959595959596022e+01
1.518181818181818077e+00 1.263636363636363669e+01
1.631818181818181834e+00 1.409090909090909172e+01
1.354040404040404155e+00 1.271717171717171802e+01
1.417171717171717304e+00 1.182828282828282873e+01
1.518181818181818077e+00 1.287878787878787890e+01
1.505555555555555536e+00 1.320202020202020243e+01
1.442424242424242387e+00 1.255555555555555536e+01
1.417171717171717304e+00 1.247474747474747403e+01
1.303535353535353547e+00 1.198989898989898961e+01
1.530808080808080840e+00 1.336363636363636331e+01
1.492929292929292995e+00 1.295959595959596022e+01
1.556060606060606144e+00 1.352525252525252597e+01
1.480303030303030454e+00 1.279797979797979934e+01
1.467676767676767691e+00 1.223232323232323182e+01
1.492929292929292995e+00 1.263636363636363669e+01
1.429797979797979846e+00 1.360606060606060552e+01
1.467676767676767691e+00 1.255555555555555536e+01
1.543434343434343603e+00 1.320202020202020243e+01
1.492929292929292995e+00 1.263636363636363669e+01
1.379292929292929237e+00 1.304040404040404155e+01
1.442424242424242387e+00 1.207070707070707094e+01
1.366666666666666696e+00 1.247474747474747403e+01
1.442424242424242387e+00 1.231313131313131315e+01
1.303535353535353547e+00 1.182828282828282873e+01
1.505555555555555536e+00 1.384848484848484773e+01
1.606565656565656752e+00 1.352525252525252597e+01
1.429797979797979846e+00 1.279797979797979934e+01
1.391919191919192000e+00 1.198989898989898961e+01
1.530808080808080840e+00 1.279797979797979934e+01
1.631818181818181834e+00 1.368686868686868685e+01
1.442424242424242387e+00 1.328282828282828376e+01
1.366666666666666696e+00 1.190909090909091006e+01
1.480303030303030454e+00 1.287878787878787890e+01
1.354040404040404155e+00 1.198989898989898961e+01
1.391919191919192000e+00 1.207070707070707094e+01
1.556060606060606144e+00 1.287878787878787890e+01
1.467676767676767691e+00 1.207070707070707094e+01
1.455050505050504928e+00 1.255555555555555536e+01
1.379292929292929237e+00 1.207070707070707094e+01
1.442424242424242387e+00 1.190909090909091006e+01
1.518181818181818077e+00 1.271717171717171802e+01
1.543434343434343603e+00 1.304040404040404155e+01
1.404545454545454541e+00 1.223232323232323182e+01
1.619191919191919293e+00 1.360606060606060552e+01
1.644444444444444375e+00 1.376767676767676818e+01
1.480303030303030454e+00 1.271717171717171802e+01
1.556060606060606144e+00 1.368686868686868685e+01
1.455050505050504928e+00 1.231313131313131315e+01
1.518181818181818077e+00 1.287878787878787890e+01
1.568686868686868685e+00 1.344444444444444464e+01
1.631818181818181834e+00 1.368686868686868685e+01
1.480303030303030454e+00 1.279797979797979934e+01
1.492929292929292995e+00 1.304040404040404155e+01
1.505555555555555536e+00 1.328282828282828376e+01
1.417171717171717304e+00 1.263636363636363669e+01
1.290909090909091006e+00 1.150505050505050519e+01
1.417171717171717304e+00 1.271717171717171802e+01
1.530808080808080840e+00 1.271717171717171802e+01
1.543434343434343603e+00 1.328282828282828376e+01
1.467676767676767691e+00 1.271717171717171802e+01
1.644444444444444375e+00 1.360606060606060552e+01
1.518181818181818077e+00 1.295959595959596022e+01
1.518181818181818077e+00 1.328282828282828376e+01
1.467676767676767691e+00 1.231313131313131315e+01
1.429797979797979846e+00 1.312121212121212110e+01
1.492929292929292995e+00 1.295959595959596022e+01
1.518181818181818077e+00 1.344444444444444464e+01
1.404545454545454541e+00 1.271717171717171802e+01
1.429797979797979846e+00 1.263636363636363669e+01
1.455050505050504928e+00 1.255555555555555536e+01
1.518181818181818077e+00 1.344444444444444464e+01
1.480303030303030454e+00 1.263636363636363669e+01
1.556060606060606144e+00 1.255555555555555536e+01
1.379292929292929237e+00 1.182828282828282873e+01
1.455050505050504928e+00 1.304040404040404155e+01
1.492929292929292995e+00 1.279797979797979934e+01
1.505555555555555536e+00 1.263636363636363669e+01
1.417171717171717304e+00 1.271717171717171802e+01
1.265656565656565702e+00 1.198989898989898961e+01
1.568686868686868685e+00 1.287878787878787890e+01
1.467676767676767691e+00 1.295959595959596022e+01
1.644444444444444375e+00 1.360606060606060552e+01
1.543434343434343603e+00 1.287878787878787890e+01
1.593939393939393989e+00 1.417171717171717304e+01
1.581313131313131226e+00 1.376767676767676818e+01
1.328787878787878851e+00 1.182828282828282873e+01
1.505555555555555536e+00 1.409090909090909172e+01
1.467676767676767691e+00 1.239393939393939448e+01
1.341414141414141392e+00 1.255555555555555536e+01
1.429797979797979846e+00 1.207070707070707094e+01
1.480303030303030454e+00 1.320202020202020243e+01
1.657070707070707138e+00 1.409090909090909172e+01
1.505555555555555536e+00 1.312121212121212110e+01
1.379292929292929237e+00 1.198989898989898961e+01
1.429797979797979846e+00 1.271717171717171802e+01
1.492929292929292995e+00 1.247474747474747403e+01
1.467676767676767691e+00 1.239393939393939448e+01
1.593939393939393989e+00 1.344444444444444464e+01
1.492929292929292995e+00 1.247474747474747403e+01
1.657070707070707138e+00 1.368686868686868685e+01
1.379292929292929237e+00 1.182828282828282873e+01
1.543434343434343603e+00 1.279797979797979934e+01
1.480303030303030454e+00 1.312121212121212110e+01
1.556060606060606144e+00 1.328282828282828376e+01
1.543434343434343603e+00 1.263636363636363669e+01
1.732828282828282829e+00 1.401010101010101039e+01
1.442424242424242387e+00 1.304040404040404155e+01
1.480303030303030454e+00 1.271717171717171802e+01
1.467676767676767691e+00 1.215151515151515227e+01
1.379292929292929237e+00 1.223232323232323182e+01
1.505555555555555536e+00 1.271717171717171802e+01
1.442424242424242387e+00 1.231313131313131315e+01
1.391919191919192000e+00 1.255555555555555536e+01
1.568686868686868685e+00 1.295959595959596022e+01
1.518181818181818077e+00 1.328282828282828376e+01
1.568686868686868685e+00 1.360606060606060552e+01
1.543434343434343603e+00 1.328282828282828376e+01
1.720202020202020288e+00 1.473737373737373701e+01
1.568686868686868685e+00 1.352525252525252597e+01
1.530808080808080840e+00 1.312121212121212110e+01
1.366666666666666696e+00 1.215151515151515227e+01
1.518181818181818077e+00 1.255555555555555536e+01
1.366666666666666696e+00 1.239393939393939448e+01
1.619191919191919293e+00 1.401010101010101039e+01
1.391919191919192000e+00 1.190909090909091006e+01
1.543434343434343603e+00 1.328282828282828376e+01
1.581313131313131226e+00 1.328282828282828376e+01
1.530808080808080840e+00 1.295959595959596022e+01
1.518181818181818077e+00 1.328282828282828376e+01
1.341414141414141392e+00 1.190909090909091006e+01
1.429797979797979846e+00 1.207070707070707094e+01
1.556060606060606144e+00 1.320202020202020243e+01
1.556060606060606144e+00 1.312121212121212110e+01
1.480303030303030454e+00 1.247474747474747403e+01
1.505555555555555536e+00 1.304040404040404155e+01
1.328787878787878851e+00 1.223232323232323182e+01
1.543434343434343603e+00 1.352525252525252597e+01
1.669696969696969902e+00 1.336363636363636331e+01
1.265656565656565702e+00 1.231313131313131315e+01
1.568686868686868685e+00 1.336363636363636331e+01
1.341414141414141392e+00 1.134343434343434254e+01
1.505555555555555536e+00 1.295959595959596022e+01
1.505555555555555536e+00 1.360606060606060552e+01
1.391919191919192000e+00 1.166666666666666785e+01
1.543434343434343603e+00 1.312121212121212110e+01
1.290909090909091006e+00 1.255555555555555536e+01
1.379292929292929237e+00 1.320202020202020243e+01
1.391919191919192000e+00 1.263636363636363669e+01
1.593939393939393989e+00 1.336363636363636331e+01
1.391919191919192000e+00 1.182828282828282873e+01
1.543434343434343603e+00 1.352525252525252597e+01
1.467676767676767691e+00 1.271717171717171802e+01
1.631818181818181834e+00 1.360606060606060552e+01
1.505555555555555536e+00 1.247474747474747403e+01
1.556060606060606144e+00 1.328282828282828376e+01
1.859090909090909127e+00 1.449494949494949481e+01
1.417171717171717304e+00 1.295959595959596022e+01
1.505555555555555536e+00 1.255555555555555536e+01
1.644444444444444375e+00 1.409090909090909172e+01
1.518181818181818077e+00 1.295959595959596022e+01
1.480303030303030454e+00 1.328282828282828376e+01
1.429797979797979846e+00 1.239393939393939448e+01
1.442424242424242387e+00 1.271717171717171802e+01
1.467676767676767691e+00 1.263636363636363669e+01
1.442424242424242387e+00 1.279797979797979934e+01
1.682323232323232443e+00 1.433333333333333393e+01
1.429797979797979846e+00 1.239393939393939448e+01
1.530808080808080840e+00 1.312121212121212110e+01
1.429797979797979846e+00 1.198989898989898961e+01
1.492929292929292995e+00 1.239393939393939448e+01
1.606565656565656752e+00 1.295959595959596022e+01
1.593939393939393989e+00 1.328282828282828376e+01
1.492929292929292995e+00 1.271717171717171802e+01
1.442424242424242387e+00 1.263636363636363669e+01
1.543434343434343603e+00 1.360606060606060552e+01
1.505555555555555536e+00 1.239393939393939448e+01
1.429797979797979846e+00 1.295959595959596022e+01
1.278282828282828243e+00 1.215151515151515227e+01
1.505555555555555536e+00 1.304040404040404155e+01
1.480303030303030454e+00 1.304040404040404155e+01
1.480303030303030454e+00 1.336363636363636331e+01
1.354040404040404155e+00 1.182828282828282873e+01
1.922222222222222276e+00 1.053535353535353636e+01
1.290909090909091006e+00 1.215151515151515227e+01
1.404545454545454541e+00 1.295959595959596022e+01
1.518181818181818077e+00 1.255555555555555536e+01
1.518181818181818077e+00 1.287878787878787890e+01
1.492929292929292995e+00 1.271717171717171802e+01
1.455050505050504928e+00 1.255555555555555536e+01
1.505555555555555536e+00 1.271717171717171802e+01
1.442424242424242387e+00 1.231313131313131315e+01
1.417171717171717304e+00 1.287878787878787890e+01
1.417171717171717304e+00 1.344444444444444464e+01
1.505555555555555536e+00 1.271717171717171802e+01
1.442424242424242387e+00 1.223232323232323182e+01
1.442424242424242387e+00 1.231313131313131315e+01
1.619191919191919293e+00 1.376767676767676818e+01
1.505555555555555536e+00 1.271717171717171802e+01
1.442424242424242387e+00 1.263636363636363669e+01
1.467676767676767691e+00 1.215151515151515227e+01
1.391919191919192000e+00 1.198989898989898961e+01
1.442424242424242387e+00 1.255555555555555536e+01
1.657070707070707138e+00 1.328282828282828376e+01
1.480303030303030454e+00 1.263636363636363669e+01
1.354040404040404155e+00 1.198989898989898961e+01
1.480303030303030454e+00 1.320202020202020243e+01
1.429797979797979846e+00 1.223232323232323182e+01
1.442424242424242387e+00 1.271717171717171802e+01
1.720202020202020288e+00 1.392929292929293084e+01
1.404545454545454541e+00 1.223232323232323182e+01
1.518181818181818077e+00 1.223232323232323182e+01
1.354040404040404155e+00 1.215151515151515227e+01
1.442424242424242387e+00 1.304040404040404155e+01
1.455050505050504928e+00 1.231313131313131315e+01
1.543434343434343603e+00 1.312121212121212110e+01
1.391919191919192000e+00 1.223232323232323182e+01
1.455050505050504928e+00 1.279797979797979934e+01
1.467676767676767691e+00 1.247474747474747403e+01
1.467676767676767691e+00 1.255555555555555536e+01
1.619191919191919293e+00 1.336363636363636331e+01
1.442424242424242387e+00 1.279797979797979934e+01
1.404545454545454541e+00 1.239393939393939448e+01
1.492929292929292995e+00 1.279797979797979934e+01
1.480303030303030454e+00 1.255555555555555536e+01
1.303535353535353547e+00 1.158585858585858652e+01
1.354040404040404155e+00 1.247474747474747403e+01
1.341414141414141392e+00 1.215151515151515227e+01
1.492929292929292995e+00 1.239393939393939448e+01
1.492929292929292995e+00 1.279797979797979934e+01
1.379292929292929237e+00 1.215151515151515227e+01
1.518181818181818077e+00 1.279797979797979934e+01
1.354040404040404155e+00 1.174747474747474740e+01
1.404545454545454541e+00 1.215151515151515227e+01
1.556060606060606144e+00 1.360606060606060552e+01
1.354040404040404155e+00 1.255555555555555536e+01
1.480303030303030454e+00 1.279797979797979934e+01
1.341414141414141392e+00 1.215151515151515227e+01
1.417171717171717304e+00 1.207070707070707094e+01
1.379292929292929237e+00 1.231313131313131315e+01
1.391919191919192000e+00 1.223232323232323182e+01
1.556060606060606144e+00 1.328282828282828376e+01
1.492929292929292995e+00 1.263636363636363669e+01
1.480303030303030454e+00 1.247474747474747403e+01
1.480303030303030454e+00 1.263636363636363669e+01
1.492929292929292995e+00 1.287878787878787890e+01
1.543434343434343603e+00 1.320202020202020243e+01
1.467676767676767691e+00 1.320202020202020243e+01
1.278282828282828243e+00 1.223232323232323182e+01
1.379292929292929237e+00 1.223232323232323182e+01
1.366666666666666696e+00 1.190909090909091006e+01
1.316161616161616088e+00 1.190909090909091006e+01
1.492929292929292995e+00 1.287878787878787890e+01
1.606565656565656752e+00 1.392929292929293084e+01
1.505555555555555536e+00 1.279797979797979934e+01
1.417171717171717304e+00 1.255555555555555536e+01
1.530808080808080840e+00 1.271717171717171802e+01
1.492929292929292995e+00 1.279797979797979934e+01
1.543434343434343603e+00 1.320202020202020243e+01
1.505555555555555536e+00 1.304040404040404155e+01
1.404545454545454541e+00 1.271717171717171802e+01
1.455050505050504928e+00 1.239393939393939448e+01
1.455050505050504928e+00 1.263636363636363669e+01
1.391919191919192000e+00 1.287878787878787890e+01
1.657070707070707138e+00 1.392929292929293084e+01
1.455050505050504928e+00 1.304040404040404155e+01
1.480303030303030454e+00 1.255555555555555536e+01
1.619191919191919293e+00 1.344444444444444464e+01
1.530808080808080840e+00 1.344444444444444464e+01
1.354040404040404155e+00 1.247474747474747403e+01
1.404545454545454541e+00 1.255555555555555536e+01
1.303535353535353547e+00 1.158585858585858652e+01
1.391919191919192000e+00 1.295959595959596022e+01
1.164646464646464707e+00 1.158585858585858652e+01
1.455050505050504928e+00 1.247474747474747403e+01
1.644444444444444375e+00 1.465656565656565746e+01
1.366666666666666696e+00 1.207070707070707094e+01
1.480303030303030454e+00 1.295959595959596022e+01
1.455050505050504928e+00 1.207070707070707094e+01
1.492929292929292995e+00 1.352525252525252597e+01
1.480303030303030454e+00 1.279797979797979934e+01
1.455050505050504928e+00 1.312121212121212110e+01
1.354040404040404155e+00 1.190909090909091006e+01
1.455050505050504928e+00 1.263636363636363669e+01
1.442424242424242387e+00 1.247474747474747403e+01
1.543434343434343603e+00 1.312121212121212110e+01
1.480303030303030454e+00 1.263636363636363669e+01
1.480303030303030454e+00 1.247474747474747403e+01
1.442424242424242387e+00 1.271717171717171802e+01
1.492929292929292995e+00 1.255555555555555536e+01
1.581313131313131226e+00 1.344444444444444464e+01
1.290909090909091006e+00 1.215151515151515227e+01
1.417171717171717304e+00 1.239393939393939448e+01
1.429797979797979846e+00 1.239393939393939448e+01
1.480303030303030454e+00 1.271717171717171802e+01
1.391919191919192000e+00 1.215151515151515227e+01
1.417171717171717304e+00 1.215151515151515227e+01
1.429797979797979846e+00 1.215151515151515227e+01
1.581313131313131226e+00 1.360606060606060552e+01
1.290909090909091006e+00 1.174747474747474740e+01
1.492929292929292995e+00 1.239393939393939448e+01
1.492929292929292995e+00 1.271717171717171802e+01
1.808585858585858741e+00 1.457575757575757613e+01
1.492929292929292995e+00 1.255555555555555536e+01
1.341414141414141392e+00 1.207070707070707094e+01
1.391919191919192000e+00 1.255555555555555536e+01
1.379292929292929237e+00 1.255555555555555536e+01
1.455050505050504928e+00 1.271717171717171802e+01
1.366666666666666696e+00 1.247474747474747403e+01
1.429797979797979846e+00 1.255555555555555536e+01
1.543434343434343603e+00 1.336363636363636331e+01
1.417171717171717304e+00 1.231313131313131315e+01
1.404545454545454541e+00 1.198989898989898961e+01
1.556060606060606144e+00 1.368686868686868685e+01
1.492929292929292995e+00 1.384848484848484773e+01
1.619191919191919293e+00 1.344444444444444464e+01
1.379292929292929237e+00 1.223232323232323182e+01
1.606565656565656752e+00 1.336363636363636331e+01
1.556060606060606144e+00 1.328282828282828376e+01
1.455050505050504928e+00 1.271717171717171802e+01
1.467676767676767691e+00 1.247474747474747403e+01
1.455050505050504928e+00 1.207070707070707094e+01
1.505555555555555536e+00 1.263636363636363669e+01
1.290909090909091006e+00 1.207070707070707094e+01
1.505555555555555536e+00 1.247474747474747403e+01
1.480303030303030454e+00 1.255555555555555536e+01
1.556060606060606144e+00 1.328282828282828376e+01
1.581313131313131226e+00 1.336363636363636331e+01
1.202525252525252553e+00 1.150505050505050519e+01
1.442424242424242387e+00 1.247474747474747403e+01
1.619191919191919293e+00 1.328282828282828376e+01
1.644444444444444375e+00 1.360606060606060552e+01
1.505555555555555536e+00 1.312121212121212110e+01
1.442424242424242387e+00 1.336363636363636331e+01
1.556060606060606144e+00 1.328282828282828376e+01
1.391919191919192000e+00 1.255555555555555536e+01
1.530808080808080840e+00 1.304040404040404155e+01
1.379292929292929237e+00 1.223232323232323182e+01
1.480303030303030454e+00 1.312121212121212110e+01
1.379292929292929237e+00 1.271717171717171802e+01
1.530808080808080840e+00 1.304040404040404155e+01
1.556060606060606144e+00 1.368686868686868685e+01
1.442424242424242387e+00 1.263636363636363669e+01
1.455050505050504928e+00 1.231313131313131315e+01
1.492929292929292995e+00 1.328282828282828376e+01
1.366666666666666696e+00 1.255555555555555536e+01
1.442424242424242387e+00 1.207070707070707094e+01
1.379292929292929237e+00 1.215151515151515227e+01
1.480303030303030454e+00 1.271717171717171802e+01
1.379292929292929237e+00 1.215151515151515227e+01
1.429797979797979846e+00 1.304040404040404155e+01
1.505555555555555536e+00 1.320202020202020243e+01
1.455050505050504928e+00 1.223232323232323182e+01
1.303535353535353547e+00 1.150505050505050519e+01
1.366666666666666696e+00 1.223232323232323182e+01
1.568686868686868685e+00 1.312121212121212110e+01
1.442424242424242387e+00 1.263636363636363669e+01
1.354040404040404155e+00 1.223232323232323182e+01
1.518181818181818077e+00 1.368686868686868685e+01
1.795959595959595978e+00 1.409090909090909172e+01
1.568686868686868685e+00 1.328282828282828376e+01
1.316161616161616088e+00 1.198989898989898961e+01
1.417171717171717304e+00 1.223232323232323182e+01
1.404545454545454541e+00 1.223232323232323182e+01
1.518181818181818077e+00 1.279797979797979934e+01
1.391919191919192000e+00 1.198989898989898961e+01
1.581313131313131226e+00 1.328282828282828376e+01
1.480303030303030454e+00 1.255555555555555536e+01
1.518181818181818077e+00 1.279797979797979934e+01
1.467676767676767691e+00 1.255555555555555536e+01
1.568686868686868685e+00 1.352525252525252597e+01
1.328787878787878851e+00 1.198989898989898961e+01
1.505555555555555536e+00 1.247474747474747403e+01
1.404545454545454541e+00 1.271717171717171802e+01
1.568686868686868685e+00 1.312121212121212110e+01
1.505555555555555536e+00 1.271717171717171802e+01
1.530808080808080840e+00 1.271717171717171802e+01
1.467676767676767691e+00 1.336363636363636331e+01
1.341414141414141392e+00 1.271717171717171802e+01
1.303535353535353547e+00 1.182828282828282873e+01
1.543434343434343603e+00 1.312121212121212110e+01
1.543434343434343603e+00 1.304040404040404155e+01
1.290909090909091006e+00 1.158585858585858652e+01
1.530808080808080840e+00 1.352525252525252597e+01
1.467676767676767691e+00 1.263636363636363669e+01
1.429797979797979846e+00 1.231313131313131315e+01
1.455050505050504928e+00 1.312121212121212110e+01
1.455050505050504928e+00 1.223232323232323182e+01
1.619191919191919293e+00 1.392929292929293084e+01
1.707575757575757525e+00 1.376767676767676818e+01
1.303535353535353547e+00 1.150505050505050519e+01
1.480303030303030454e+00 1.304040404040404155e+01
1.417171717171717304e+00 1.215151515151515227e+01
1.417171717171717304e+00 1.223232323232323182e+01
1.391919191919192000e+00 1.198989898989898961e+01
1.492929292929292995e+00 1.312121212121212110e+01
1.505555555555555536e+00 1.263636363636363669e+01
1.568686868686868685e+00 1.328282828282828376e+01
1.492929292929292995e+00 1.328282828282828376e+01
1.278282828282828243e+00 1.158585858585858652e+01
1.455050505050504928e+00 1.328282828282828376e+01
1.568686868686868685e+00 1.368686868686868685e+01
1.442424242424242387e+00 1.295959595959596022e+01
1.581313131313131226e+00 1.328282828282828376e+01
1.316161616161616088e+00 1.190909090909091006e+01
1.518181818181818077e+00 1.295959595959596022e+01
1.467676767676767691e+00 1.255555555555555536e+01
1.429797979797979846e+00 1.255555555555555536e+01
1.429797979797979846e+00 1.207070707070707094e+01
1.366666666666666696e+00 1.239393939393939448e+01
1.543434343434343603e+00 1.320202020202020243e+01
1.404545454545454541e+00 1.231313131313131315e+01
1.442424242424242387e+00 1.215151515151515227e+01
1.467676767676767691e+00 1.215151515151515227e+01
1.417171717171717304e+00 1.231313131313131315e+01
1.455050505050504928e+00 1.328282828282828376e+01
1.492929292929292995e+00 1.287878787878787890e+01
1.455050505050504928e+00 1.263636363636363669e+01
1.442424242424242387e+00 1.271717171717171802e+01
1.505555555555555536e+00 1.263636363636363669e+01
1.366666666666666696e+00 1.279797979797979934e+01
1.455050505050504928e+00 1.255555555555555536e+01
1.379292929292929237e+00 1.263636363636363669e+01
1.379292929292929237e+00 1.255555555555555536e+01
1.593939393939393989e+00 1.336363636363636331e+01
1.341414141414141392e+00 1.198989898989898961e+01
1.404545454545454541e+00 1.223232323232323182e+01
1.669696969696969902e+00 1.401010101010101039e+01
1.177272727272727249e+00 1.102020202020202078e+01
1.518181818181818077e+00 1.287878787878787890e+01
1.442424242424242387e+00 1.255555555555555536e+01
1.429797979797979846e+00 1.247474747474747403e+01
1.455050505050504928e+00 1.279797979797979934e+01
1.492929292929292995e+00 1.279797979797979934e+01
1.328787878787878851e+00 1.174747474747474740e+01
1.290909090909091006e+00 1.166666666666666785e+01
1.442424242424242387e+00 1.304040404040404155e+01
1.568686868686868685e+00 1.312121212121212110e+01
1.354040404040404155e+00 1.198989898989898961e+01
1.581313131313131226e+00 1.312121212121212110e+01
1.391919191919192000e+00 1.279797979797979934e+01
1.492929292929292995e+00 1.271717171717171802e+01
1.455050505050504928e+00 1.223232323232323182e+01
1.354040404040404155e+00 1.287878787878787890e+01
1.543434343434343603e+00 1.279797979797979934e+01
1.391919191919192000e+00 1.223232323232323182e+01
1.530808080808080840e+00 1.304040404040404155e+01
1.442424242424242387e+00 1.352525252525252597e+01
1.492929292929292995e+00 1.287878787878787890e+01
1.429797979797979846e+00 1.198989898989898961e+01
1.442424242424242387e+00 1.247474747474747403e+01
1.455050505050504928e+00 1.215151515151515227e+01
1.429797979797979846e+00 1.223232323232323182e+01
1.492929292929292995e+00 1.360606060606060552e+01
1.467676767676767691e+00 1.287878787878787890e+01
1.593939393939393989e+00 1.304040404040404155e+01
1.669696969696969902e+00 1.409090909090909172e+01
1.556060606060606144e+00 1.304040404040404155e+01
1.467676767676767691e+00 1.271717171717171802e+01
1.303535353535353547e+00 1.198989898989898961e+01
1.467676767676767691e+00 1.328282828282828376e+01
1.442424242424242387e+00 1.304040404040404155e+01
1.480303030303030454e+00 1.215151515151515227e+01
1.455050505050504928e+00 1.247474747474747403e+01
1.290909090909091006e+00 1.134343434343434254e+01
1.581313131313131226e+00 1.360606060606060552e+01
1.543434343434343603e+00 1.392929292929293084e+01
1.530808080808080840e+00 1.263636363636363669e+01
1.404545454545454541e+00 1.231313131313131315e+01
1.505555555555555536e+00 1.287878787878787890e+01
1.366666666666666696e+00 1.215151515151515227e+01
1.404545454545454541e+00 1.239393939393939448e+01
1.404545454545454541e+00 1.231313131313131315e+01
1.480303030303030454e+00 1.247474747474747403e+01
1.366666666666666696e+00 1.174747474747474740e+01
1.492929292929292995e+00 1.263636363636363669e+01
1.492929292929292995e+00 1.295959595959596022e+01
1.467676767676767691e+00 1.279797979797979934e+01
1.556060606060606144e+00 1.312121212121212110e+01
1.606565656565656752e+00 1.312121212121212110e+01
1.391919191919192000e+00 1.223232323232323182e+01
1.505555555555555536e+00 1.287878787878787890e+01
1.707575757575757525e+00 1.481818181818181834e+01
1.581313131313131226e+00 1.344444444444444464e+01
1.480303030303030454e+00 1.271717171717171802e+01
1.328787878787878851e+00 1.255555555555555536e+01
1.455050505050504928e+00 1.263636363636363669e+01
1.518181818181818077e+00 1.231313131313131315e+01
1.505555555555555536e+00 1.312121212121212110e+01
1.644444444444444375e+00 1.376767676767676818e+01
1.518181818181818077e+00 1.304040404040404155e+01
1.543434343434343603e+00 1.304040404040404155e+01
1.417171717171717304e+00 1.271717171717171802e+01
1.492929292929292995e+00 1.304040404040404155e+01
1.442424242424242387e+00 1.312121212121212110e+01
1.404545454545454541e+00 1.239393939393939448e+01
1.455050505050504928e+00 1.231313131313131315e+01
1.290909090909091006e+00 1.223232323232323182e+01
1.593939393939393989e+00 1.392929292929293084e+01
1.455050505050504928e+00 1.271717171717171802e+01
1.379292929292929237e+00 1.207070707070707094e+01
1.467676767676767691e+00 1.247474747474747403e+01
1.568686868686868685e+00 1.328282828282828376e+01
1.290909090909091006e+00 1.166666666666666785e+01
1.429797979797979846e+00 1.198989898989898961e+01
1.492929292929292995e+00 1.287878787878787890e+01
1.404545454545454541e+00 1.182828282828282873e+01
1.530808080808080840e+00 1.320202020202020243e+01
1.467676767676767691e+00 1.231313131313131315e+01
1.404545454545454541e+00 1.239393939393939448e+01
1.492929292929292995e+00 1.312121212121212110e+01
1.657070707070707138e+00 1.441414141414141525e+01
1.530808080808080840e+00 1.271717171717171802e+01
1.543434343434343603e+00 1.271717171717171802e+01
1.543434343434343603e+00 1.279797979797979934e+01
1.581313131313131226e+00 1.352525252525252597e+01
1.518181818181818077e+00 1.368686868686868685e+01
1.379292929292929237e+00 1.223232323232323182e+01
1.455050505050504928e+00 1.215151515151515227e+01
1.518181818181818077e+00 1.279797979797979934e+01
1.593939393939393989e+00 1.336363636363636331e+01
1.568686868686868685e+00 1.328282828282828376e+01
1.341414141414141392e+00 1.247474747474747403e+01
1.341414141414141392e+00 1.207070707070707094e+01
1.657070707070707138e+00 1.360606060606060552e+01
1.467676767676767691e+00 1.312121212121212110e+01
1.391919191919192000e+00 1.263636363636363669e+01
1.505555555555555536e+00 1.287878787878787890e+01
1.568686868686868685e+00 1.320202020202020243e+01
1.467676767676767691e+00 1.239393939393939448e+01
1.404545454545454541e+00 1.304040404040404155e+01
1.417171717171717304e+00 1.215151515151515227e+01
1.518181818181818077e+00 1.287878787878787890e+01
1.505555555555555536e+00 1.304040404040404155e+01
1.455050505050504928e+00 1.223232323232323182e+01
1.530808080808080840e+00 1.271717171717171802e+01
1.480303030303030454e+00 1.271717171717171802e+01
1.530808080808080840e+00 1.279797979797979934e+01
1.884343434343434431e+00 1.465656565656565746e+01
1.644444444444444375e+00 1.384848484848484773e+01
1.391919191919192000e+00 1.231313131313131315e+01
1.543434343434343603e+00 1.279797979797979934e+01
1.467676767676767691e+00 1.239393939393939448e+01
1.518181818181818077e+00 1.352525252525252597e+01
1.442424242424242387e+00 1.215151515151515227e+01
1.417171717171717304e+00 1.279797979797979934e+01
1.480303030303030454e+00 1.247474747474747403e+01
1.391919191919192000e+00 1.287878787878787890e+01
1.543434343434343603e+00 1.328282828282828376e+01
1.404545454545454541e+00 1.255555555555555536e+01
1.455050505050504928e+00 1.231313131313131315e+01
1.530808080808080840e+00 1.328282828282828376e+01
1.391919191919192000e+00 1.231313131313131315e+01
1.808585858585858741e+00 1.376767676767676818e+01
1.467676767676767691e+00 1.304040404040404155e+01
1.366666666666666696e+00 1.215151515151515227e+01
1.492929292929292995e+00 1.304040404040404155e+01
1.379292929292929237e+00 1.215151515151515227e+01
1.467676767676767691e+00 1.239393939393939448e+01
1.568686868686868685e+00 1.360606060606060552e+01
1.379292929292929237e+00 1.255555555555555536e+01
1.960101010101010122e+00 1.554545454545454675e+01
1.404545454545454541e+00 1.207070707070707094e+01
1.391919191919192000e+00 1.198989898989898961e+01
1.429797979797979846e+00 1.271717171717171802e+01
1.455050505050504928e+00 1.271717171717171802e+01
1.467676767676767691e+00 1.247474747474747403e+01
1.404545454545454541e+00 1.198989898989898961e+01
1.467676767676767691e+00 1.328282828282828376e+01
1.505555555555555536e+00 1.328282828282828376e+01
1.467676767676767691e+00 1.271717171717171802e+01
1.429797979797979846e+00 1.271717171717171802e+01
1.455050505050504928e+00 1.231313131313131315e+01
1.467676767676767691e+00 1.255555555555555536e+01
1.530808080808080840e+00 1.271717171717171802e+01
1.379292929292929237e+00 1.182828282828282873e+01
1.568686868686868685e+00 1.304040404040404155e+01
1.417171717171717304e+00 1.207070707070707094e+01
1.480303030303030454e+00 1.312121212121212110e+01
1.354040404040404155e+00 1.215151515151515227e+01
1.568686868686868685e+00 1.344444444444444464e+01
1.518181818181818077e+00 1.247474747474747403e+01
1.391919191919192000e+00 1.223232323232323182e+01
1.404545454545454541e+00 1.215151515151515227e+01
1.467676767676767691e+00 1.247474747474747403e+01
1.480303030303030454e+00 1.279797979797979934e+01
1.429797979797979846e+00 1.287878787878787890e+01
1.480303030303030454e+00 1.247474747474747403e+01
1.467676767676767691e+00 1.255555555555555536e+01
1.480303030303030454e+00 1.328282828282828376e+01
1.480303030303030454e+00 1.312121212121212110e+01
1.429797979797979846e+00 1.287878787878787890e+01
1.366666666666666696e+00 1.190909090909091006e+01
1.391919191919192000e+00 1.263636363636363669e+01
1.366666666666666696e+00 1.198989898989898961e+01
1.581313131313131226e+00 1.352525252525252597e+01
1.290909090909091006e+00 1.110101010101010033e+01
1.379292929292929237e+00 1.239393939393939448e+01
1.442424242424242387e+00 1.279797979797979934e+01
1.556060606060606144e+00 1.304040404040404155e+01
1.354040404040404155e+00 1.182828282828282873e+01
1.581313131313131226e+00 1.473737373737373701e+01
1.316161616161616088e+00 1.182828282828282873e+01
1.518181818181818077e+00 1.255555555555555536e+01
1.442424242424242387e+00 1.255555555555555536e+01
1.505555555555555536e+00 1.263636363636363669e+01
1.404545454545454541e+00 1.279797979797979934e+01
1.492929292929292995e+00 1.247474747474747403e+01
1.480303030303030454e+00 1.255555555555555536e+01
1.505555555555555536e+00 1.271717171717171802e+01
1.467676767676767691e+00 1.263636363636363669e+01
1.467676767676767691e+00 1.271717171717171802e+01
1.556060606060606144e+00 1.328282828282828376e+01
1.492929292929292995e+00 1.312121212121212110e+01
1.265656565656565702e+00 1.174747474747474740e+01
1.328787878787878851e+00 1.207070707070707094e+01
1.404545454545454541e+00 1.215151515151515227e+01
1.404545454545454541e+00 1.223232323232323182e+01
1.518181818181818077e+00 1.384848484848484773e+01
1.442424242424242387e+00 1.247474747474747403e+01
1.492929292929292995e+00 1.279797979797979934e+01
1.543434343434343603e+00 1.312121212121212110e+01
1.455050505050504928e+00 1.295959595959596022e+01
1.429797979797979846e+00 1.287878787878787890e+01
1.417171717171717304e+00 1.271717171717171802e+01
1.669696969696969902e+00 1.344444444444444464e+01
1.455050505050504928e+00 1.223232323232323182e+01
1.467676767676767691e+00 1.287878787878787890e+01
1.391919191919192000e+00 1.271717171717171802e+01
1.581313131313131226e+00 1.352525252525252597e+01
1.354040404040404155e+00 1.198989898989898961e+01
1.417171717171717304e+00 1.231313131313131315e+01
1.530808080808080840e+00 1.320202020202020243e+01
1.354040404040404155e+00 1.255555555555555536e+01
1.568686868686868685e+00 1.368686868686868685e+01
1.492929292929292995e+00 1.247474747474747403e+01
1.429797979797979846e+00 1.255555555555555536e+01
1.442424242424242387e+00 1.312121212121212110e+01
1.568686868686868685e+00 1.336363636363636331e+01
1.366666666666666696e+00 1.239393939393939448e+01
1.391919191919192000e+00 1.247474747474747403e+01
1.644444444444444375e+00 1.344444444444444464e+01
1.492929292929292995e+00 1.295959595959596022e+01
1.328787878787878851e+00 1.198989898989898961e+01
1.455050505050504928e+00 1.279797979797979934e+01
1.593939393939393989e+00 1.376767676767676818e+01
1.417171717171717304e+00 1.223232323232323182e+01
1.518181818181818077e+00 1.295959595959596022e+01
1.379292929292929237e+00 1.190909090909091006e+01
1.455050505050504928e+00 1.215151515151515227e+01
1.581313131313131226e+00 1.336363636363636331e+01
1.455050505050504928e+00 1.295959595959596022e+01
1.505555555555555536e+00 1.255555555555555536e+01
1.467676767676767691e+00 1.223232323232323182e+01
1.505555555555555536e+00 1.409090909090909172e+01
1.694949494949494984e+00 1.425252525252525260e+01
1.682323232323232443e+00 1.433333333333333393e+01
1.442424242424242387e+00 1.182828282828282873e+01
1.455050505050504928e+00 1.279797979797979934e+01
1.606565656565656752e+00 1.352525252525252597e+01
1.530808080808080840e+00 1.295959595959596022e+01
1.581313131313131226e+00 1.352525252525252597e+01
1.455050505050504928e+00 1.239393939393939448e+01
1.442424242424242387e+00 1.255555555555555536e+01
1.354040404040404155e+00 1.207070707070707094e+01
1.480303030303030454e+00 1.263636363636363669e+01
1.480303030303030454e+00 1.271717171717171802e+01
1.644444444444444375e+00 1.320202020202020243e+01
1.341414141414141392e+00 1.215151515151515227e+01
1.530808080808080840e+00 1.304040404040404155e+01
1.505555555555555536e+00 1.376767676767676818e+01
1.391919191919192000e+00 1.166666666666666785e+01
1.391919191919192000e+00 1.215151515151515227e+01
1.303535353535353547e+00 1.247474747474747403e+01
1.417171717171717304e+00 1.287878787878787890e+01
1.492929292929292995e+00 1.287878787878787890e+01
1.568686868686868685e+00 1.376767676767676818e+01
1.505555555555555536e+00 1.271717171717171802e+01
1.404545454545454541e+00 1.150505050505050519e+01
1.568686868686868685e+00 1.320202020202020243e+01
1.593939393939393989e+00 1.344444444444444464e+01
1.505555555555555536e+00 1.320202020202020243e+01
1.404545454545454541e+00 1.231313131313131315e+01
1.429797979797979846e+00 1.231313131313131315e+01
1.467676767676767691e+00 1.255555555555555536e+01
1.543434343434343603e+00 1.320202020202020243e+01
1.290909090909091006e+00 1.231313131313131315e+01
1.379292929292929237e+00 1.182828282828282873e+01
1.366666666666666696e+00 1.231313131313131315e+01
1.429797979797979846e+00 1.271717171717171802e+01
1.417171717171717304e+00 1.182828282828282873e+01
1.404545454545454541e+00 1.231313131313131315e+01
1.480303030303030454e+00 1.279797979797979934e+01
1.404545454545454541e+00 1.215151515151515227e+01
1.455050505050504928e+00 1.263636363636363669e+01
1.455050505050504928e+00 1.263636363636363669e+01
1.480303030303030454e+00 1.295959595959596022e+01
1.543434343434343603e+00 1.344444444444444464e+01
1.518181818181818077e+00 1.263636363636363669e+01
1.467676767676767691e+00 1.304040404040404155e+01
1.429797979797979846e+00 1.312121212121212110e+01
1.455050505050504928e+00 1.312121212121212110e+01
1.492929292929292995e+00 1.295959595959596022e+01
1.543434343434343603e+00 1.295959595959596022e+01
1.429797979797979846e+00 1.239393939393939448e+01
1.467676767676767691e+00 1.368686868686868685e+01
1.505555555555555536e+00 1.295959595959596022e+01
1.694949494949494984e+00 1.433333333333333393e+01
1.391919191919192000e+00 1.263636363636363669e+01
1.480303030303030454e+00 1.247474747474747403e+01
1.745454545454545592e+00 1.392929292929293084e+01
1.568686868686868685e+00 1.344444444444444464e+01
1.505555555555555536e+00 1.328282828282828376e+01
1.442424242424242387e+00 1.198989898989898961e+01
1.442424242424242387e+00 1.247474747474747403e+01
1.429797979797979846e+00 1.295959595959596022e+01
1.492929292929292995e+00 1.263636363636363669e+01
1.530808080808080840e+00 1.295959595959596022e+01
1.442424242424242387e+00 1.231313131313131315e+01
1.492929292929292995e+00 1.279797979797979934e+01
1.429797979797979846e+00 1.239393939393939448e+01
1.442424242424242387e+00 1.247474747474747403e+01
1.404545454545454541e+00 1.223232323232323182e+01
1.518181818181818077e+00 1.263636363636363669e+01
1.455050505050504928e+00 1.231313131313131315e+01
1.593939393939393989e+00 1.352525252525252597e+01
1.492929292929292995e+00 1.295959595959596022e+01
1.505555555555555536e+00 1.295959595959596022e+01
1.455050505050504928e+00 1.255555555555555536e+01
1.644444444444444375e+00 1.312121212121212110e+01
1.366666666666666696e+00 1.215151515151515227e+01
1.505555555555555536e+00 1.271717171717171802e+01
1.391919191919192000e+00 1.304040404040404155e+01
1.568686868686868685e+00 1.368686868686868685e+01
1.745454545454545592e+00 1.401010101010101039e+01
1.619191919191919293e+00 1.336363636363636331e+01
1.442424242424242387e+00 1.295959595959596022e+01
1.417171717171717304e+00 1.328282828282828376e+01
1.467676767676767691e+00 1.239393939393939448e+01
1.505555555555555536e+00 1.287878787878787890e+01
1.429797979797979846e+00 1.295959595959596022e+01
1.379292929292929237e+00 1.223232323232323182e+01
1.505555555555555536e+00 1.368686868686868685e+01
1.366666666666666696e+00 1.223232323232323182e+01
1.442424242424242387e+00 1.263636363636363669e+01
1.366666666666666696e+00 1.182828282828282873e+01
1.366666666666666696e+00 1.182828282828282873e+01
1.543434343434343603e+00 1.271717171717171802e+01
1.455050505050504928e+00 1.287878787878787890e+01
1.543434343434343603e+00 1.320202020202020243e+01
1.593939393939393989e+00 1.336363636363636331e+01
1.505555555555555536e+00 1.312121212121212110e+01
1.530808080808080840e+00 1.295959595959596022e+01
1.581313131313131226e+00 1.312121212121212110e+01
1.505555555555555536e+00 1.287878787878787890e+01
1.417171717171717304e+00 1.287878787878787890e+01
1.442424242424242387e+00 1.295959595959596022e+01
1.455050505050504928e+00 1.320202020202020243e+01
1.379292929292929237e+00 1.279797979797979934e+01
1.694949494949494984e+00 1.384848484848484773e+01
1.341414141414141392e+00 1.239393939393939448e+01
1.581313131313131226e+00 1.376767676767676818e+01
1.379292929292929237e+00 1.247474747474747403e+01
1.341414141414141392e+00 1.231313131313131315e+01
1.366666666666666696e+00 1.182828282828282873e+01
1.732828282828282829e+00 1.433333333333333393e+01
1.455050505050504928e+00 1.320202020202020243e+01
1.568686868686868685e+00 1.336363636363636331e+01
1.442424242424242387e+00 1.198989898989898961e+01
1.593939393939393989e+00 1.336363636363636331e+01
1.455050505050504928e+00 1.320202020202020243e+01
1.480303030303030454e+00 1.287878787878787890e+01
1.530808080808080840e+00 1.328282828282828376e+01
1.505555555555555536e+00 1.263636363636363669e+01
1.518181818181818077e+00 1.328282828282828376e+01
1.328787878787878851e+00 1.247474747474747403e+01
1.467676767676767691e+00 1.295959595959596022e+01
1.568686868686868685e+00 1.344444444444444464e+01
1.530808080808080840e+00 1.271717171717171802e+01
1.593939393939393989e+00 1.368686868686868685e+01
1.480303030303030454e+00 1.263636363636363669e+01
1.556060606060606144e+00 1.336363636363636331e+01
1.492929292929292995e+00 1.320202020202020243e+01
1.505555555555555536e+00 1.287878787878787890e+01
1.417171717171717304e+00 1.279797979797979934e+01
1.404545454545454541e+00 1.271717171717171802e+01
1.480303030303030454e+00 1.320202020202020243e+01
1.480303030303030454e+00 1.287878787878787890e+01
1.518181818181818077e+00 1.279797979797979934e+01
1.366666666666666696e+00 1.198989898989898961e+01
1.455050505050504928e+00 1.263636363636363669e+01
1.379292929292929237e+00 1.223232323232323182e+01
1.328787878787878851e+00 1.215151515151515227e+01
1.581313131313131226e+00 1.312121212121212110e+01
1.492929292929292995e+00 1.312121212121212110e+01
1.492929292929292995e+00 1.263636363636363669e+01
1.417171717171717304e+00 1.271717171717171802e+01
1.492929292929292995e+00 1.312121212121212110e+01
1.593939393939393989e+00 1.352525252525252597e+01
1.530808080808080840e+00 1.279797979797979934e+01
1.871717171717171890e+00 1.489898989898989967e+01
1.480303030303030454e+00 1.239393939393939448e+01
1.556060606060606144e+00 1.271717171717171802e+01
1.480303030303030454e+00 1.271717171717171802e+01
1.530808080808080840e+00 1.312121212121212110e+01
1.492929292929292995e+00 1.271717171717171802e+01
1.404545454545454541e+00 1.271717171717171802e+01
1.619191919191919293e+00 1.336363636363636331e+01
1.505555555555555536e+00 1.247474747474747403e+01
1.467676767676767691e+00 1.247474747474747403e+01
1.404545454545454541e+00 1.207070707070707094e+01
1.568686868686868685e+00 1.344444444444444464e+01
1.328787878787878851e+00 1.174747474747474740e+01
1.442424242424242387e+00 1.215151515151515227e+01
1.366666666666666696e+00 1.215151515151515227e+01
1.442424242424242387e+00 1.239393939393939448e+01
1.455050505050504928e+00 1.312121212121212110e+01
1.480303030303030454e+00 1.255555555555555536e+01
1.556060606060606144e+00 1.304040404040404155e+01
1.480303030303030454e+00 1.271717171717171802e+01
1.543434343434343603e+00 1.344444444444444464e+01
1.429797979797979846e+00 1.247474747474747403e+01
1.455050505050504928e+00 1.271717171717171802e+01
1.568686868686868685e+00 1.304040404040404155e+01
1.467676767676767691e+00 1.295959595959596022e+01
1.593939393939393989e+00 1.401010101010101039e+01
1.505555555555555536e+00 1.344444444444444464e+01
1.568686868686868685e+00 1.344444444444444464e+01
1.846464646464646364e+00 1.465656565656565746e+01
1.417171717171717304e+00 1.263636363636363669e+01
1.543434343434343603e+00 1.304040404040404155e+01
1.568686868686868685e+00 1.336363636363636331e+01
1.391919191919192000e+00 1.376767676767676818e+01
1.354040404040404155e+00 1.198989898989898961e+01
1.442424242424242387e+00 1.320202020202020243e+01
1.391919191919192000e+00 1.215151515151515227e+01
1.556060606060606144e+00 1.368686868686868685e+01
1.543434343434343603e+00 1.295959595959596022e+01
1.467676767676767691e+00 1.223232323232323182e+01
1.417171717171717304e+00 1.271717171717171802e+01
1.530808080808080840e+00 1.328282828282828376e+01
1.922222222222222276e+00 1.481818181818181834e+01
1.480303030303030454e+00 1.239393939393939448e+01
1.429797979797979846e+00 1.231313131313131315e+01
1.505555555555555536e+00 1.255555555555555536e+01
1.543434343434343603e+00 1.263636363636363669e+01
1.518181818181818077e+00 1.263636363636363669e+01
1.997979797979797967e+00 1.554545454545454675e+01
1.518181818181818077e+00 1.320202020202020243e+01
1.492929292929292995e+00 1.263636363636363669e+01
1.316161616161616088e+00 1.174747474747474740e+01
1.442424242424242387e+00 1.271717171717171802e+01
1.391919191919192000e+00 1.231313131313131315e+01
1.391919191919192000e+00 1.215151515151515227e+01
1.505555555555555536e+00 1.263636363636363669e+01
1.480303030303030454e+00 1.231313131313131315e+01
1.556060606060606144e+00 1.465656565656565746e+01
1.429797979797979846e+00 1.207070707070707094e+01
1.429797979797979846e+00 1.263636363636363669e+01
1.543434343434343603e+00 1.344444444444444464e+01
1.366666666666666696e+00 1.287878787878787890e+01
1.391919191919192000e+00 1.231313131313131315e+01
1.543434343434343603e+00 1.336363636363636331e+01
1.455050505050504928e+00 1.255555555555555536e+01
1.480303030303030454e+00 1.304040404040404155e+01
1.657070707070707138e+00 1.344444444444444464e+01
1.455050505050504928e+00 1.271717171717171802e+01
1.619191919191919293e+00 1.409090909090909172e+01
1.379292929292929237e+00 1.239393939393939448e+01
1.518181818181818077e+00 1.328282828282828376e+01
1.442424242424242387e+00 1.320202020202020243e+01
1.694949494949494984e+00 1.457575757575757613e+01
1.518181818181818077e+00 1.368686868686868685e+01
1.429797979797979846e+00 1.223232323232323182e+01
1.429797979797979846e+00 1.239393939393939448e+01
1.518181818181818077e+00 1.255555555555555536e+01
1.480303030303030454e+00 1.247474747474747403e+01
1.480303030303030454e+00 1.263636363636363669e+01
1.429797979797979846e+00 1.279797979797979934e+01
1.480303030303030454e+00 1.255555555555555536e+01
1.505555555555555536e+00 1.263636363636363669e+01
1.606565656565656752e+00 1.320202020202020243e+01
1.770707070707070674e+00 1.360606060606060552e+01
1.606565656565656752e+00 1.384848484848484773e+01
1.404545454545454541e+00 1.279797979797979934e+01
1.480303030303030454e+00 1.328282828282828376e+01
1.404545454545454541e+00 1.223232323232323182e+01
1.379292929292929237e+00 1.263636363636363669e+01
1.518181818181818077e+00 1.304040404040404155e+01
1.631818181818181834e+00 1.425252525252525260e+01
1.568686868686868685e+00 1.320202020202020243e+01
1.417171717171717304e+00 1.207070707070707094e+01
1.518181818181818077e+00 1.352525252525252597e+01
1.492929292929292995e+00 1.352525252525252597e+01
1.429797979797979846e+00 1.247474747474747403e+01
1.543434343434343603e+00 1.352525252525252597e+01
1.417171717171717304e+00 1.215151515151515227e+01
1.366666666666666696e+00 1.255555555555555536e+01
1.391919191919192000e+00 1.223232323232323182e+01
1.442424242424242387e+00 1.320202020202020243e+01
1.530808080808080840e+00 1.287878787878787890e+01
1.404545454545454541e+00 1.223232323232323182e+01
1.492929292929292995e+00 1.247474747474747403e+01
1.467676767676767691e+00 1.223232323232323182e+01
1.366666666666666696e+00 1.190909090909091006e+01
1.417171717171717304e+00 1.198989898989898961e+01
1.530808080808080840e+00 1.287878787878787890e+01
1.417171717171717304e+00 1.344444444444444464e+01
1.631818181818181834e+00 1.360606060606060552e+01
1.417171717171717304e+00 1.198989898989898961e+01
1.404545454545454541e+00 1.279797979797979934e+01
1.316161616161616088e+00 1.207070707070707094e+01
1.442424242424242387e+00 1.263636363636363669e+01
1.505555555555555536e+00 1.271717171717171802e+01
1.556060606060606144e+00 1.295959595959596022e+01
1.657070707070707138e+00 1.344444444444444464e+01
1.442424242424242387e+00 1.215151515151515227e+01
1.417171717171717304e+00 1.182828282828282873e+01
1.518181818181818077e+00 1.328282828282828376e+01
1.429797979797979846e+00 1.271717171717171802e+01
1.530808080808080840e+00 1.304040404040404155e+01
1.631818181818181834e+00 1.304040404040404155e+01
1.379292929292929237e+00 1.190909090909091006e+01
1.467676767676767691e+00 1.223232323232323182e+01
1.543434343434343603e+00 1.312121212121212110e+01
1.417171717171717304e+00 1.239393939393939448e+01
1.391919191919192000e+00 1.255555555555555536e+01
1.404545454545454541e+00 1.247474747474747403e+01
1.480303030303030454e+00 1.328282828282828376e+01
1.391919191919192000e+00 1.198989898989898961e+01
1.366666666666666696e+00 1.231313131313131315e+01
1.530808080808080840e+00 1.312121212121212110e+01
1.467676767676767691e+00 1.279797979797979934e+01
1.530808080808080840e+00 1.279797979797979934e+01
1.379292929292929237e+00 1.198989898989898961e+01
1.429797979797979846e+00 1.271717171717171802e+01
1.341414141414141392e+00 1.247474747474747403e+01
1.492929292929292995e+00 1.255555555555555536e+01
1.505555555555555536e+00 1.287878787878787890e+01
1.442424242424242387e+00 1.239393939393939448e+01
1.391919191919192000e+00 1.320202020202020243e+01
1.568686868686868685e+00 1.368686868686868685e+01
1.417171717171717304e+00 1.198989898989898961e+01
1.429797979797979846e+00 1.271717171717171802e+01
1.467676767676767691e+00 1.287878787878787890e+01
1.429797979797979846e+00 1.295959595959596022e+01
1.455050505050504928e+00 1.239393939393939448e+01
1.581313131313131226e+00 1.336363636363636331e+01
1.404545454545454541e+00 1.239393939393939448e+01
1.442424242424242387e+00 1.287878787878787890e+01
1.530808080808080840e+00 1.352525252525252597e+01
1.429797979797979846e+00 1.247474747474747403e+01
1.404545454545454541e+00 1.207070707070707094e+01
1.593939393939393989e+00 1.392929292929293084e+01
1.455050505050504928e+00 1.279797979797979934e+01
1.505555555555555536e+00 1.263636363636363669e+01
1.379292929292929237e+00 1.190909090909091006e+01
1.417171717171717304e+00 1.239393939393939448e+01
1.518181818181818077e+00 1.295959595959596022e+01
1.341414141414141392e+00 1.271717171717171802e+01
1.568686868686868685e+00 1.336363636363636331e+01
1.455050505050504928e+00 1.279797979797979934e+01
1.328787878787878851e+00 1.215151515151515227e+01
1.505555555555555536e+00 1.263636363636363669e+01
1.480303030303030454e+00 1.223232323232323182e+01
1.442424242424242387e+00 1.279797979797979934e+01
1.619191919191919293e+00 1.352525252525252597e+01
1.480303030303030454e+00 1.255555555555555536e+01
1.556060606060606144e+00 1.336363636363636331e+01
1.429797979797979846e+00 1.239393939393939448e+01
1.215151515151515094e+00 1.126262626262626299e+01
1.429797979797979846e+00 1.215151515151515227e+01
1.480303030303030454e+00 1.247474747474747403e+01
1.404545454545454541e+00 1.255555555555555536e+01
1.417171717171717304e+00 1.198989898989898961e+01
1.492929292929292995e+00 1.295959595959596022e+01
1.543434343434343603e+00 1.352525252525252597e+01
1.543434343434343603e+00 1.312121212121212110e+01
1.480303030303030454e+00 1.247474747474747403e+01
1.328787878787878851e+00 1.190909090909091006e+01
1.303535353535353547e+00 1.231313131313131315e+01
1.568686868686868685e+00 1.336363636363636331e+01
1.543434343434343603e+00 1.481818181818181834e+01
1.404545454545454541e+00 1.215151515151515227e+01
1.543434343434343603e+00 1.320202020202020243e+01
1.429797979797979846e+00 1.207070707070707094e+01
1.417171717171717304e+00 1.247474747474747403e+01
1.543434343434343603e+00 1.279797979797979934e+01
1.492929292929292995e+00 1.295959595959596022e+01
1.429797979797979846e+00 1.263636363636363669e+01
1.429797979797979846e+00 1.207070707070707094e+01
1.429797979797979846e+00 1.255555555555555536e+01
1.442424242424242387e+00 1.279797979797979934e+01
1.467676767676767691e+00 1.231313131313131315e+01
1.417171717171717304e+00 1.247474747474747403e+01
1.429797979797979846e+00 1.190909090909091006e+01
1.455050505050504928e+00 1.198989898989898961e+01
1.568686868686868685e+00 1.304040404040404155e+01
1.530808080808080840e+00 1.271717171717171802e+01
1.354040404040404155e+00 1.215151515151515227e+01
1.429797979797979846e+00 1.287878787878787890e+01
1.644444444444444375e+00 1.376767676767676818e+01
1.455050505050504928e+00 1.207070707070707094e+01
1.657070707070707138e+00 1.457575757575757613e+01
1.467676767676767691e+00 1.344444444444444464e+01
1.505555555555555536e+00 1.279797979797979934e+01
1.442424242424242387e+00 1.207070707070707094e+01
1.833838383838383823e+00 1.433333333333333393e+01
1.442424242424242387e+00 1.287878787878787890e+01
1.556060606060606144e+00 1.320202020202020243e+01
1.455050505050504928e+00 1.207070707070707094e+01
1.455050505050504928e+00 1.304040404040404155e+01
1.530808080808080840e+00 1.287878787878787890e+01
1.366666666666666696e+00 1.255555555555555536e+01
1.480303030303030454e+00 1.247474747474747403e+01
1.505555555555555536e+00 1.287878787878787890e+01
1.568686868686868685e+00 1.360606060606060552e+01
1.480303030303030454e+00 1.255555555555555536e+01
1.442424242424242387e+00 1.304040404040404155e+01
1.518181818181818077e+00 1.328282828282828376e+01
1.657070707070707138e+00 1.328282828282828376e+01
1.379292929292929237e+00 1.239393939393939448e+01
1.960101010101010122e+00 1.506060606060606233e+01
1.429797979797979846e+00 1.263636363636363669e+01
1.316161616161616088e+00 1.174747474747474740e+01
1.366666666666666696e+00 1.287878787878787890e+01
1.492929292929292995e+00 1.271717171717171802e+01
1.568686868686868685e+00 1.368686868686868685e+01
1.417171717171717304e+00 1.279797979797979934e+01
1.455050505050504928e+00 1.255555555555555536e+01
1.492929292929292995e+00 1.247474747474747403e+01
1.442424242424242387e+00 1.231313131313131315e+01
1.366666666666666696e+00 1.198989898989898961e+01
1.442424242424242387e+00 1.312121212121212110e+01
1.391919191919192000e+00 1.279797979797979934e+01
1.391919191919192000e+00 1.271717171717171802e+01
1.442424242424242387e+00 1.344444444444444464e+01
1.480303030303030454e+00 1.247474747474747403e+01
1.568686868686868685e+00 1.304040404040404155e+01
1.518181818181818077e+00 1.295959595959596022e+01
1.442424242424242387e+00 1.223232323232323182e+01
1.455050505050504928e+00 1.304040404040404155e+01
1.391919191919192000e+00 1.174747474747474740e+01
1.530808080808080840e+00 1.312121212121212110e+01
1.366666666666666696e+00 1.198989898989898961e+01
1.391919191919192000e+00 1.207070707070707094e+01
1.480303030303030454e+00 1.247474747474747403e+01
1.366666666666666696e+00 1.174747474747474740e+01
1.467676767676767691e+00 1.207070707070707094e+01
1.379292929292929237e+00 1.279797979797979934e+01
1.379292929292929237e+00 1.231313131313131315e+01
1.455050505050504928e+00 1.352525252525252597e+01
1.593939393939393989e+00 1.336363636363636331e+01
1.455050505050504928e+00 1.198989898989898961e+01
1.442424242424242387e+00 1.279797979797979934e+01
1.480303030303030454e+00 1.263636363636363669e+01
1.492929292929292995e+00 1.239393939393939448e+01
1.505555555555555536e+00 1.247474747474747403e+01
1.404545454545454541e+00 1.247474747474747403e+01
1.657070707070707138e+00 1.352525252525252597e+01
1.581313131313131226e+00 1.392929292929293084e+01
1.896969696969696972e+00 1.522222222222222143e+01
1.467676767676767691e+00 1.279797979797979934e+01
1.429797979797979846e+00 1.174747474747474740e+01
1.480303030303030454e+00 1.263636363636363669e+01
1.455050505050504928e+00 1.271717171717171802e+01
1.404545454545454541e+00 1.223232323232323182e+01
1.492929292929292995e+00 1.263636363636363669e+01
1.417171717171717304e+00 1.263636363636363669e+01
1.429797979797979846e+00 1.231313131313131315e+01
1.328787878787878851e+00 1.223232323232323182e+01
1.442424242424242387e+00 1.215151515151515227e+01
1.644444444444444375e+00 1.392929292929293084e+01
1.492929292929292995e+00 1.263636363636363669e+01
1.341414141414141392e+00 1.174747474747474740e+01
1.417171717171717304e+00 1.263636363636363669e+01
1.366666666666666696e+00 1.198989898989898961e+01
1.455050505050504928e+00 1.279797979797979934e+01
1.530808080808080840e+00 1.295959595959596022e+01
1.568686868686868685e+00 1.344444444444444464e+01
1.505555555555555536e+00 1.255555555555555536e+01
1.328787878787878851e+00 1.239393939393939448e+01
1.505555555555555536e+00 1.312121212121212110e+01
1.530808080808080840e+00 1.263636363636363669e+01
1.328787878787878851e+00 1.190909090909091006e+01
1.556060606060606144e+00 1.320202020202020243e+01
1.265656565656565702e+00 1.198989898989898961e+01
1.593939393939393989e+00 1.392929292929293084e+01
1.568686868686868685e+00 1.360606060606060552e+01
1.303535353535353547e+00 1.142424242424242387e+01
1.568686868686868685e+00 1.352525252525252597e+01
1.492929292929292995e+00 1.263636363636363669e+01
1.429797979797979846e+00 1.239393939393939448e+01
1.391919191919192000e+00 1.231313131313131315e+01
1.391919191919192000e+00 1.271717171717171802e+01
1.442424242424242387e+00 1.231313131313131315e+01
1.290909090909091006e+00 1.134343434343434254e+01
1.429797979797979846e+00 1.279797979797979934e+01
1.429797979797979846e+00 1.295959595959596022e+01
1.366666666666666696e+00 1.247474747474747403e+01
1.303535353535353547e+00 1.182828282828282873e+01
1.442424242424242387e+00 1.287878787878787890e+01
1.455050505050504928e+00 1.247474747474747403e+01
1.530808080808080840e+00 1.304040404040404155e+01
1.556060606060606144e+00 1.328282828282828376e+01
1.341414141414141392e+00 1.198989898989898961e+01
1.467676767676767691e+00 1.336363636363636331e+01
1.404545454545454541e+00 1.207070707070707094e+01
1.492929292929292995e+00 1.247474747474747403e+01
1.366666666666666696e+00 1.239393939393939448e+01
1.505555555555555536e+00 1.271717171717171802e+01
1.202525252525252553e+00 1.061616161616161591e+01
1.530808080808080840e+00 1.287878787878787890e+01
1.492929292929292995e+00 1.320202020202020243e+01
1.316161616161616088e+00 1.166666666666666785e+01
1.480303030303030454e+00 1.231313131313131315e+01
1.404545454545454541e+00 1.271717171717171802e+01
1.391919191919192000e+00 1.182828282828282873e+01
1.215151515151515094e+00 1.198989898989898961e+01
1.379292929292929237e+00 1.223232323232323182e+01
1.316161616161616088e+00 1.166666666666666785e+01
1.429797979797979846e+00 1.279797979797979934e+01
1.619191919191919293e+00 1.320202020202020243e+01
1.379292929292929237e+00 1.239393939393939448e+01
1.379292929292929237e+00 1.255555555555555536e+01
1.492929292929292995e+00 1.255555555555555536e+01
1.467676767676767691e+00 1.287878787878787890e+01
1.379292929292929237e+00 1.231313131313131315e+01
1.480303030303030454e+00 1.344444444444444464e+01
1.417171717171717304e+00 1.182828282828282873e+01
1.467676767676767691e+00 1.190909090909091006e+01
1.568686868686868685e+00 1.336363636363636331e+01
1.467676767676767691e+00 1.271717171717171802e+01
1.366666666666666696e+00 1.198989898989898961e+01
1.417171717171717304e+00 1.279797979797979934e+01
1.492929292929292995e+00 1.271717171717171802e+01
1.593939393939393989e+00 1.336363636363636331e+01
1.568686868686868685e+00 1.336363636363636331e+01
1.467676767676767691e+00 1.271717171717171802e+01
1.543434343434343603e+00 1.312121212121212110e+01
1.265656565656565702e+00 1.085858585858585812e+01
1.379292929292929237e+00 1.215151515151515227e+01
1.429797979797979846e+00 1.247474747474747403e+01
1.455050505050504928e+00 1.223232323232323182e+01
1.442424242424242387e+00 1.231313131313131315e+01
1.530808080808080840e+00 1.279797979797979934e+01
1.417171717171717304e+00 1.223232323232323182e+01
1.391919191919192000e+00 1.255555555555555536e+01
1.417171717171717304e+00 1.223232323232323182e+01
1.530808080808080840e+00 1.271717171717171802e+01
1.429797979797979846e+00 1.190909090909091006e+01
1.417171717171717304e+00 1.239393939393939448e+01
1.429797979797979846e+00 1.295959595959596022e+01
1.442424242424242387e+00 1.231313131313131315e+01
1.429797979797979846e+00 1.215151515151515227e+01
1.492929292929292995e+00 1.295959595959596022e+01
1.455050505050504928e+00 1.263636363636363669e+01
1.480303030303030454e+00 1.279797979797979934e+01
1.568686868686868685e+00 1.271717171717171802e+01
1.530808080808080840e+00 1.263636363636363669e+01
1.682323232323232443e+00 1.384848484848484773e+01
1.404545454545454541e+00 1.271717171717171802e+01
1.404545454545454541e+00 1.247474747474747403e+01
1.480303030303030454e+00 1.271717171717171802e+01
1.518181818181818077e+00 1.279797979797979934e+01
1.480303030303030454e+00 1.247474747474747403e+01
1.530808080808080840e+00 1.271717171717171802e+01
1.657070707070707138e+00 1.376767676767676818e+01
1.492929292929292995e+00 1.320202020202020243e+01
1.530808080808080840e+00 1.328282828282828376e+01
1.581313131313131226e+00 1.312121212121212110e+01
1.455050505050504928e+00 1.295959595959596022e+01
1.505555555555555536e+00 1.295959595959596022e+01
1.593939393939393989e+00 1.360606060606060552e+01
1.328787878787878851e+00 1.182828282828282873e+01
1.581313131313131226e+00 1.368686868686868685e+01
1.442424242424242387e+00 1.231313131313131315e+01
1.492929292929292995e+00 1.287878787878787890e+01
1.354040404040404155e+00 1.255555555555555536e+01
1.328787878787878851e+00 1.158585858585858652e+01
1.366666666666666696e+00 1.207070707070707094e+01
1.492929292929292995e+00 1.271717171717171802e+01
1.505555555555555536e+00 1.287878787878787890e+01
1.366666666666666696e+00 1.231313131313131315e+01
1.556060606060606144e+00 1.320202020202020243e+01
1.379292929292929237e+00 1.255555555555555536e+01
1.732828282828282829e+00 1.489898989898989967e+01
1.429797979797979846e+00 1.255555555555555536e+01
1.480303030303030454e+00 1.255555555555555536e+01
1.492929292929292995e+00 1.279797979797979934e+01
1.530808080808080840e+00 1.295959595959596022e+01
1.543434343434343603e+00 1.312121212121212110e+01
1.492929292929292995e+00 1.271717171717171802e+01
1.568686868686868685e+00 1.328282828282828376e+01
1.694949494949494984e+00 1.392929292929293084e+01
1.518181818181818077e+00 1.304040404040404155e+01
1.354040404040404155e+00 1.182828282828282873e+01
1.467676767676767691e+00 1.304040404040404155e+01
1.429797979797979846e+00 1.215151515151515227e+01
1.568686868686868685e+00 1.344444444444444464e+01
1.429797979797979846e+00 1.271717171717171802e+01
1.505555555555555536e+00 1.287878787878787890e+01
1.467676767676767691e+00 1.263636363636363669e+01
1.505555555555555536e+00 1.304040404040404155e+01
1.556060606060606144e+00 1.336363636363636331e+01
1.404545454545454541e+00 1.489898989898989967e+01
1.518181818181818077e+00 1.312121212121212110e+01
1.290909090909091006e+00 1.190909090909091006e+01
1.556060606060606144e+00 1.320202020202020243e+01
1.619191919191919293e+00 1.344444444444444464e+01
1.391919191919192000e+00 1.247474747474747403e+01
1.417171717171717304e+00 1.295959595959596022e+01
1.429797979797979846e+00 1.255555555555555536e+01
1.631818181818181834e+00 1.409090909090909172e+01
1.530808080808080840e+00 1.320202020202020243e+01
1.455050505050504928e+00 1.295959595959596022e+01
1.467676767676767691e+00 1.239393939393939448e+01
1.404545454545454541e+00 1.255555555555555536e+01
1.530808080808080840e+00 1.312121212121212110e+01
1.391919191919192000e+00 1.223232323232323182e+01
1.543434343434343603e+00 1.255555555555555536e+01
1.492929292929292995e+00 1.271717171717171802e+01
1.341414141414141392e+00 1.174747474747474740e+01
1.379292929292929237e+00 1.263636363636363669e+01
1.568686868686868685e+00 1.271717171717171802e+01
1.429797979797979846e+00 1.279797979797979934e+01
1.530808080808080840e+00 1.328282828282828376e+01
1.480303030303030454e+00 1.263636363636363669e+01
1.480303030303030454e+00 1.279797979797979934e+01
1.947474747474747581e+00 1.538383838383838409e+01
1.417171717171717304e+00 1.247474747474747403e+01
1.442424242424242387e+00 1.271717171717171802e+01
1.518181818181818077e+00 1.279797979797979934e+01
1.480303030303030454e+00 1.279797979797979934e+01
1.379292929292929237e+00 1.190909090909091006e+01
1.455050505050504928e+00 1.304040404040404155e+01
1.442424242424242387e+00 1.247474747474747403e+01
1.379292929292929237e+00 1.174747474747474740e+01
1.467676767676767691e+00 1.247474747474747403e+01
1.455050505050504928e+00 1.263636363636363669e+01
1.303535353535353547e+00 1.150505050505050519e+01
1.366666666666666696e+00 1.174747474747474740e+01
1.455050505050504928e+00 1.231313131313131315e+01
1.391919191919192000e+00 1.190909090909091006e+01
1.467676767676767691e+00 1.304040404040404155e+01
1.404545454545454541e+00 1.287878787878787890e+01
1.631818181818181834e+00 1.384848484848484773e+01
1.505555555555555536e+00 1.279797979797979934e+01
1.417171717171717304e+00 1.295959595959596022e+01
1.581313131313131226e+00 1.304040404040404155e+01
1.341414141414141392e+00 1.142424242424242387e+01
1.480303030303030454e+00 1.247474747474747403e+01
1.328787878787878851e+00 1.263636363636363669e+01
1.391919191919192000e+00 1.239393939393939448e+01
1.480303030303030454e+00 1.320202020202020243e+01
1.543434343434343603e+00 1.312121212121212110e+01
1.467676767676767691e+00 1.295959595959596022e+01
1.227777777777777857e+00 1.110101010101010033e+01
1.354040404040404155e+00 1.287878787878787890e+01
1.480303030303030454e+00 1.304040404040404155e+01
1.303535353535353547e+00 1.174747474747474740e+01
1.480303030303030454e+00 1.247474747474747403e+01
1.417171717171717304e+00 1.215151515151515227e+01
1.505555555555555536e+00 1.295959595959596022e+01
1.694949494949494984e+00 1.449494949494949481e+01
1.429797979797979846e+00 1.271717171717171802e+01
1.379292929292929237e+00 1.150505050505050519e+01
1.341414141414141392e+00 1.207070707070707094e+01
1.669696969696969902e+00 1.344444444444444464e+01
1.354040404040404155e+00 1.215151515151515227e+01
1.530808080808080840e+00 1.271717171717171802e+01
1.593939393939393989e+00 1.328282828282828376e+01
1.732828282828282829e+00 1.376767676767676818e+01
1.467676767676767691e+00 1.247474747474747403e+01
1.492929292929292995e+00 1.320202020202020243e+01
1.278282828282828243e+00 1.207070707070707094e+01
1.467676767676767691e+00 1.271717171717171802e+01
1.505555555555555536e+00 1.279797979797979934e+01
1.455050505050504928e+00 1.279797979797979934e+01
1.455050505050504928e+00 1.271717171717171802e+01
1.606565656565656752e+00 1.368686868686868685e+01
1.480303030303030454e+00 1.231313131313131315e+01
1.480303030303030454e+00 1.279797979797979934e+01
1.593939393939393989e+00 1.328282828282828376e+01
9.499999999999999556e-01 1.126262626262626299e+01
1.530808080808080840e+00 1.312121212121212110e+01
1.391919191919192000e+00 1.182828282828282873e+01
1.366666666666666696e+00 1.255555555555555536e+01
1.328787878787878851e+00 1.215151515151515227e+01
1.758080808080808133e+00 1.392929292929293084e+01
1.568686868686868685e+00 1.368686868686868685e+01
1.341414141414141392e+00 1.239393939393939448e+01
1.455050505050504928e+00 1.239393939393939448e+01
1.606565656565656752e+00 1.368686868686868685e+01
1.606565656565656752e+00 1.312121212121212110e+01
1.366666666666666696e+00 1.190909090909091006e+01
1.644444444444444375e+00 1.376767676767676818e+01
1.556060606060606144e+00 1.320202020202020243e+01
1.480303030303030454e+00 1.215151515151515227e+01
1.644444444444444375e+00 1.417171717171717304e+01
1.492929292929292995e+00 1.263636363636363669e+01
1.657070707070707138e+00 1.401010101010101039e+01
1.505555555555555536e+00 1.304040404040404155e+01
1.619191919191919293e+00 1.409090909090909172e+01
1.682323232323232443e+00 1.441414141414141525e+01
1.467676767676767691e+00 1.255555555555555536e+01
1.530808080808080840e+00 1.312121212121212110e+01
1.480303030303030454e+00 1.263636363636363669e+01
1.492929292929292995e+00 1.304040404040404155e+01
1.467676767676767691e+00 1.223232323232323182e+01
1.694949494949494984e+00 1.433333333333333393e+01
1.417171717171717304e+00 1.223232323232323182e+01
1.619191919191919293e+00 1.344444444444444464e+01
1.379292929292929237e+00 1.198989898989898961e+01
1.404545454545454541e+00 1.190909090909091006e+01
1.417171717171717304e+00 1.247474747474747403e+01
1.606565656565656752e+00 1.401010101010101039e+01
1.492929292929292995e+00 1.247474747474747403e+01
1.581313131313131226e+00 1.392929292929293084e+01
1.417171717171717304e+00 1.295959595959596022e+01
1.606565656565656752e+00 1.344444444444444464e+01
1.518181818181818077e+00 1.295959595959596022e+01
1.467676767676767691e+00 1.271717171717171802e+01
1.581313131313131226e+00 1.409090909090909172e+01
1.568686868686868685e+00 1.336363636363636331e+01
1.391919191919192000e+00 1.231313131313131315e+01
1.417171717171717304e+00 1.320202020202020243e+01
1.543434343434343603e+00 1.304040404040404155e+01
1.366666666666666696e+00 1.174747474747474740e+01
1.518181818181818077e+00 1.312121212121212110e+01
1.467676767676767691e+00 1.328282828282828376e+01
1.391919191919192000e+00 1.207070707070707094e+01
1.442424242424242387e+00 1.231313131313131315e+01
1.366666666666666696e+00 1.239393939393939448e+01
1.442424242424242387e+00 1.287878787878787890e+01
1.606565656565656752e+00 1.360606060606060552e+01
1.391919191919192000e+00 1.207070707070707094e+01
1.467676767676767691e+00 1.247474747474747403e+01
1.568686868686868685e+00 1.344444444444444464e+01
1.442424242424242387e+00 1.287878787878787890e+01
1.467676767676767691e+00 1.255555555555555536e+01
1.480303030303030454e+00 1.279797979797979934e+01
1.404545454545454541e+00 1.215151515151515227e+01
1.455050505050504928e+00 1.336363636363636331e+01
1.530808080808080840e+00 1.287878787878787890e+01
1.417171717171717304e+00 1.247474747474747403e+01
1.581313131313131226e+00 1.320202020202020243e+01
1.354040404040404155e+00 1.158585858585858652e+01
1.404545454545454541e+00 1.263636363636363669e+01
1.379292929292929237e+00 1.255555555555555536e+01
1.492929292929292995e+00 1.304040404040404155e+01
1.480303030303030454e+00 1.247474747474747403e+01
1.492929292929292995e+00 1.295959595959596022e+01
1.379292929292929237e+00 1.223232323232323182e+01
1.593939393939393989e+00 1.336363636363636331e+01
1.492929292929292995e+00 1.279797979797979934e+01
1.404545454545454541e+00 1.287878787878787890e+01
1.391919191919192000e+00 1.239393939393939448e+01
1.543434343434343603e+00 1.336363636363636331e+01
1.391919191919192000e+00 1.263636363636363669e+01
1.391919191919192000e+00 1.198989898989898961e+01
1.619191919191919293e+00 1.392929292929293084e+01
1.240404040404040398e+00 1.158585858585858652e+01
1.568686868686868685e+00 1.384848484848484773e+01
1.442424242424242387e+00 1.279797979797979934e+01
1.530808080808080840e+00 1.295959595959596022e+01
1.505555555555555536e+00 1.271717171717171802e+01
1.492929292929292995e+00 1.271717171717171802e+01
1.417171717171717304e+00 1.239393939393939448e+01
1.694949494949494984e+00 1.449494949494949481e+01
1.253030303030302939e+00 1.150505050505050519e+01
1.682323232323232443e+00 1.392929292929293084e+01
1.328787878787878851e+00 1.207070707070707094e+01
1.480303030303030454e+00 1.295959595959596022e+01
1.366666666666666696e+00 1.271717171717171802e+01
1.404545454545454541e+00 1.231313131313131315e+01
1.455050505050504928e+00 1.198989898989898961e+01
1.354040404040404155e+00 1.174747474747474740e+01
1.518181818181818077e+00 1.271717171717171802e+01
1.341414141414141392e+00 1.207070707070707094e+01
1.417171717171717304e+00 1.223232323232323182e+01
1.379292929292929237e+00 1.255555555555555536e+01
1.732828282828282829e+00 1.473737373737373701e+01
1.354040404040404155e+00 1.255555555555555536e+01
1.492929292929292995e+00 1.263636363636363669e+01
1.417171717171717304e+00 1.304040404040404155e+01
1.581313131313131226e+00 1.352525252525252597e+01
1.442424242424242387e+00 1.271717171717171802e+01
1.644444444444444375e+00 1.368686868686868685e+01
1.568686868686868685e+00 1.295959595959596022e+01
1.619191919191919293e+00 1.352525252525252597e+01
1.505555555555555536e+00 1.295959595959596022e+01
1.442424242424242387e+00 1.247474747474747403e+01
1.606565656565656752e+00 1.384848484848484773e+01
1.505555555555555536e+00 1.231313131313131315e+01
1.505555555555555536e+00 1.287878787878787890e+01
1.543434343434343603e+00 1.312121212121212110e+01
1.455050505050504928e+00 1.271717171717171802e+01
1.556060606060606144e+00 1.279797979797979934e+01
1.366666666666666696e+00 1.198989898989898961e+01
1.530808080808080840e+00 1.312121212121212110e+01
1.467676767676767691e+00 1.328282828282828376e+01
1.442424242424242387e+00 1.223232323232323182e+01
1.556060606060606144e+00 1.304040404040404155e+01
1.593939393939393989e+00 1.401010101010101039e+01
1.455050505050504928e+00 1.312121212121212110e+01
1.518181818181818077e+00 1.304040404040404155e+01
1.505555555555555536e+00 1.263636363636363669e+01
1.442424242424242387e+00 1.223232323232323182e+01
1.366666666666666696e+00 1.207070707070707094e+01
1.455050505050504928e+00 1.231313131313131315e+01
1.505555555555555536e+00 1.287878787878787890e+01
1.480303030303030454e+00 1.231313131313131315e+01
1.391919191919192000e+00 1.207070707070707094e+01
1.581313131313131226e+00 1.352525252525252597e+01
1.455050505050504928e+00 1.215151515151515227e+01
1.543434343434343603e+00 1.320202020202020243e+01
1.480303030303030454e+00 1.271717171717171802e+01
1.606565656565656752e+00 1.376767676767676818e+01
1.404545454545454541e+00 1.207070707070707094e+01
1.429797979797979846e+00 1.271717171717171802e+01
1.568686868686868685e+00 1.328282828282828376e+01
1.530808080808080840e+00 1.287878787878787890e+01
1.543434343434343603e+00 1.320202020202020243e+01
1.581313131313131226e+00 1.263636363636363669e+01
1.530808080808080840e+00 1.336363636363636331e+01
1.530808080808080840e+00 1.279797979797979934e+01
1.556060606060606144e+00 1.417171717171717304e+01
1.593939393939393989e+00 1.328282828282828376e+01
1.455050505050504928e+00 1.231313131313131315e+01
1.707575757575757525e+00 1.368686868686868685e+01
1.543434343434343603e+00 1.295959595959596022e+01
1.341414141414141392e+00 1.263636363636363669e+01
1.530808080808080840e+00 1.271717171717171802e+01
1.455050505050504928e+00 1.198989898989898961e+01
1.707575757575757525e+00 1.481818181818181834e+01
1.442424242424242387e+00 1.312121212121212110e+01
1.505555555555555536e+00 1.255555555555555536e+01
1.429797979797979846e+00 1.231313131313131315e+01
1.669696969696969902e+00 1.360606060606060552e+01
1.417171717171717304e+00 1.223232323232323182e+01
1.366666666666666696e+00 1.207070707070707094e+01
1.455050505050504928e+00 1.207070707070707094e+01
1.543434343434343603e+00 1.320202020202020243e+01
1.404545454545454541e+00 1.312121212121212110e+01
1.404545454545454541e+00 1.263636363636363669e+01
1.492929292929292995e+00 1.336363636363636331e+01
1.568686868686868685e+00 1.368686868686868685e+01
1.455050505050504928e+00 1.223232323232323182e+01
1.707575757575757525e+00 1.344444444444444464e+01
1.455050505050504928e+00 1.336363636363636331e+01
1.518181818181818077e+00 1.360606060606060552e+01
1.492929292929292995e+00 1.320202020202020243e+01
1.492929292929292995e+00 1.255555555555555536e+01
1.581313131313131226e+00 1.336363636363636331e+01
1.391919191919192000e+00 1.190909090909091006e+01
1.328787878787878851e+00 1.134343434343434254e+01
1.480303030303030454e+00 1.336363636363636331e+01
1.631818181818181834e+00 1.360606060606060552e+01
1.556060606060606144e+00 1.360606060606060552e+01
1.543434343434343603e+00 1.344444444444444464e+01
1.505555555555555536e+00 1.312121212121212110e+01
1.442424242424242387e+00 1.271717171717171802e+01
1.492929292929292995e+00 1.287878787878787890e+01
1.518181818181818077e+00 1.312121212121212110e+01
1.391919191919192000e+00 1.223232323232323182e+01
1.518181818181818077e+00 1.287878787878787890e+01
1.644444444444444375e+00 1.392929292929293084e+01
1.391919191919192000e+00 1.231313131313131315e+01
1.568686868686868685e+00 1.336363636363636331e+01
1.581313131313131226e+00 1.312121212121212110e+01
1.442424242424242387e+00 1.215151515151515227e+01
1.707575757575757525e+00 1.441414141414141525e+01
1.442424242424242387e+00 1.336363636363636331e+01
1.543434343434343603e+00 1.295959595959596022e+01
1.518181818181818077e+00 1.312121212121212110e+01
1.581313131313131226e+00 1.360606060606060552e+01
1.467676767676767691e+00 1.231313131313131315e+01
1.316161616161616088e+00 1.215151515151515227e+01
1.505555555555555536e+00 1.304040404040404155e+01
1.455050505050504928e+00 1.271717171717171802e+01
1.429797979797979846e+00 1.231313131313131315e+01
1.442424242424242387e+00 1.295959595959596022e+01
1.518181818181818077e+00 1.336363636363636331e+01
1.480303030303030454e+00 1.287878787878787890e+01
1.391919191919192000e+00 1.198989898989898961e+01
1.606565656565656752e+00 1.384848484848484773e+01
1.442424242424242387e+00 1.231313131313131315e+01
1.379292929292929237e+00 1.239393939393939448e+01
1.316161616161616088e+00 1.190909090909091006e+01
1.379292929292929237e+00 1.247474747474747403e+01
1.455050505050504928e+00 1.287878787878787890e+01
1.455050505050504928e+00 1.239393939393939448e+01
1.518181818181818077e+00 1.271717171717171802e+01
1.505555555555555536e+00 1.336363636363636331e+01
1.631818181818181834e+00 1.409090909090909172e+01
1.404545454545454541e+00 1.271717171717171802e+01
1.404545454545454541e+00 1.239393939393939448e+01
1.480303030303030454e+00 1.223232323232323182e+01
1.354040404040404155e+00 1.263636363636363669e+01
1.492929292929292995e+00 1.279797979797979934e+01
1.417171717171717304e+00 1.271717171717171802e+01
1.366666666666666696e+00 1.198989898989898961e+01
1.328787878787878851e+00 1.166666666666666785e+01
1.480303030303030454e+00 1.320202020202020243e+01
1.391919191919192000e+00 1.239393939393939448e+01
1.467676767676767691e+00 1.304040404040404155e+01
1.543434343434343603e+00 1.271717171717171802e+01
1.442424242424242387e+00 1.263636363636363669e+01
1.391919191919192000e+00 1.190909090909091006e+01
1.404545454545454541e+00 1.239393939393939448e+01
1.530808080808080840e+00 1.287878787878787890e+01
1.442424242424242387e+00 1.198989898989898961e+01
1.366666666666666696e+00 1.263636363636363669e+01
1.429797979797979846e+00 1.207070707070707094e+01
1.404545454545454541e+00 1.215151515151515227e+01
1.631818181818181834e+00 1.360606060606060552e+01
1.505555555555555536e+00 1.279797979797979934e+01
1.568686868686868685e+00 1.328282828282828376e+01
1.455050505050504928e+00 1.207070707070707094e+01
1.492929292929292995e+00 1.312121212121212110e+01
1.366666666666666696e+00 1.166666666666666785e+01
1.354040404040404155e+00 1.190909090909091006e+01
1.593939393939393989e+00 1.489898989898989967e+01
1.492929292929292995e+00 1.287878787878787890e+01
1.492929292929292995e+00 1.271717171717171802e+01
1.455050505050504928e+00 1.255555555555555536e+01
1.707575757575757525e+00 1.481818181818181834e+01
1.442424242424242387e+00 1.304040404040404155e+01
1.480303030303030454e+00 1.295959595959596022e+01
1.215151515151515094e+00 1.198989898989898961e+01
1.505555555555555536e+00 1.263636363636363669e+01
1.480303030303030454e+00 1.263636363636363669e+01
1.518181818181818077e+00 1.295959595959596022e+01
1.404545454545454541e+00 1.223232323232323182e+01
1.505555555555555536e+00 1.263636363636363669e+01
1.530808080808080840e+00 1.352525252525252597e+01
1.391919191919192000e+00 1.182828282828282873e+01
1.278282828282828243e+00 1.239393939393939448e+01
1.492929292929292995e+00 1.231313131313131315e+01
1.417171717171717304e+00 1.255555555555555536e+01
1.543434343434343603e+00 1.271717171717171802e+01
1.417171717171717304e+00 1.207070707070707094e+01
1.442424242424242387e+00 1.271717171717171802e+01
1.290909090909091006e+00 1.215151515151515227e+01
1.366666666666666696e+00 1.174747474747474740e+01
1.543434343434343603e+00 1.304040404040404155e+01
1.480303030303030454e+00 1.271717171717171802e+01
1.278282828282828243e+00 1.190909090909091006e+01
1.366666666666666696e+00 1.223232323232323182e+01
1.467676767676767691e+00 1.231313131313131315e+01
1.657070707070707138e+00 1.336363636363636331e+01
1.417171717171717304e+00 1.223232323232323182e+01
1.543434343434343603e+00 1.328282828282828376e+01
1.429797979797979846e+00 1.295959595959596022e+01
1.429797979797979846e+00 1.247474747474747403e+01
1.505555555555555536e+00 1.304040404040404155e+01
1.530808080808080840e+00 1.320202020202020243e+01
1.442424242424242387e+00 1.255555555555555536e+01
1.543434343434343603e+00 1.312121212121212110e+01
1.341414141414141392e+00 1.207070707070707094e+01
1.644444444444444375e+00 1.368686868686868685e+01
1.581313131313131226e+00 1.312121212121212110e+01
1.593939393939393989e+00 1.336363636363636331e+01
1.492929292929292995e+00 1.295959595959596022e+01
1.518181818181818077e+00 1.304040404040404155e+01
1.391919191919192000e+00 1.198989898989898961e+01
1.404545454545454541e+00 1.287878787878787890e+01
1.581313131313131226e+00 1.360606060606060552e+01
1.518181818181818077e+00 1.271717171717171802e+01
1.290909090909091006e+00 1.174747474747474740e+01
1.783333333333333437e+00 1.425252525252525260e+01
1.455050505050504928e+00 1.304040404040404155e+01
1.290909090909091006e+00 1.231313131313131315e+01
1.568686868686868685e+00 1.368686868686868685e+01
1.543434343434343603e+00 1.263636363636363669e+01
1.404545454545454541e+00 1.231313131313131315e+01
1.568686868686868685e+00 1.328282828282828376e+01
1.518181818181818077e+00 1.271717171717171802e+01
1.480303030303030454e+00 1.295959595959596022e+01
1.568686868686868685e+00 1.328282828282828376e+01
1.619191919191919293e+00 1.376767676767676818e+01
1.366666666666666696e+00 1.239393939393939448e+01
1.480303030303030454e+00 1.344444444444444464e+01
1.467676767676767691e+00 1.287878787878787890e+01
1.619191919191919293e+00 1.328282828282828376e+01
1.404545454545454541e+00 1.231313131313131315e+01
1.492929292929292995e+00 1.231313131313131315e+01
1.429797979797979846e+00 1.287878787878787890e+01
1.328787878787878851e+00 1.263636363636363669e+01
1.505555555555555536e+00 1.255555555555555536e+01
1.518181818181818077e+00 1.304040404040404155e+01
1.467676767676767691e+00 1.247474747474747403e+01
1.492929292929292995e+00 1.287878787878787890e+01
1.467676767676767691e+00 1.255555555555555536e+01
1.518181818181818077e+00 1.304040404040404155e+01
1.391919191919192000e+00 1.215151515151515227e+01
1.556060606060606144e+00 1.320202020202020243e+01
1.568686868686868685e+00 1.352525252525252597e+01
1.505555555555555536e+00 1.279797979797979934e+01
1.518181818181818077e+00 1.255555555555555536e+01
1.606565656565656752e+00 1.312121212121212110e+01
1.543434343434343603e+00 1.295959595959596022e+01
1.644444444444444375e+00 1.336363636363636331e+01
1.543434343434343603e+00 1.320202020202020243e+01
1.657070707070707138e+00 1.320202020202020243e+01
1.379292929292929237e+00 1.190909090909091006e+01
1.429797979797979846e+00 1.239393939393939448e+01
1.404545454545454541e+00 1.231313131313131315e+01
1.480303030303030454e+00 1.287878787878787890e+01
1.354040404040404155e+00 1.223232323232323182e+01
1.467676767676767691e+00 1.198989898989898961e+01
1.530808080808080840e+00 1.295959595959596022e+01
1.341414141414141392e+00 1.166666666666666785e+01
1.429797979797979846e+00 1.190909090909091006e+01
1.480303030303030454e+00 1.239393939393939448e+01
1.366666666666666696e+00 1.239393939393939448e+01
1.530808080808080840e+00 1.271717171717171802e+01
1.455050505050504928e+00 1.271717171717171802e+01
1.556060606060606144e+00 1.320202020202020243e+01
1.391919191919192000e+00 1.190909090909091006e+01
1.467676767676767691e+00 1.271717171717171802e+01
1.467676767676767691e+00 1.215151515151515227e+01
1.366666666666666696e+00 1.174747474747474740e+01
1.467676767676767691e+00 1.247474747474747403e+01
1.492929292929292995e+00 1.392929292929293084e+01
1.391919191919192000e+00 1.207070707070707094e+01
1.619191919191919293e+00 1.344444444444444464e+01
1.354040404040404155e+00 1.231313131313131315e+01
1.606565656565656752e+00 1.401010101010101039e+01
1.341414141414141392e+00 1.158585858585858652e+01
1.366666666666666696e+00 1.295959595959596022e+01
1.505555555555555536e+00 1.247474747474747403e+01
1.568686868686868685e+00 1.344444444444444464e+01
1.404545454545454541e+00 1.231313131313131315e+01
1.492929292929292995e+00 1.255555555555555536e+01
1.492929292929292995e+00 1.312121212121212110e+01
1.391919191919192000e+00 1.255555555555555536e+01
1.328787878787878851e+00 1.231313131313131315e+01
1.417171717171717304e+00 1.271717171717171802e+01
1.530808080808080840e+00 1.255555555555555536e+01
1.518181818181818077e+00 1.304040404040404155e+01
1.429797979797979846e+00 1.215151515151515227e+01
1.505555555555555536e+00 1.312121212121212110e+01
1.467676767676767691e+00 1.328282828282828376e+01
1.492929292929292995e+00 1.247474747474747403e+01
1.303535353535353547e+00 1.231313131313131315e+01
1.581313131313131226e+00 1.360606060606060552e+01
1.530808080808080840e+00 1.433333333333333393e+01
1.354040404040404155e+00 1.255555555555555536e+01
1.467676767676767691e+00 1.223232323232323182e+01
1.417171717171717304e+00 1.295959595959596022e+01
1.467676767676767691e+00 1.247474747474747403e+01
1.606565656565656752e+00 1.360606060606060552e+01
1.530808080808080840e+00 1.295959595959596022e+01
1.455050505050504928e+00 1.295959595959596022e+01
1.316161616161616088e+00 1.182828282828282873e+01
1.417171717171717304e+00 1.231313131313131315e+01
1.530808080808080840e+00 1.312121212121212110e+01
1.442424242424242387e+00 1.255555555555555536e+01
1.530808080808080840e+00 1.295959595959596022e+01
1.568686868686868685e+00 1.392929292929293084e+01
1.341414141414141392e+00 1.150505050505050519e+01
1.404545454545454541e+00 1.320202020202020243e+01
1.505555555555555536e+00 1.312121212121212110e+01
1.417171717171717304e+00 1.255555555555555536e+01
1.391919191919192000e+00 1.239393939393939448e+01
1.568686868686868685e+00 1.368686868686868685e+01
1.480303030303030454e+00 1.223232323232323182e+01
1.379292929292929237e+00 1.287878787878787890e+01
1.442424242424242387e+00 1.287878787878787890e+01
1.417171717171717304e+00 1.215151515151515227e+01
1.391919191919192000e+00 1.231313131313131315e+01
1.492929292929292995e+00 1.271717171717171802e+01
1.707575757575757525e+00 1.392929292929293084e+01
1.568686868686868685e+00 1.295959595959596022e+01
1.492929292929292995e+00 1.279797979797979934e+01
1.442424242424242387e+00 1.198989898989898961e+01
1.442424242424242387e+00 1.255555555555555536e+01
1.455050505050504928e+00 1.239393939393939448e+01
1.505555555555555536e+00 1.312121212121212110e+01
1.492929292929292995e+00 1.247474747474747403e+01
1.543434343434343603e+00 1.320202020202020243e+01
1.366666666666666696e+00 1.215151515151515227e+01
