1.272684618776344978e+00 1.463632442182987603e+01
1.114729174033000092e+00 1.220445503641172280e+01
1.112261170995094917e+00 1.405076857342044505e+01
1.374933316029088637e+00 1.212115157085048978e+01
1.686150836417068088e+00 1.564665776778698003e+01
1.121955220472944603e+00 1.186677939730129694e+01
1.416407731113592305e+00 1.425305771950734268e+01
1.036321451048798359e+00 1.193075571187262440e+01
1.341759308270808138e+00 1.444138523351955783e+01
1.398060929210073855e+00 1.254843147660726288e+01
1.077979840027500691e+00 1.356582289843998979e+01
1.220981407406255048e+00 1.107711422614508123e+01
1.493196274131030954e+00 1.426475742500382538e+01
1.080609870569775754e+00 9.519584204299999186e+00
1.030264756360041778e+00 1.398333856966391053e+01
1.172456275794922620e+00 1.266174148182292214e+01
1.221500916920710278e+00 1.286754333144968854e+01
1.151260769499572012e+00 1.164360401084611318e+01
1.167157471849270989e+00 1.330761992266399218e+01
1.111283977219486907e+00 1.129305164716764764e+01
1.064257883077577960e+00 1.155279850432507871e+01
1.223550101143835889e+00 1.370376107366924501e+01
1.333397867811816129e+00 1.300759879577453404e+01
1.089388272769802324e+00 1.325984311403201232e+01
1.189248084789701343e+00 1.366194795535817619e+01
1.163139099533331500e+00 1.053454658353455287e+01
1.241302195761347704e+00 1.311162857458523590e+01
1.254822260342682183e+00 1.470517782069914858e+01
1.191666297553458653e+00 1.326371139468809801e+01
1.215801885975090313e+00 1.336851119156014533e+01
1.176684310885275142e+00 1.220637395790581614e+01
1.587097311978035385e+00 1.504318595386263979e+01
1.391401574764524751e+00 1.251403872379863103e+01
1.104180902825125932e+00 1.189420215089364241e+01
1.139965060743356018e+00 1.199955304932757727e+01
1.214426377237290744e+00 1.123750503405416801e+01
1.452066316392836676e+00 1.270878698586782818e+01
1.061572585884328790e+00 1.158676987227395472e+01
1.316846916033503234e+00 1.470628578722155311e+01
1.365593293024430555e+00 1.450352259852421000e+01
1.497002284109857806e+00 1.370899324403194441e+01
1.188170647594081641e+00 1.254461283759239265e+01
1.211219014570425356e+00 1.241230808951058862e+01
1.102535021885616695e+00 1.268335705664631163e+01
1.258535746357265950e+00 1.341007259479387059e+01
1.124292410000127918e+00 1.117442473105015743e+01
1.023542755685473038e+00 1.064203635603033504e+01
1.109486966423199883e+00 1.039003591175820063e+01
1.348749329045249468e+00 1.463873365071110655e+01
1.255229309188896858e+00 1.096858722202685499e+01
1.352856804878277197e+00 1.336999238694007985e+01
1.300810740876558791e+00 1.175559182134585612e+01
1.184544316974982525e+00 1.248577939097080858e+01
1.666626881935038051e+00 1.547114725467030283e+01
1.093677095527020526e+00 1.017542698911875121e+01
1.249339046966890798e+00 1.339175337811153810e+01
1.025036298298066750e+00 9.818870796526049105e+00
1.330501279388019764e+00 1.409103346030255821e+01
1.194348308234320921e+00 1.238488333444045963e+01
1.385065775389715981e+00 1.263167005417735211e+01
1.086214099376322739e+00 1.054083084537847270e+01
1.323294595647886318e+00 1.541272154028532526e+01
1.390974496985615483e+00 1.227679106554426269e+01
1.474164278628847136e+00 1.451380025597224943e+01
1.301078419203825387e+00 1.315152908390764708e+01
1.207336531127094492e+00 1.256309280474051704e+01
1.247603630761466853e+00 1.306811571873647893e+01
1.125722813947487078e+00 1.153984421454254772e+01
1.393353013954845343e+00 1.436091350076187112e+01
1.204868490803676639e+00 1.256205488415523774e+01
1.128122595772441228e+00 1.318350844442427672e+01
1.109355646112798688e+00 1.225844346965246601e+01
1.161505591095364887e+00 1.134885375277003661e+01
1.541806345536452572e+00 1.514488787658528324e+01
1.606845862004523173e+00 1.356314783845781236e+01
1.225247892419224272e+00 1.236234601466398786e+01
1.226515221710815062e+00 1.364113785597752582e+01
1.112124269846535896e+00 1.062694096784898257e+01
1.485715475702255928e+00 1.403630674354969443e+01
1.026176398602786533e+00 1.115893222225463077e+01
1.332945314311838381e+00 1.424729659469833010e+01
1.361071876119762436e+00 1.345345499641513598e+01
1.258165633130414074e+00 1.283641924509733201e+01
1.023940481535119185e+00 1.213172757439226146e+01
1.065163897687668726e+00 1.120328722500251928e+01
1.240296041061473842e+00 1.232506704012245535e+01
1.220763483030456564e+00 1.196086336971588082e+01
1.430369338792230716e+00 1.434529649963745968e+01
1.103401168085001771e+00 1.153367236320150724e+01
1.525327964034607353e+00 1.469848993252762170e+01
1.493306442506786791e+00 1.288109834981356272e+01
1.111121402999103447e+00 1.155527024764755595e+01
1.122500832625921596e+00 1.100114104952723793e+01
1.247680659705866058e+00 1.322100053943893272e+01
1.371478892341850386e+00 1.387263214153504620e+01
1.062649508187183844e+00 1.095611461168967438e+01
1.058822756971259160e+00 1.220186669881656627e+01
1.101659757733657541e+00 1.327494236705717157e+01
1.304894344500071579e+00 1.172858392033167618e+01
1.444469155559345852e+00 1.245892613251367109e+01
1.092954210441712481e+00 9.705091823844078647e+00
1.325151096316485644e+00 1.199710512707317278e+01
1.155583959868573762e+00 1.185000996221497971e+01
1.298928199429069341e+00 1.365362407097622466e+01
1.186040591788320109e+00 1.193282257171464877e+01
1.395642356148273144e+00 1.241659224128059691e+01
1.387939529192202981e+00 1.330313283905316624e+01
1.129712904981689636e+00 1.208116081264534714e+01
1.196509590586294802e+00 1.076132626689699023e+01
1.025116554918998002e+00 1.118137121916631394e+01
1.280818062340466801e+00 1.306767605055918935e+01
1.138933264389185851e+00 1.042665047350372909e+01
1.102585337053355152e+00 1.305814644486388687e+01
1.144247812009040910e+00 1.401911572642480053e+01
1.429098272092690136e+00 1.446282873472500796e+01
1.099395357006012874e+00 1.191163735479353036e+01
1.286600881769447646e+00 1.373149004407700247e+01
1.330209837016875785e+00 1.427293426930059539e+01
1.039879256691951470e+00 1.169710226327853064e+01
1.065775362088718481e+00 1.151428468087941859e+01
1.275299894559938307e+00 1.204228599746485884e+01
1.203275680126747238e+00 1.270431250954750979e+01
1.551823013939820139e+00 1.392812647934531967e+01
1.391767976605522206e+00 1.456339084965548025e+01
1.327403751659188558e+00 1.439768969199780102e+01
1.173448120517304405e+00 1.308307207736444866e+01
1.138338844702051933e+00 1.068153697581143469e+01
1.178766581112947742e+00 1.223983998751352686e+01
1.177686100897630705e+00 1.177170521603826714e+01
1.473357067354122751e+00 1.268664431528293690e+01
1.307973397748805056e+00 1.307868713277107631e+01
1.273443682221358175e+00 1.225834590063771756e+01
1.282671397548074577e+00 1.428209219340864422e+01
1.566830629953861020e+00 1.555604267414467046e+01
1.269610363910193662e+00 1.287087054032615541e+01
1.047302165443467992e+00 1.311294015333896468e+01
1.311661479766388583e+00 1.371029337534519854e+01
1.284943780970695171e+00 1.265344596274917421e+01
1.543191197040867602e+00 1.301456154998681214e+01
1.606065454239540280e+00 1.376764769278216249e+01
1.253533984319137318e+00 1.489094697142246204e+01
1.068128091453200756e+00 1.168665940826813987e+01
1.408215048530666591e+00 1.389172144739974257e+01
1.373602959554415470e+00 1.169716757726526168e+01
1.484228158131677633e+00 1.402566871914015323e+01
1.143165265874379832e+00 1.232111298740674954e+01
1.328963836351007899e+00 1.190587392496679087e+01
1.172979408597556228e+00 1.117380477913900449e+01
1.186363470974858725e+00 1.211200572411351395e+01
1.587204340761636523e+00 1.543364622295175081e+01
1.562205001759834122e+00 1.492890063264780665e+01
1.031786844797081493e+00 1.247639863367337654e+01
1.266099961548360575e+00 1.246767132536586686e+01
1.039870923291687621e+00 1.125315286277108484e+01
1.252043763259663933e+00 1.500810881708285294e+01
1.248331372315087284e+00 1.198901862249311634e+01
1.159895805562161319e+00 1.367346164291694066e+01
1.596758544292822268e+00 1.526216181159934848e+01
1.133791032239720220e+00 1.065455452440402695e+01
1.186711928684261119e+00 1.332065390158012974e+01
1.351559445339485688e+00 1.246815008698045091e+01
1.093666678691993077e+00 1.314630476321213237e+01
1.101285091003638028e+00 1.149803194628861647e+01
1.005813974052325976e+00 1.107447582904173800e+01
1.078770726052140638e+00 1.085545880649921813e+01
1.052289187823517214e+00 1.180570713381083436e+01
1.318183378993379007e+00 1.191220266274860506e+01
1.231146148868749401e+00 1.176854947199276680e+01
1.509980992083628015e+00 1.373012234353441841e+01
1.119975410903117474e+00 1.365581852161262688e+01
1.024861804816599831e+00 1.211014024919371579e+01
1.161691040689456944e+00 1.305314881657572101e+01
1.232033798877866460e+00 1.268450538438088060e+01
1.533823812732806324e+00 1.327916408362173328e+01
1.030191556915022622e+00 9.618866374302472266e+00
1.258583630382501983e+00 1.469388638161647265e+01
1.183402192970687938e+00 1.343463931700885894e+01
1.407089319147421858e+00 1.442776077088969089e+01
1.341012353985463035e+00 1.415810938799107888e+01
1.115822867333564616e+00 1.196255243210068286e+01
1.526858438006282181e+00 1.461718319370976360e+01
1.086583993522501457e+00 1.238828934804297077e+01
1.404620892346692074e+00 1.268088566492407665e+01
1.249776272650639619e+00 1.389457896890457889e+01
1.083282972440642977e+00 1.099801784837650764e+01
1.318906417152805322e+00 1.210943808851204118e+01
1.000851422082371656e+00 1.283442214631998723e+01
1.135957878466075988e+00 1.172340957761218050e+01
1.296884120361701642e+00 1.265276620897144255e+01
1.424614611614831938e+00 1.203030163261127861e+01
1.303590800769918845e+00 1.344826834216874190e+01
1.603415565385666763e+00 1.388463148906206968e+01
1.059607528954168432e+00 1.084999625872636031e+01
1.344196487389501593e+00 1.559358561130885690e+01
1.056584547195481560e+00 1.259620381037995074e+01
1.069836348146026461e+00 1.103357314165672776e+01
1.150910579391163369e+00 1.289446224725810808e+01
1.485260923896218888e+00 1.288727235997981069e+01
1.413303821323812937e+00 1.182443128059180282e+01
1.479979194502131445e+00 1.381737289508579636e+01
1.063171951277563698e+00 1.250642605378286731e+01
1.466365287233172943e+00 1.473567463594144655e+01
1.128385998600595963e+00 1.209394783927163886e+01
1.374230791021411768e+00 1.267538769689489087e+01
1.334010370141888391e+00 1.306285944817514633e+01
1.042158985670801119e+00 1.126053636920278400e+01
1.030063209709820571e+00 9.809829112241359894e+00
1.142906656789975717e+00 1.372104783332146383e+01
1.662431929393290098e+00 1.524627747529979160e+01
1.131977144037497940e+00 1.112616084684935203e+01
1.170345293750890692e+00 1.075129742554136847e+01
1.239241594409144387e+00 1.156208613215352798e+01
1.244261111385005947e+00 1.423107129013311578e+01
1.222768953371036194e+00 1.334719008238490545e+01
1.679518239350555442e+00 1.481922509866477000e+01
1.215458462181659538e+00 1.165415341910042990e+01
1.069078778023395682e+00 1.124713099303326835e+01
1.018252152405588085e+00 1.056053096361668331e+01
1.191724686930548449e+00 1.463513756215071737e+01
1.059132674347187164e+00 1.090844448425486135e+01
1.471396688080565784e+00 1.242694353915431194e+01
1.151915301203825459e+00 1.217905012371614859e+01
1.254234632702332597e+00 1.263132677606907350e+01
1.451994402896024994e+00 1.326960728382035981e+01
1.627871803875223566e+00 1.340457908489516115e+01
1.204539844682641414e+00 1.136646150851715120e+01
1.177196663370935648e+00 1.099701469366912043e+01
1.455278909157235345e+00 1.564257722664659767e+01
1.571184823722969748e+00 1.367240083016833907e+01
1.135703043163803772e+00 1.138615544660281920e+01
1.439963158109230257e+00 1.369045722869487847e+01
1.352837934898110994e+00 1.510079311383347189e+01
1.061726666969832866e+00 1.240351511931369899e+01
1.572009648806038662e+00 1.366813212508589359e+01
1.018622791013524598e+00 1.201112654534554558e+01
1.488337110023507659e+00 1.423371113077467953e+01
1.341575866175327425e+00 1.513088858930511194e+01
1.230410588798396931e+00 1.320689767814080184e+01
1.171002110759568282e+00 1.172509018696074001e+01
1.286234004105339723e+00 1.333918555638851799e+01
1.086400634159037981e+00 1.048267246634526373e+01
1.287809891525175221e+00 1.317686466729188055e+01
1.382861436715351555e+00 1.265153129046768754e+01
1.869925712125029449e+00 1.457092731948996800e+01
1.373428379647376296e+00 1.323200411319846737e+01
1.283077748219931369e+00 1.153297166802542861e+01
1.240914364868772601e+00 1.225197631296757272e+01
1.118063067178661774e+00 1.379988784859344975e+01
1.185544094089678202e+00 1.380924013189351385e+01
1.288790612542006997e+00 1.243808667822741754e+01
1.548129852457329259e+00 1.316272290338584838e+01
1.194246016968343316e+00 1.151148510004962766e+01
1.232145515214075893e+00 1.232541785062314688e+01
1.252879583983265821e+00 1.172700551309175765e+01
1.037736431158976291e+00 1.141150455931475349e+01
1.390390251161786717e+00 1.541803587969802081e+01
1.245151227122225590e+00 1.280734111634924588e+01
1.200853780029310869e+00 1.279048676499613890e+01
1.070353197034959791e+00 1.077299218305746464e+01
1.142730811281167380e+00 1.137159629973302444e+01
1.067011415815109832e+00 1.179873676787357617e+01
1.584524168395761157e+00 1.596843883533512809e+01
1.460630557789392547e+00 1.359917585847835753e+01
1.087442571943105118e+00 1.150684594318405374e+01
1.248442134901380340e+00 1.411183270928964362e+01
1.272247846299347396e+00 1.351113217547409562e+01
1.375210841255291472e+00 1.257655024961674073e+01
1.437022566398892476e+00 1.379173127843398916e+01
1.422720301499378781e+00 1.475773172013993673e+01
1.601646808828758761e+00 1.589502384740297103e+01
1.093344274265690697e+00 1.137084681412657083e+01
1.288323658177591202e+00 1.329335005343769538e+01
1.513964858605561181e+00 1.443288153484569492e+01
1.421176079067117071e+00 1.271457072339856609e+01
1.152761480934916039e+00 1.327018808442945641e+01
1.197799481319522075e+00 1.258758359936058824e+01
1.239216050527567115e+00 1.300649627348996873e+01
1.315882922143686296e+00 1.248044420264253418e+01
1.293707189363466403e+00 1.125194325910598359e+01
1.094932842670549134e+00 1.273175073321165485e+01
1.214643971944827650e+00 1.199845663086049719e+01
1.623147913543327103e+00 1.511624652340486108e+01
1.192461651266485179e+00 1.242278958296295777e+01
1.187367407551813470e+00 1.391200954137500645e+01
1.267533686888499656e+00 1.180761678955207117e+01
1.183397374932581014e+00 1.364050944187457759e+01
1.034907980139081252e+00 1.298166073975061963e+01
1.162671836511020462e+00 1.088952511269246770e+01
1.028166733196706817e+00 1.038503392271458026e+01
1.254195528238775781e+00 1.176533583382968473e+01
1.277554164846076867e+00 1.133105167839314653e+01
1.034255306114458595e+00 1.239952920042091478e+01
1.466996651949756592e+00 1.375587172679934156e+01
1.231470364513868709e+00 1.119953188329123073e+01
1.636930657340225359e+00 1.434929193779558076e+01
1.869704757509356607e+00 1.495401219008935811e+01
1.153836348927193445e+00 1.304449963657846467e+01
1.379398342367817554e+00 1.399814363626121150e+01
1.193542982175317180e+00 1.542790368229709586e+01
1.154983817812713864e+00 1.250987575157227027e+01
1.118982680213172376e+00 1.374759341560935155e+01
1.235888252498193118e+00 1.182862009238704104e+01
1.143104052334058318e+00 1.234605323960512813e+01
1.311640087148464362e+00 1.379117038814773011e+01
1.719612721543423817e+00 1.446393798955851295e+01
1.100255143182058859e+00 1.097913130276058169e+01
1.210888909415761994e+00 1.070153703284587898e+01
1.466790376465305190e+00 1.456389219548666247e+01
1.059033082808776838e+00 1.184471839963470075e+01
1.407647227087316821e+00 1.593557285293814374e+01
1.192842653409277087e+00 1.143451813797564753e+01
1.228596103757312097e+00 1.136484025999990699e+01
1.253637613135413442e+00 1.342538846113374973e+01
1.152918003026500937e+00 1.185941425862508325e+01
1.156362080301980955e+00 1.085261108755110193e+01
1.483863267308393352e+00 1.483675151936436976e+01
1.021959557834738686e+00 9.688256642001604746e+00
1.453691482752321074e+00 1.259467372223985038e+01
1.076860003886305206e+00 1.177159967019943743e+01
1.444998223491917644e+00 1.213771898775251046e+01
1.249221744805126377e+00 1.263978242256941797e+01
1.355635657306786701e+00 1.495403603172076501e+01
1.577264087278096305e+00 1.437800114050336120e+01
1.371868155225195673e+00 1.278370540877086015e+01
1.478228488261926987e+00 1.449571018582242488e+01
1.320762934558698642e+00 1.179426202630450859e+01
1.296267104581849239e+00 1.166190213177871371e+01
1.337379273583031436e+00 1.225106173891026451e+01
1.351496509215459607e+00 1.354429385490753290e+01
1.461563194131599408e+00 1.343865047073352414e+01
1.338732818485220522e+00 1.291496794867564546e+01
1.198311081945098167e+00 1.337673730643762227e+01
1.473405684187133247e+00 1.256280821982913665e+01
1.170732716152968145e+00 1.182914306818522121e+01
1.266528528777165485e+00 1.239751385732427380e+01
1.173239324634377079e+00 1.060108090222484734e+01
1.075429693113881591e+00 1.362384531932936937e+01
1.156352392384806027e+00 1.243202145463743591e+01
1.332400346596121166e+00 1.351810841191374024e+01
1.200712583325045602e+00 1.268289064498981134e+01
1.334971139284474306e+00 1.433220830255411471e+01
1.375383964434489403e+00 1.383068432220527910e+01
1.165784046819326791e+00 1.243172538188860798e+01
1.283615732275189547e+00 1.271175638094312887e+01
1.576481204365354216e+00 1.486022263212243999e+01
1.104007014878193971e+00 1.136085346093114268e+01
1.342546074382706234e+00 1.329613764575322676e+01
1.058302824693172273e+00 1.136254177150987488e+01
1.610576176530979176e+00 1.393463318672873541e+01
1.393769662538959064e+00 1.352486843820676654e+01
1.294812267430818231e+00 1.368592850158303165e+01
1.155542018153124406e+00 1.200803205808935203e+01
1.334562345822870144e+00 1.409271392292322034e+01
1.073807142800768721e+00 1.190449055643224696e+01
1.377512410096436657e+00 1.304033135988882464e+01
1.084213397635095166e+00 1.114197168840154717e+01
1.246799687845677296e+00 1.294332393388023661e+01
1.464569858114881828e+00 1.305914233397237822e+01
1.035378560549722327e+00 1.093730640551702038e+01
1.056674400524144408e+00 1.264264183352302595e+01
1.103480178563625014e+00 1.139220668957272409e+01
1.354565815536216133e+00 1.414989250591828807e+01
1.232244815451654985e+00 1.173170396580990626e+01
1.265392560372693431e+00 1.172196409848352339e+01
1.265916834541179536e+00 1.471021085999580791e+01
1.099652242285924730e+00 1.193913398779676704e+01
1.091891113881347852e+00 1.050147699419778924e+01
1.322800324087573642e+00 1.179808476657066407e+01
1.062084238634878774e+00 1.115136753895182409e+01
1.353886277986854347e+00 1.212599902286088849e+01
1.456989411935220913e+00 1.259064468156355332e+01
1.211925805762614328e+00 1.397440610678992456e+01
1.365962314890580398e+00 1.336392871847948172e+01
1.142421402865029911e+00 1.362825846088630044e+01
1.192377084074379034e+00 1.186224445380903347e+01
1.269518191716908051e+00 1.366063727271107808e+01
1.156397355474232391e+00 1.068509444199875880e+01
1.196832585160792162e+00 1.120744026544391936e+01
1.076512392662782425e+00 1.057003445931239050e+01
1.629384329871568893e+00 1.466428094819259087e+01
1.391461354653652283e+00 1.288557614334666823e+01
1.201808445210961418e+00 1.275086441476444676e+01
1.282016043208648925e+00 1.352419451248470494e+01
1.062930667381810856e+00 1.332646295933641412e+01
1.017236613258794220e+00 1.167595772268110110e+01
1.068378622302449843e+00 1.227926718761317915e+01
1.571459355639550193e+00 1.471010313843648021e+01
1.062083060624756881e+00 1.156350690449683860e+01
1.182277752059235798e+00 1.128835078309841222e+01
1.325444790228212044e+00 1.232768387389121401e+01
1.021679661859010491e+00 1.256796373484611706e+01
1.631247268735143141e+00 1.536450023291513389e+01
1.033201792714258715e+00 1.278999339632031251e+01
1.088179842997791802e+00 1.182891683999379850e+01
1.361530978937611103e+00 1.351433314795441021e+01
1.353330691391349649e+00 1.216786646014312900e+01
1.317833393246433449e+00 1.283629548705965462e+01
1.243276781384699436e+00 1.398837716502804085e+01
1.318921291032115750e+00 1.208356176618197431e+01
1.127575286944067168e+00 1.358729891207492457e+01
1.053676347415712700e+00 1.305156841383377753e+01
1.365982922703972591e+00 1.406413309811366474e+01
1.313432143752282899e+00 1.191952591017709295e+01
1.453185483906580311e+00 1.219535250673304105e+01
1.345228718306236804e+00 1.222777424337526320e+01
1.383431372394424486e+00 1.443961838735600267e+01
1.061877106233696910e+00 1.336777921955559023e+01
1.174579112685006033e+00 1.108178261075473259e+01
1.855498805626740300e+00 1.585926575862954735e+01
1.416544502530884930e+00 1.494987567873261725e+01
1.302996108268155151e+00 1.340095056249098704e+01
1.166803910401088551e+00 1.197963988859940798e+01
1.452004629035245298e+00 1.421148348761717628e+01
1.252905120059540689e+00 1.206291269538125199e+01
1.179492974784633885e+00 1.183738948761017440e+01
1.432805474649906374e+00 1.349352271882036902e+01
1.246767531323198952e+00 1.347790809232244413e+01
1.120442420378159554e+00 1.232051527465576513e+01
1.203606227024327957e+00 1.063683616915409935e+01
1.185104745786520031e+00 1.190398269041390478e+01
1.030694055060276115e+00 1.075024711863458649e+01
1.075932284520971560e+00 1.096038436485751077e+01
1.489788984837018271e+00 1.276330111366010200e+01
1.337059365221392682e+00 1.233006826618719742e+01
1.222308428774593114e+00 1.387866165046821010e+01
1.279597763373916175e+00 1.346298279294672540e+01
1.058709702475483461e+00 1.275019970015480197e+01
1.031382850140208918e+00 1.148406773636670053e+01
1.139331482029534159e+00 1.232999070983948542e+01
1.154930970078382746e+00 1.123088040427457912e+01
1.074887772971824917e+00 1.217307019694379910e+01
1.079934837214524546e+00 1.059315483226334464e+01
1.175088901107090189e+00 1.142642663664116398e+01
1.103941188835119602e+00 1.246940021798279119e+01
1.250782898086529649e+00 1.191875233729250105e+01
1.168165724424945928e+00 1.191387776894246464e+01
1.527580146262409899e+00 1.505211756268015222e+01
1.222929094787946092e+00 1.339364385004507696e+01
1.159724991725703758e+00 1.067426831596814729e+01
1.230842290439036146e+00 1.332625435401491387e+01
1.266946192537268701e+00 1.212170123594505178e+01
1.309395658288780240e+00 1.216767388568800179e+01
1.152630909583876040e+00 1.483541700785857387e+01
1.191013502623062603e+00 1.173571295866038078e+01
1.296619790289539775e+00 1.249421965850011418e+01
1.269088240597540107e+00 1.166206163513769312e+01
1.617932047255330907e+00 1.445250970598341667e+01
1.222650979671971339e+00 1.055866386250315792e+01
1.202741192406109993e+00 1.119013832549662624e+01
1.171098570581124543e+00 1.266113573543464454e+01
1.657355115394588019e+00 1.584487650732235764e+01
1.266898019152046695e+00 1.177469396295855120e+01
1.139762263536020725e+00 1.059757205695603233e+01
1.375830469342420148e+00 1.287595370252573801e+01
1.095846685409371801e+00 1.292628253282656559e+01
1.497530729645084824e+00 1.554882047194999117e+01
1.254198563557518797e+00 1.272237742878622413e+01
1.194971023929116249e+00 1.320149600042918436e+01
1.357189465420929331e+00 1.156692120879850272e+01
1.226199750257033427e+00 1.274531452178154467e+01
1.359472917330309949e+00 1.286982895322893938e+01
1.289126523647586398e+00 1.086691331238822755e+01
1.104353933312862024e+00 1.235749690915528021e+01
1.369014023481863740e+00 1.203377736360074657e+01
1.247917200484877975e+00 1.268019927835660710e+01
1.159783278594804568e+00 1.296762042208740695e+01
1.080070862776234542e+00 1.065664151640048019e+01
1.137421350156340827e+00 1.279433111995146177e+01
1.326705970097961984e+00 1.209359258685259064e+01
1.169946444071412017e+00 1.173597483412181042e+01
1.333790233364659183e+00 1.278660090013133299e+01
1.232281356771524283e+00 1.207672850523056596e+01
1.110339920881731057e+00 1.133486195163537502e+01
1.267413213634901226e+00 1.275038187995415129e+01
1.463076807139664037e+00 1.403387454856587979e+01
1.433368180989152973e+00 1.303204620533856684e+01
1.433707542946286662e+00 1.314031322725138651e+01
1.091666040020760509e+00 1.098501933150105359e+01
1.202143161658650650e+00 1.146309350153889817e+01
1.494415351452854201e+00 1.437415076362605859e+01
1.553427965920192833e+00 1.583581401041227821e+01
1.200314098261292539e+00 1.218514727171421796e+01
1.258579537384677760e+00 1.202104745409934239e+01
1.669182375592409784e+00 1.417235368765387804e+01
1.397674884521203920e+00 1.362105208583740534e+01
1.240041445782992913e+00 1.439078154492764483e+01
1.223696617830478228e+00 1.065471668840587149e+01
1.064039192154549340e+00 1.208393528971663500e+01
1.287659086173730483e+00 1.280425526375138290e+01
1.110911948764140345e+00 1.068976274321709852e+01
1.175482909383922081e+00 1.284547427976150047e+01
1.098148021895709592e+00 1.045038460906124556e+01
1.180324575581024993e+00 1.286072524744849588e+01
1.190606585626316605e+00 1.129296886316832982e+01
1.036438009113312742e+00 1.143311213946875782e+01
1.168994652432485681e+00 1.301657044998767887e+01
1.498161348926273950e+00 1.352556335557047618e+01
1.356473993562259839e+00 1.265925835774720909e+01
1.230985183040917752e+00 1.323406890070234709e+01
1.255783000457196819e+00 1.146660014601000910e+01
1.130618224059145360e+00 1.359542378363708082e+01
1.181801993998646605e+00 1.395508250747313284e+01
1.034813678873251153e+00 1.176124570374377143e+01
1.430549807824929243e+00 1.245323467108021731e+01
1.130140729881068840e+00 1.282104740396196618e+01
1.177240276194296609e+00 1.042402597795057062e+01
1.241258154438060091e+00 1.183255826860505167e+01
1.090865588694110766e+00 1.001585405112020943e+01
1.158031870387781215e+00 1.288728021616914177e+01
1.332171365499660753e+00 1.459036067023408734e+01
1.308003936454687377e+00 1.379451706507708764e+01
1.342845464987513227e+00 1.366492359106181809e+01
1.127374299158665272e+00 1.415833788764274459e+01
1.408837980090396957e+00 1.263626561560046468e+01
1.250396689306520592e+00 1.252090493514764091e+01
1.323123802118663095e+00 1.399487452460133241e+01
1.038445996797003001e+00 1.196445257092707593e+01
1.180066814228219130e+00 1.071028902399895522e+01
1.130014801048393469e+00 1.348966662819892903e+01
1.339600947119378826e+00 1.330722868285552707e+01
1.162539286394942195e+00 1.158386372086452454e+01
1.630870810324985598e+00 1.525466737568306996e+01
1.774730603589457001e+00 1.460405471262071941e+01
1.326246286606210134e+00 1.249864702197455202e+01
1.257426946192536032e+00 1.203347677577260022e+01
1.293427085419395217e+00 1.205506871821831893e+01
1.219407145893328215e+00 1.157365116909732095e+01
1.402714430516929678e+00 1.412950370078695883e+01
1.069250255794814919e+00 1.107769621920845182e+01
1.491248437352487466e+00 1.385756228015839397e+01
1.121773879476770208e+00 1.161656328545950245e+01
1.307949900569444157e+00 1.400223068398522130e+01
1.105203164277775096e+00 1.191486633374788795e+01
1.217719854164384774e+00 1.214175744359858555e+01
1.291137782377685284e+00 1.311688124446216008e+01
1.139144465171160636e+00 1.115406942223207309e+01
1.286471589871822196e+00 1.212944582856286324e+01
1.291410030251358254e+00 1.246909340747954076e+01
1.044763544819060197e+00 1.064519670304403931e+01
1.016483506620828203e+00 1.099076014566314541e+01
1.225197835503270882e+00 1.272079703877995982e+01
1.217360520043409444e+00 1.318765299961168225e+01
1.353923232234363061e+00 1.238400975496107037e+01
1.323514318306416859e+00 1.411846199822504389e+01
1.417104253325923491e+00 1.414143854402290756e+01
1.488773679832039898e+00 1.332359296814162875e+01
1.223390104265171363e+00 1.129959758516415391e+01
1.328755183236848714e+00 1.200249422874822081e+01
1.193289818921338785e+00 1.096086526805127370e+01
1.742712539274026362e+00 1.597570312009521132e+01
1.268743810236416136e+00 1.156497996652360882e+01
1.495050631247419437e+00 1.365478309840782600e+01
1.182647689386079781e+00 1.228384295939114779e+01
1.675119766272268773e+00 1.476949967072167880e+01
1.273006104861983623e+00 1.304983572444855611e+01
1.360566800320656355e+00 1.338458801062185088e+01
1.179042882798384317e+00 1.149222986932249313e+01
1.047464313057955732e+00 9.750623776591258007e+00
1.064780133984954080e+00 1.147967921574104011e+01
1.105869748864525270e+00 1.327894381971954729e+01
1.391046173120392915e+00 1.447001177017656559e+01
1.706884256078501583e+00 1.584789262837863788e+01
1.272716223934296398e+00 1.223702523262886288e+01
1.151953523274724667e+00 1.389259453230455321e+01
1.244503875381759217e+00 1.116861850856047766e+01
1.139273198231998574e+00 1.420336432067166399e+01
1.083140530518112987e+00 1.329163192067864330e+01
1.255720253649846851e+00 1.115398120148077687e+01
1.412845407087774063e+00 1.412337380400930442e+01
1.251537126931809851e+00 1.112828949493248842e+01
1.450550722266980674e+00 1.311301552340395205e+01
1.215459629250996043e+00 1.323821037160873360e+01
1.361393524050273696e+00 1.372731270134659809e+01
1.260912798990386108e+00 1.304324447218724004e+01
1.295757520687993214e+00 1.281259732775680504e+01
1.187320398854875281e+00 1.539789163661190585e+01
1.466314589401051194e+00 1.439089861546920091e+01
1.411086003886371287e+00 1.266780817036455886e+01
1.067271622031053857e+00 1.210322372375458500e+01
1.508807703566295011e+00 1.248711229312978688e+01
1.314737055369624485e+00 1.270056032163587290e+01
1.177869802653786824e+00 1.321361189414637138e+01
1.092036421903962218e+00 1.150790355161670320e+01
1.306812570187870559e+00 1.155548067440445337e+01
1.348233101483044205e+00 1.386088647614958091e+01
1.109074808650607036e+00 1.200561537367068610e+01
1.395517784659843885e+00 1.259058460292600756e+01
1.258721561226943120e+00 1.087411171344562000e+01
1.265399828993073683e+00 1.223594586902851233e+01
1.295587988686042857e+00 1.460749057043715027e+01
1.086286367501629435e+00 1.024246399052676182e+01
1.309917547706710872e+00 1.160380715768221194e+01
1.177630688383465074e+00 1.269890339806983448e+01
1.497084114695103940e+00 1.463996420744114246e+01
1.617815623587492091e+00 1.425125648428220870e+01
1.271593213354558882e+00 1.280794517870627303e+01
1.385613604124152465e+00 1.278784746337100131e+01
1.051673716459694319e+00 1.076012599773049061e+01
1.094253153040537718e+00 1.165553343734576508e+01
1.196267484440595386e+00 1.276603207172217935e+01
1.258342160846773972e+00 1.304416534866010480e+01
1.115194160917353461e+00 1.261695041677301532e+01
1.140117651039181945e+00 1.363043940311916202e+01
1.302448034438981939e+00 1.258157245886257769e+01
1.394368546117685792e+00 1.322143564029536122e+01
1.001411303922875806e+00 1.096758623100911123e+01
1.003574743225082555e+00 1.146996409173788223e+01
1.522537637957316115e+00 1.301757805581967276e+01
1.087475271094478835e+00 1.214044313270981412e+01
1.207943269726942326e+00 1.061138894224265528e+01
1.330641486115891725e+00 1.169698964752246617e+01
1.236177925567655933e+00 1.246636865189633525e+01
1.658901911684663055e+00 1.555748313225630142e+01
1.574270173526331362e+00 1.517417001241894070e+01
1.468989321071508369e+00 1.300061616500688189e+01
1.259392163407229148e+00 1.428351202510573614e+01
1.075011487678926070e+00 1.065851145394502808e+01
1.470520147115607301e+00 1.384781191868350092e+01
1.375814920345733938e+00 1.249903026995123412e+01
1.051581916846962894e+00 1.258651777225023594e+01
1.117639290179942124e+00 1.115118270187023874e+01
1.413003466310980727e+00 1.439210427711535090e+01
1.703536930021533724e+00 1.430016477088918947e+01
1.465038739049364658e+00 1.326166014917287939e+01
1.433503078057484226e+00 1.209879524638516912e+01
1.425863474841394751e+00 1.383223085678213238e+01
1.239656646598747525e+00 1.203081267923220565e+01
1.403435116029670526e+00 1.268432023739380199e+01
1.185695346739686684e+00 1.430716453697469603e+01
1.623159138189087747e+00 1.397051730834214922e+01
1.256819703439199909e+00 1.436091120891276773e+01
1.309300020295773193e+00 1.218393766509390375e+01
1.081664539556674631e+00 1.081866319383416020e+01
1.170038316175396442e+00 1.256459231960132072e+01
1.602064275696283513e+00 1.513388145877132018e+01
1.560871591306127293e+00 1.401992716073790746e+01
1.211268018034072025e+00 1.443025840653436020e+01
1.140634176330188154e+00 1.054794580431243389e+01
1.096494221314432416e+00 1.032550712448261621e+01
1.380177241949993583e+00 1.435430300545326432e+01
1.094348810262873117e+00 1.132121351198568249e+01
1.323192035360214014e+00 1.386084357582242177e+01
1.328434368552446454e+00 1.291545057204317359e+01
1.077360767454484725e+00 1.128519971584166726e+01
1.066846496239744368e+00 1.307560966133802438e+01
1.077770272048793831e+00 1.136647453891936443e+01
1.362956591854978416e+00 1.191892808544982252e+01
1.517864494617625404e+00 1.428724037582491491e+01
1.000657996893446144e+00 1.147373978448866083e+01
1.106436707727244118e+00 1.379469812105573823e+01
1.120967713432396984e+00 1.329799091826107471e+01
1.011925000903538097e+00 1.160385009653770894e+01
1.592065029332142334e+00 1.523002924039827377e+01
1.170648262506113868e+00 1.160015652909972417e+01
1.126692340295725403e+00 1.026991409345867723e+01
1.351383876632353820e+00 1.313719279579614607e+01
1.304809861938647231e+00 1.255710931180853507e+01
1.333692521801975728e+00 1.197539514439158914e+01
1.317006321203138652e+00 1.392997791932015161e+01
1.273761418384494082e+00 1.222115574522613812e+01
1.231626793301020539e+00 1.213658056264660523e+01
1.286310745569840819e+00 1.347309229817900800e+01
1.452040424098762994e+00 1.427850069552665957e+01
1.444857059981433656e+00 1.432149147577547765e+01
1.481809995462007201e+00 1.326000759876901824e+01
1.233327697826401170e+00 1.099395552211282912e+01
1.512491436900895270e+00 1.378127173056912014e+01
1.339506233983091654e+00 1.152077008507285427e+01
1.464114082829674368e+00 1.432612666061930895e+01
1.605622807199857061e+00 1.598184733526571222e+01
1.308138821197114776e+00 1.439654080788600510e+01
1.069948169627801704e+00 1.166099825610257668e+01
1.164406715617489763e+00 1.337130534209062560e+01
1.084135755052881844e+00 1.191459563467913441e+01
1.184176772948212886e+00 1.165475101339045239e+01
1.023578459644350902e+00 1.120922551147930868e+01
1.355010945581327064e+00 1.292753721186400284e+01
1.295964755325092588e+00 1.221201681378912340e+01
1.319257002575562332e+00 1.334527429454649905e+01
1.227790101775869225e+00 1.142815583754076059e+01
1.030895764319536001e+00 1.108857089602208390e+01
1.264101177997410286e+00 1.262367534700294769e+01
1.215457870608675828e+00 1.345902122131395018e+01
1.116818947707773901e+00 1.064530283560482715e+01
1.172791630683285513e+00 1.375044099500982853e+01
1.316761549888113780e+00 1.435519440535636804e+01
1.110221367706572648e+00 1.084941989400070739e+01
1.568895636712132502e+00 1.323205355359292668e+01
1.347898854421545334e+00 1.317017226232735183e+01
1.177960571447104421e+00 1.175286754802674949e+01
1.372489710514566807e+00 1.267861869762821314e+01
1.082234923360336332e+00 1.134182145114526463e+01
1.374026187115774400e+00 1.238360526972504161e+01
1.395749610873857183e+00 1.268877218452247746e+01
1.445711148206439312e+00 1.270041361118425627e+01
1.283319190623598560e+00 1.256303920734658419e+01
1.162345618817902437e+00 1.245545119718902427e+01
1.369515230035168507e+00 1.297613527394579336e+01
1.247678405321563933e+00 1.361038814570306599e+01
1.065048251599966411e+00 1.164477808324336827e+01
1.224904223743868981e+00 1.422051787933642331e+01
1.233217088537922557e+00 1.088059278306904609e+01
1.262654308513745161e+00 1.145769238626737518e+01
1.372314482941138447e+00 1.325536260375032427e+01
1.206278739624159435e+00 1.321888184516850018e+01
1.042520340277924840e+00 1.159882460448904240e+01
1.330290040751116454e+00 1.447367766014727053e+01
1.221332014284261192e+00 1.264887048236633049e+01
1.254010360597925144e+00 1.330598075987881401e+01
1.063817062965761062e+00 1.086841730554719909e+01
1.426308077871316637e+00 1.470597010463914245e+01
1.392415081021207701e+00 1.344851595888812668e+01
1.655470470594898380e+00 1.412825097498643601e+01
1.314686084818282197e+00 1.254938056418441050e+01
1.089006844256961593e+00 1.139742159921410902e+01
1.226815433294647484e+00 1.181364464209949716e+01
1.108314195683036907e+00 1.235116095462980468e+01
1.144056539718183885e+00 1.170784828548397982e+01
1.746884651974103475e+00 1.496666799723275432e+01
1.412842871509443876e+00 1.264066383109122427e+01
1.411569946004012532e+00 1.265262494468523968e+01
1.065469522305595218e+00 1.016990722837208416e+01
1.131683927386061272e+00 1.445990983252842810e+01
1.101137184526244983e+00 1.251162829769184626e+01
1.336911738596820998e+00 1.320169787187305488e+01
1.167240650670405167e+00 1.174262487416454093e+01
1.245676169718742843e+00 1.316543638229618196e+01
1.311608297242982113e+00 1.410495890100934346e+01
1.314917123819220768e+00 1.243181511088858926e+01
1.326031523390724942e+00 1.227872441582016094e+01
1.429815598883641847e+00 1.395423130321420047e+01
1.462789065386323584e+00 1.387815890819049613e+01
1.545261712584405256e+00 1.515228053069902359e+01
1.248938626558631526e+00 1.344328320243271691e+01
1.160064522007346666e+00 1.272355428862801574e+01
1.135394755393408062e+00 1.242733259307570748e+01
1.381739201576317910e+00 1.340202817211600106e+01
1.316578811003013882e+00 1.300887199673689310e+01
1.288507203589645211e+00 1.349566038178721072e+01
1.025801981544548935e+00 1.204799600707948315e+01
1.042170509854999150e+00 1.203188665135867907e+01
1.129110849086795154e+00 1.166978880163317633e+01
1.265036580132433031e+00 1.287257403922394516e+01
1.084036379590726629e+00 1.305515778239305646e+01
1.361626842156708372e+00 1.372280284237700698e+01
1.476065259876834013e+00 1.529588554845242143e+01
1.149929282994847313e+00 1.102400301740475896e+01
1.498854755982754083e+00 1.293006575522172952e+01
1.269025707789861901e+00 1.084533065998202872e+01
1.453653949413357127e+00 1.360498542712702275e+01
1.262155466315915575e+00 1.504413013439848967e+01
1.087974203015988239e+00 1.119946028003100835e+01
1.236292699038296750e+00 1.223772475443008645e+01
1.071054708459800331e+00 9.674230667588837207e+00
1.335317490433212573e+00 1.204577611413197147e+01
1.678711841170249741e+00 1.473408780124433548e+01
1.361958391100359655e+00 1.305689827471042719e+01
1.488452993815803538e+00 1.366327057019158175e+01
1.058693662470735708e+00 1.109142081889245368e+01
1.031897380613474358e+00 1.044467521916882902e+01
1.039625538282385353e+00 1.141354359770949678e+01
1.312838141071822173e+00 1.247560718706200689e+01
1.222213879248747359e+00 1.222459091864612368e+01
1.214709110673573234e+00 1.366247669710621793e+01
1.331110742829774374e+00 1.411339200283174478e+01
1.208649832364276477e+00 1.171564343362116389e+01
1.356489061561716447e+00 1.302753617515190143e+01
1.158771641972322630e+00 1.080663966317940883e+01
1.136096562179447211e+00 1.292106830246957117e+01
1.329558148500757264e+00 1.235834391266858745e+01
1.635833234448547557e+00 1.413254351918664753e+01
1.528792297021285274e+00 1.461215577195964954e+01
1.331487667985509660e+00 1.197979735176725313e+01
1.290894425713674742e+00 1.397888765521988574e+01
1.179055448957610164e+00 1.127318377383738834e+01
1.059529728155378159e+00 1.075259326294929352e+01
1.498084450347336727e+00 1.254448596340446187e+01
1.230780390890925169e+00 1.333640903512677411e+01
1.141151777036796267e+00 1.068013558130967411e+01
1.262724318602223006e+00 1.312927969716618293e+01
1.096713428776299848e+00 1.152386234819082844e+01
1.422969445092771235e+00 1.324366532721169776e+01
1.488241673389226083e+00 1.377708967279304630e+01
1.499533287533327375e+00 1.491814801014225722e+01
1.077938575785728492e+00 1.102949490062865934e+01
1.240449189614751369e+00 1.221192003511536939e+01
1.399302020052326290e+00 1.273316153017794861e+01
1.409332231347501185e+00 1.213913844354284777e+01
1.099524694414127479e+00 1.244641798107988606e+01
1.060076850621926248e+00 1.178668026109026279e+01
1.304136448991554786e+00 1.225605231544056295e+01
1.050244954660471963e+00 1.003598465491702285e+01
1.070180528263510622e+00 1.176437475659972520e+01
1.356202692963487388e+00 1.312209209620081651e+01
1.077198626837568840e+00 1.164203219638733700e+01
1.251288951841247776e+00 1.329990694123449657e+01
1.504172672797347232e+00 1.596357669312158123e+01
1.307634705042010514e+00 1.314676543020465616e+01
1.261284038088740456e+00 1.131459278922913470e+01
1.412732160725605812e+00 1.311139414975979989e+01
1.594067939204481199e+00 1.551306347611992820e+01
1.094472728841094034e+00 1.237393716116037368e+01
1.082706851989219565e+00 1.192088980211689986e+01
1.560466389646204100e+00 1.406534958933339752e+01
1.312177355888934471e+00 1.396744215356644858e+01
1.279536949270070334e+00 1.331662019999730973e+01
1.071730666440132707e+00 1.005301319125802983e+01
1.106586693188786219e+00 1.049025112616497779e+01
1.384082409311606643e+00 1.411605361238543210e+01
1.259805078042566695e+00 1.488333822685701335e+01
1.528894663547176069e+00 1.536348193281581231e+01
1.422208888905873492e+00 1.485348624630802306e+01
1.093477702913409511e+00 1.091486000443593163e+01
1.494002105033062300e+00 1.489455745772123763e+01
1.249846828640787777e+00 1.238642047206200303e+01
1.247551206875197494e+00 1.437187197159252960e+01
1.590417118675766517e+00 1.597731653869574941e+01
1.371475625126208353e+00 1.351674825443532058e+01
1.243908932574285586e+00 1.279284463257017634e+01
1.301107481482009831e+00 1.138117420588355344e+01
1.287508435433058152e+00 1.367568828673483594e+01
1.345387698821940425e+00 1.373451006788798168e+01
1.008754053014020657e+00 1.108704787017338589e+01
1.187389603589666942e+00 1.339126886718423748e+01
1.376170591435428081e+00 1.260714725733034314e+01
1.353244728224104243e+00 1.237966283270766255e+01
1.154912997493592330e+00 1.182787558721499721e+01
1.434088198506629830e+00 1.425977133985693968e+01
1.219266373424224392e+00 1.198548635665430950e+01
1.411402889371796032e+00 1.430685823326965789e+01
1.459207935680186363e+00 1.451591585231692250e+01
1.082108828053346183e+00 1.168642926755613765e+01
1.056740808712492985e+00 9.979129127347505346e+00
1.432863561578264333e+00 1.169229633312573391e+01
1.498869407751255212e+00 1.452805063714145817e+01
1.587041765990461428e+00 1.464220439293421094e+01
1.268795800900509807e+00 1.335039559355779559e+01
1.065461610027057748e+00 9.764054567285871400e+00
1.345174525966960744e+00 1.276156775684533073e+01
1.358997786754035486e+00 1.313298044144958254e+01
1.400136138397909180e+00 1.429359864891080534e+01
1.084337333504318268e+00 1.110679336343149970e+01
1.084203233768846975e+00 1.133283793580506327e+01
1.151521340547746686e+00 1.197263879436095380e+01
1.097455589844598567e+00 1.213892946203329615e+01
1.409626202603000866e+00 1.335415178073974829e+01
1.531217686473258510e+00 1.327888010560802101e+01
1.533247372826044064e+00 1.243334924278503451e+01
1.205473812484171514e+00 1.146150210810019132e+01
1.316129014700879285e+00 1.327694963315455823e+01
1.036532570241011086e+00 1.255120696544105030e+01
1.215607221700310436e+00 1.071841408442453769e+01
1.323122058455552752e+00 1.220321262725451916e+01
1.356168094278392466e+00 1.459826221951664849e+01
1.326869866772573126e+00 1.225511114273187019e+01
1.286211076959986599e+00 1.315257289106223837e+01
1.612570779902686269e+00 1.488202582706847821e+01
1.528319714325817369e+00 1.562537985146202857e+01
1.533529306811656667e+00 1.364296354503863284e+01
1.033214444489630512e+00 1.020239781852386152e+01
1.174155458294128485e+00 1.304734361583630076e+01
1.139395347549116089e+00 1.216484251314226483e+01
1.210052086342469302e+00 1.239078591797490247e+01
1.084646302053034583e+00 1.143424919629229919e+01
1.431365210222825368e+00 1.388542588973795944e+01
1.391917193162730104e+00 1.491763725453332867e+01
1.051785362673452351e+00 1.222224201408940303e+01
1.030775251507254353e+00 1.134692900055093290e+01
1.075336972917511957e+00 1.141724889870917892e+01
1.544294019647229455e+00 1.312452296080388336e+01
1.356497097862485512e+00 1.507731219174296555e+01
1.314642733008292597e+00 1.109508501925294510e+01
1.084468329925128760e+00 1.158789352531501393e+01
1.269366773751892330e+00 1.419666077534226645e+01
1.200867837140735972e+00 1.198140195452842072e+01
1.097500406772743631e+00 1.046791824322813014e+01
1.508711285924881018e+00 1.402944377496727313e+01
1.103309861246962065e+00 1.135199624057084122e+01
1.283427139009399642e+00 1.235479353467573205e+01
1.406123811701998516e+00 1.333930318988777231e+01
1.183506885379663309e+00 1.241019114031715986e+01
1.131803724747690199e+00 1.209055501363666707e+01
1.292815247950233282e+00 1.218844798099451232e+01
1.262137755003744255e+00 1.253242162068415766e+01
1.457999725548378311e+00 1.269920222479433747e+01
1.031386012799617058e+00 1.099253627384486087e+01
1.315556843537269316e+00 1.283572227773304775e+01
1.384945059982936932e+00 1.545802356119665077e+01
1.407768243175819389e+00 1.285975235509999592e+01
1.611220973833155989e+00 1.343830968556141414e+01
1.470989584170493192e+00 1.439081671265611106e+01
1.461523156017340952e+00 1.264051871459497889e+01
1.638526443801074706e+00 1.435774195754997251e+01
1.285264712686871258e+00 1.368649471581936439e+01
1.179970931818258517e+00 1.169036097989497769e+01
1.386451648006675086e+00 1.320135836192246614e+01
1.358795033190500323e+00 1.450853401948094756e+01
1.338955888998468069e+00 1.244471666464391291e+01
1.237332772423610949e+00 1.416476938942315300e+01
1.287876166016840740e+00 1.323391409778638561e+01
1.185407976490727711e+00 1.260743236129778211e+01
1.319770723671774837e+00 1.252798884770291110e+01
1.142841681251451469e+00 1.230775854046226847e+01
1.410068333533400775e+00 1.385131673054454993e+01
1.327089590678385722e+00 1.404737024259269873e+01
1.597818515803199002e+00 1.502334622387373031e+01
1.112218301985076652e+00 1.178207924388890504e+01
1.194057335072796100e+00 1.126687089255807095e+01
1.225090374986931518e+00 1.217401594238973317e+01
1.563312813376829924e+00 1.397962329584655095e+01
1.093793278412716230e+00 9.984588437197434274e+00
1.352876888835863101e+00 1.389390139662679147e+01
1.162320814611978337e+00 1.209449957286317812e+01
1.178180109351447902e+00 1.253227246997958133e+01
1.290852046086946370e+00 1.160876324122899383e+01
1.140615379582130995e+00 1.113190646912357451e+01
1.376487162778245343e+00 1.451197110454757322e+01
1.021621254358492825e+00 1.296483255817635438e+01
1.329983369266456883e+00 1.235227565788839854e+01
1.274430280087599066e+00 1.185952228639017392e+01
1.362438794005842890e+00 1.235959954280805206e+01
1.436034922066641073e+00 1.446816936628059835e+01
1.456272941331405946e+00 1.251470595734550884e+01
1.143104712700352188e+00 1.055365822752831662e+01
1.561991650234292095e+00 1.379624330964987067e+01
1.256125338687443360e+00 1.248377979484179079e+01
1.267797745603085779e+00 1.206309206845667603e+01
1.672705780465534531e+00 1.445588414677088451e+01
1.272330697571320668e+00 1.160097471604866826e+01
1.271613410159936119e+00 1.096165381349005585e+01
1.229295994019161009e+00 1.199960370051796232e+01
1.243477586819633274e+00 1.247972966757400570e+01
1.181409118228126554e+00 1.102653414114851316e+01
1.271793709295717889e+00 1.311646185413270516e+01
1.593964303830818441e+00 1.484531243953721713e+01
1.525306453662509609e+00 1.393312747303001586e+01
1.334535315302645797e+00 1.485628687420674865e+01
1.564505319625493662e+00 1.334031937173920568e+01
1.088744397766931105e+00 1.141351953944900366e+01
1.516351633171727720e+00 1.501537483991481992e+01
1.174706754147046617e+00 1.205541226304543656e+01
1.130875766103752733e+00 1.122652377603742480e+01
1.236532452926808467e+00 1.383754464993773681e+01
1.495977999783522083e+00 1.510570412655139805e+01
1.632703058406461238e+00 1.380850114195581568e+01
1.089624688648266559e+00 1.086463445846547415e+01
1.492861321009196107e+00 1.254163922638297635e+01
1.032284833009027514e+00 1.000729101140309574e+01
1.195200686159451964e+00 1.157497587399025463e+01
1.103199456689357483e+00 1.216865382019301833e+01
1.015977486732912327e+00 9.777736693192156991e+00
1.407474602715084178e+00 1.411550251345979134e+01
1.344330816390410632e+00 1.239557810426329354e+01
1.131099828098703020e+00 1.004771428685652879e+01
1.113948816378246942e+00 1.229179537927584676e+01
1.091546985625936328e+00 1.129127208208040756e+01
1.169281299163457799e+00 1.250650519542936934e+01
1.057477131382767777e+00 1.227129171375377048e+01
1.158658764815347908e+00 1.067448749461451740e+01
1.093526127260794123e+00 1.250341756760521150e+01
1.484636272670207813e+00 1.367367595162769334e+01
1.427379504575559288e+00 1.306494226791724245e+01
1.107932617831200783e+00 1.099851644461092448e+01
1.529193398506357493e+00 1.303923051187712545e+01
1.568467651626078041e+00 1.375664400384317076e+01
1.337219517760364962e+00 1.412091352739312100e+01
1.151108923299098308e+00 1.290801928762147810e+01
1.112482741217304172e+00 1.036576282966751350e+01
1.257403818644448723e+00 1.230810097625199617e+01
1.493294642526148630e+00 1.598233119054231111e+01
1.358186243475599797e+00 1.452565321672926402e+01
1.163128700826677520e+00 1.219291631062739611e+01
1.191071900668197570e+00 1.159014423426556739e+01
1.180744363286990950e+00 1.174494121532089075e+01
1.159913667549759886e+00 1.191776452155180266e+01
1.039876061568001830e+00 1.039051106680337355e+01
1.497030810140386636e+00 1.502563852659158883e+01
1.277362466551245523e+00 1.217952801198352120e+01
1.404001075415718836e+00 1.376268214305986604e+01
1.181707178129386859e+00 1.233642045307511204e+01
1.050884484562783161e+00 1.092756257148637289e+01
1.413526721251848972e+00 1.361000355731973954e+01
1.243017918793885679e+00 1.466531956901514278e+01
1.389043982587914394e+00 1.357311661768198263e+01
1.354259486303523552e+00 1.531174178574214295e+01
1.373817560361936030e+00 1.341437596700548696e+01
1.478250468801749040e+00 1.301906240337131493e+01
1.484820385203189597e+00 1.353259830099413819e+01
1.182955139634779718e+00 1.230327909127819197e+01
1.410236856138523009e+00 1.412117315927100236e+01
1.373647143279641547e+00 1.273746229646921790e+01
1.292752038323816466e+00 1.152751914628381158e+01
1.520591700131354473e+00 1.306589712014952909e+01
1.467163524792814755e+00 1.316720513060946374e+01
1.030183891719307354e+00 1.083589419753750072e+01
1.217670138891850273e+00 1.336011448898936038e+01
1.376163179886968013e+00 1.462886241883408545e+01
1.428369357538054052e+00 1.156298007214318702e+01
1.346980307323422110e+00 1.361243236048419547e+01
1.307140770429972454e+00 1.155743176017749363e+01
1.422703119181919718e+00 1.312259112198026045e+01
1.101146865789026652e+00 1.222484645792698643e+01
1.326565155567190235e+00 1.234284236001155755e+01
1.510199857796095335e+00 1.280837212617528564e+01
1.273283568885863026e+00 1.227601252351611549e+01
1.359964042217941316e+00 1.466684603808701581e+01
1.239485146803958715e+00 1.392874000648839328e+01
1.100963260027181256e+00 1.148577996012258140e+01
1.193320989569880863e+00 1.218521830917486071e+01
1.097253191692008523e+00 1.090749160549011698e+01
1.031433809412318992e+00 9.986384501203321662e+00
1.067852499839846203e+00 1.152263325140751427e+01
1.193368588048082657e+00 1.142399691766256353e+01
1.607782563823394018e+00 1.344217302615144760e+01
1.026922261750094156e+00 1.195862868244477717e+01
1.402731877582054532e+00 1.323306512184489492e+01
1.447657158927956544e+00 1.377909486226392488e+01
1.146223773906036358e+00 1.280950643057495597e+01
1.322081282028440219e+00 1.098504258566342351e+01
1.326551482556718842e+00 1.402720905608533641e+01
1.042239733843432603e+00 1.274734830610661618e+01
1.298486570447362487e+00 1.303752281234984878e+01
1.213854789322876382e+00 1.335526448620461792e+01
1.009621695547371578e+00 9.792339710060279145e+00
1.387088276272703702e+00 1.365527538897674731e+01
1.415687959025915932e+00 1.213760474988548310e+01
1.611562084504365444e+00 1.390371050823882015e+01
1.248291444963442576e+00 1.311175502567996176e+01
1.153745409235793939e+00 1.065540306040125884e+01
1.182462774790203897e+00 1.096966702568130714e+01
1.222446912291222487e+00 1.221155363109012093e+01
1.418603272716758568e+00 1.252762576915689507e+01
1.197690195867214813e+00 1.364182770330093319e+01
1.194137077967727834e+00 1.187374806303627572e+01
1.545027756129296215e+00 1.470980391132327370e+01
1.262234151423575756e+00 1.204145276066476811e+01
1.392943974666159601e+00 1.436862583154810125e+01
1.260005606213761231e+00 1.145750672663975145e+01
1.061700865220097212e+00 1.186491506404140139e+01
1.214603328850403896e+00 1.466705076885539327e+01
1.326234560858524869e+00 1.336078137346585848e+01
1.157992595179853978e+00 1.130093309390210621e+01
1.305419861089026412e+00 1.299882115192730581e+01
1.233903766150442172e+00 1.428072851489033468e+01
1.268867026575807744e+00 1.275979536020901506e+01
1.577305891370222479e+00 1.454231926215979698e+01
1.310539530075774506e+00 1.306970515768909280e+01
1.095864879465202835e+00 1.050442722595700040e+01
1.328314826244589630e+00 1.227709074062562955e+01
1.232271821425175551e+00 1.329008082182262029e+01
1.030334264195168048e+00 1.223700697501537249e+01
1.186407217948814985e+00 1.424473298293289503e+01
1.359224503641850212e+00 1.461345365584507761e+01
1.418876086113682655e+00 1.295866553518991182e+01
1.090762899409572828e+00 9.663690379743181680e+00
1.347615582851661165e+00 1.235297892848947576e+01
1.262158458038616482e+00 1.142416708432254424e+01
1.067987070225226542e+00 1.222576244922042399e+01
1.322415031296516830e+00 1.466201835065908199e+01
1.041631832852958128e+00 1.124995215755929934e+01
1.338235773933492911e+00 1.310971769670172904e+01
1.082627525870455187e+00 1.335202463075728119e+01
1.428624805094853123e+00 1.359602570165088409e+01
1.048803901047900000e+00 1.123704526141371929e+01
1.347541292888676967e+00 1.222261712816830581e+01
1.311470338449261863e+00 1.209056658717669919e+01
1.265352423505117674e+00 1.260540250647246907e+01
1.373768084437358539e+00 1.371052671941104606e+01
1.398078013395391395e+00 1.521027798385210161e+01
1.409697996387126118e+00 1.372383565699207253e+01
1.291703524485048993e+00 1.474392632452848417e+01
1.307539552621659773e+00 1.229363181826259677e+01
1.062600912771284101e+00 1.104060479102780157e+01
1.249677099854981766e+00 1.291639987606206219e+01
1.353093448046779557e+00 1.422995474799225235e+01
1.251257037212245793e+00 1.304813553881353627e+01
1.237496979543938336e+00 1.320625388353812468e+01
1.068173705293720355e+00 1.209103384468002851e+01
1.556509175079806351e+00 1.282781105852746961e+01
1.114386881886474612e+00 1.178765205580893394e+01
1.511243559252295032e+00 1.450426633586466707e+01
1.447842769141129082e+00 1.329117828318545236e+01
1.001794456241979381e+00 1.121138315107484829e+01
1.589152287138882791e+00 1.582280267279039165e+01
1.039524586431379127e+00 1.342040631665326700e+01
1.198548312817762307e+00 1.053465956395595526e+01
1.335243077398009959e+00 1.350385739010093999e+01
1.130956364837594208e+00 1.089377244268641931e+01
1.394920876947496780e+00 1.350903898927329294e+01
1.089989527364426447e+00 1.078860974929066430e+01
1.201411716497837956e+00 1.279218793640523089e+01
1.047078498830792848e+00 9.924487399026052259e+00
1.192683719850355928e+00 1.280059670313133324e+01
1.380503130634493258e+00 1.387386956581635999e+01
1.221076093709388966e+00 1.368766664737486494e+01
1.346011913883490951e+00 1.172497203899485996e+01
1.433814524004865421e+00 1.447144587106481595e+01
1.251124224383278749e+00 1.252660382299468722e+01
1.034628448534651746e+00 1.143444500051629120e+01
1.270651026029442132e+00 1.169846742672141282e+01
1.219042116968903411e+00 1.180720089130395678e+01
1.373730916491476828e+00 1.238047773026856646e+01
1.367607682882150844e+00 1.380125849232573287e+01
1.285165617594500098e+00 1.279958700172928587e+01
1.440176107689842500e+00 1.419993055056513143e+01
1.264286284386372028e+00 1.486214359301354193e+01
1.293434938412032720e+00 1.205546471667137176e+01
1.225636387486739753e+00 1.327421290969456180e+01
1.377630552059128322e+00 1.284209134101686445e+01
1.213342734863700256e+00 1.339690807758185187e+01
1.374794674517424875e+00 1.354421699178354288e+01
1.414501103971505636e+00 1.344161507452265525e+01
1.143344099511672596e+00 1.425278572868522176e+01
1.107889969812684061e+00 1.130344686344527716e+01
1.357684343806275784e+00 1.351962968635492857e+01
1.391495434376187390e+00 1.336600910372755635e+01
1.061409733689782087e+00 1.023783189133257210e+01
1.072252998637412080e+00 1.109107301854056260e+01
1.109767734734533828e+00 1.044061078473031579e+01
1.175189316681137797e+00 1.050383247333818204e+01
1.022677904899675694e+00 1.210756388602860412e+01
1.364890396891091040e+00 1.278992325402431618e+01
1.206931222268841974e+00 1.358135434550879950e+01
1.268883774543570597e+00 1.293035957871510888e+01
1.709639185220240831e+00 1.570232805843010482e+01
1.101678962600332712e+00 1.156125431980702700e+01
1.132876266144224209e+00 1.083437377819152303e+01
1.635391964985496438e+00 1.491385474689866442e+01
1.072876972106874049e+00 1.303636466951430961e+01
1.062117724466482116e+00 1.224989624747755101e+01
1.395389585949174727e+00 1.312677053493390034e+01
1.222046986018583858e+00 1.171648786618269966e+01
1.614688385483931121e+00 1.431560634032965496e+01
1.162607003768578062e+00 1.288452148054860302e+01
1.127191305577026847e+00 1.073178508436245870e+01
1.009862627700913507e+00 1.335641014269390681e+01
1.511416483187538518e+00 1.456911161246359754e+01
1.143849525220018259e+00 1.254524184511856433e+01
1.069657979036713780e+00 1.261066895643491037e+01
1.168016058449556027e+00 1.021501273957412081e+01
1.311651082489292630e+00 1.286554296438306721e+01
1.403832568923688351e+00 1.512621100759665183e+01
1.374935269889995482e+00 1.332563431181565150e+01
1.250799021927960331e+00 1.392043337852035734e+01
1.248389304004410505e+00 1.248677511789604466e+01
1.253075125075853169e+00 1.110374499782232505e+01
1.200057029009440113e+00 1.060271638451976628e+01
1.042109662486020438e+00 1.065970971087275387e+01
1.565522648798203242e+00 1.273906770273266886e+01
1.452824822899575929e+00 1.491895654401131921e+01
1.145902227308685406e+00 1.091932106744713593e+01
1.294531948748124162e+00 1.253646899844993001e+01
1.139825843442730191e+00 1.077124391579170215e+01
1.042310503146392175e+00 9.895233122106219525e+00
1.549900497303630997e+00 1.372196403632808526e+01
1.054715704940898835e+00 1.163027146487744901e+01
1.214902603021094096e+00 1.289398591887063361e+01
1.029027382952113490e+00 1.055815263152627992e+01
1.513393926978918502e+00 1.348039994151586995e+01
1.381964286422257659e+00 1.260363042014461854e+01
1.211491328657972710e+00 1.152316057001178962e+01
1.426342565372724192e+00 1.441542701831352957e+01
1.268527042914886938e+00 1.291578272247531345e+01
1.378533323694469903e+00 1.415835776145990721e+01
1.297295675677414772e+00 1.220276901353727439e+01
1.171067494289089295e+00 1.291855116992105579e+01
1.194842405318320422e+00 1.375483269676248810e+01
1.203282238151548000e+00 1.221192936414952257e+01
1.464627789785493350e+00 1.420800889321601090e+01
1.598677012248986173e+00 1.442100490566693338e+01
1.355324660989077667e+00 1.401627991506955695e+01
1.284735832742822659e+00 1.339544646084925006e+01
1.169426757126427852e+00 1.163123297155827629e+01
1.203714226120818465e+00 1.339163431739657284e+01
1.463140019917744450e+00 1.257836575969199089e+01
1.295037470587678818e+00 1.179067379088152734e+01
1.087422833657231580e+00 1.108416706728168322e+01
1.390295262694156486e+00 1.290231038686054887e+01
1.152098133386964873e+00 1.056614634201001124e+01
1.231953547288981099e+00 1.234762595940107488e+01
1.400809462299708708e+00 1.538500228422225646e+01
1.236910652511805209e+00 1.290423880881732188e+01
1.279308833552043501e+00 1.297108374984737722e+01
1.097279224292806221e+00 1.237750143549178006e+01
1.202669843261617855e+00 1.143887751320978019e+01
1.336290493996056039e+00 1.464284085624873555e+01
1.409026206497953515e+00 1.475224118914086446e+01
1.236410355650038762e+00 1.189113840098364250e+01
1.131794874319857813e+00 1.055049163502608245e+01
1.014837887854749710e+00 1.006205745033160071e+01
1.165043695643344979e+00 1.024056855798964705e+01
1.449707502542832760e+00 1.374164685931390650e+01
1.082020411725164166e+00 1.007808025278923481e+01
1.671099868012364542e+00 1.488405751169188562e+01
1.210007132164322874e+00 1.146047242046181047e+01
1.596586830041227589e+00 1.432105004090791667e+01
1.166431679135847332e+00 1.145236775047039579e+01
1.258808876621003936e+00 1.280722486294369844e+01
1.287068892424346078e+00 1.254738924564128411e+01
1.024919769345266296e+00 1.166197779901794007e+01
1.074537039136240768e+00 1.309271888234122727e+01
1.051847696648269492e+00 1.097293930698493725e+01
1.326988130957583056e+00 1.258085588544827971e+01
1.129271836637452564e+00 1.333682615280560668e+01
1.535963730740463662e+00 1.570006226161603280e+01
1.270078294529635166e+00 1.314502942424442722e+01
1.479819273648325995e+00 1.590361901371334596e+01
1.636557496080261576e+00 1.524405178883239032e+01
1.206647679640140414e+00 1.233471903746761456e+01
1.394484492821949750e+00 1.321038743911301694e+01
1.235733472476526540e+00 1.417948210201260295e+01
1.422504387004974280e+00 1.389685140898867743e+01
1.140925532385785868e+00 1.024999201919008840e+01
1.278968203000503845e+00 1.317146822339230283e+01
1.247499851534833448e+00 1.207550516905816806e+01
1.402892459442879547e+00 1.350124496582240496e+01
1.194774512732355021e+00 1.104129667225510403e+01
1.134317138783459411e+00 1.211519729854587268e+01
1.355540190777145160e+00 1.423071526218436489e+01
1.179368970553932749e+00 1.195320563241520873e+01
1.417570005149182188e+00 1.458347430654799481e+01
1.165078006106588848e+00 1.179080496727880600e+01
1.372953104350385312e+00 1.161713389253087314e+01
1.042064090896325013e+00 1.290738504260088604e+01
1.189275707493552270e+00 1.108514485791168269e+01
1.494084297755702506e+00 1.432319248716034821e+01
1.225074043321704886e+00 1.079348912069446342e+01
1.476944332460885523e+00 1.287262764247878977e+01
1.215437984463998866e+00 1.216658149524060661e+01
1.419908471281863260e+00 1.374653878374023108e+01
1.168348349366884698e+00 1.186645567400643841e+01
1.544094523598481983e+00 1.413137502007849733e+01
1.143926908291733824e+00 1.057625717200344084e+01
1.153978805953507880e+00 1.209190282343555012e+01
1.116380707768231506e+00 1.356951958710330430e+01
1.014548937552456342e+00 1.132944940889086993e+01
1.352003347650265530e+00 1.322260083182167989e+01
1.115735990117773024e+00 1.147401798539410045e+01
1.200423530638000003e+00 1.247665325414577708e+01
1.165159859864687952e+00 1.189387981101719660e+01
1.167878757949916579e+00 1.121067359121070339e+01
1.479812777304910343e+00 1.528997175113146056e+01
1.526288897098201591e+00 1.526393477771667051e+01
1.470461230427402510e+00 1.350789046971182827e+01
1.375801223515047855e+00 1.349482919214560539e+01
1.282264143410637436e+00 1.107280722864770794e+01
1.248582793938454172e+00 1.386254715045986075e+01
1.428918930634952345e+00 1.193461144428209053e+01
1.159772942084850378e+00 1.064241905309402192e+01
1.339456599718096497e+00 1.283215744136162328e+01
1.692497797820710304e+00 1.594881185940493395e+01
1.380797159074814928e+00 1.292486822381153999e+01
1.486934648629372635e+00 1.364049257374450619e+01
1.149392165834348001e+00 1.237111366450536210e+01
1.136476989363799595e+00 1.104511367634010099e+01
1.022701626870147873e+00 1.033081416719298495e+01
1.227016769723666911e+00 1.141272951855546935e+01
1.209117489976474502e+00 1.086700964784648527e+01
1.249557352631493590e+00 1.334560008878382575e+01
1.373139841430130792e+00 1.385138547870502990e+01
1.038377435325746667e+00 1.189750032817305581e+01
1.284838373087015650e+00 1.546610542248605924e+01
1.247517397944859718e+00 1.510803195788208342e+01
1.022893919063049495e+00 1.046056727154903143e+01
1.038294854551731872e+00 1.100902608061033128e+01
1.456312020558481635e+00 1.341338615508525578e+01
1.210782719616170233e+00 1.207596401370365768e+01
1.209955329390993706e+00 1.126400972015720292e+01
1.053796869051405016e+00 1.079814588303684353e+01
1.137263759170277666e+00 1.316651051234052616e+01
1.003333255776174715e+00 1.045074437296937475e+01
1.411888410539965832e+00 1.363583054508216463e+01
1.056345396691469984e+00 1.213286116419528504e+01
1.540971197655547353e+00 1.537219230296534178e+01
1.405302616414023875e+00 1.195649936913494926e+01
1.373883391408618815e+00 1.424264196468987365e+01
1.230132523122829058e+00 1.179784423630103873e+01
1.149514005848927267e+00 1.254360070071568245e+01
1.408078772873319284e+00 1.310426081572369839e+01
1.359021948865523965e+00 1.276620746331769496e+01
1.319178891296103551e+00 1.245164986423196396e+01
1.250993397495711701e+00 1.150370074675756626e+01
1.052828036361085351e+00 1.113367226881082672e+01
1.435196751819352912e+00 1.309719811154372593e+01
1.168019813069301804e+00 1.066623739564778717e+01
1.214158987056002559e+00 1.301800157253777357e+01
1.463164712956445124e+00 1.265677236062449751e+01
1.378284065326248031e+00 1.443266623846259122e+01
1.579246042774190784e+00 1.564188928885305785e+01
1.015364288117575509e+00 9.626268888156868542e+00
1.344229325511326234e+00 1.178525566560864846e+01
1.311732336111239183e+00 1.200366088849788326e+01
1.324030231696371018e+00 1.385623978269403622e+01
1.337207408002461850e+00 1.452423424887674130e+01
1.464098477935122045e+00 1.241061561718729500e+01
1.063336902082390178e+00 1.126852360993328617e+01
1.470188196355159960e+00 1.451109850555269176e+01
1.318683660127129453e+00 1.350852484763624872e+01
1.232002645434207899e+00 1.206658908688643450e+01
1.262552897513290695e+00 1.473804417497045804e+01
1.343013410369939820e+00 1.254832875508514434e+01
1.174686468007406948e+00 1.094772064472208584e+01
1.351380696869088016e+00 1.289497005120164630e+01
1.006797133395316068e+00 1.128529789871199007e+01
1.061691674061451929e+00 1.236754588402258292e+01
1.298944189612974087e+00 1.229624263652957694e+01
1.146130927727404991e+00 1.130519339081234165e+01
1.277462740605791458e+00 1.433262031468575515e+01
1.278816572409012142e+00 1.219752402688330406e+01
1.032483222152933422e+00 1.081385599150628707e+01
1.146946453577498470e+00 1.368465205087155212e+01
1.613966493528649071e+00 1.533929950419709343e+01
1.378580746717988692e+00 1.494279254806782120e+01
1.288892484594983401e+00 1.344073722409469340e+01
1.052723935622484897e+00 9.895220073450328613e+00
1.497279347018331874e+00 1.340321760688621922e+01
1.042836914168136175e+00 1.123036411794765854e+01
1.339399705033052834e+00 1.389617066309712001e+01
1.447682506898935850e+00 1.408950348461789659e+01
1.233972019675715348e+00 1.094176098623380966e+01
1.461509622629822758e+00 1.394968188747340321e+01
1.215398154974995037e+00 1.140816907078072084e+01
1.284265084145361113e+00 1.124591530718236854e+01
1.278590781892060324e+00 1.291757939795559196e+01
1.431564230793758163e+00 1.388146422504799915e+01
1.065758716171008924e+00 1.039757567592211629e+01
1.578104642618144648e+00 1.492722176993214944e+01
1.227026919589760290e+00 1.114219607659243749e+01
1.111461992652260200e+00 1.097412392934894143e+01
1.166796098351927213e+00 1.379407860997672586e+01
1.394489358742944773e+00 1.278580899285211459e+01
1.114105670141306126e+00 1.233489570298676519e+01
1.283395455349419789e+00 1.252582296983095489e+01
1.054408954638459406e+00 1.168895930641329173e+01
1.301018945293400009e+00 1.116333057612023261e+01
1.142164922251704962e+00 1.091382003303529480e+01
1.425606902802895926e+00 1.305323174634380123e+01
1.075606872416879245e+00 1.059513519769331147e+01
1.211511388909607190e+00 1.196499839372861018e+01
1.077407838017985675e+00 1.095619256685980858e+01
1.134516139292218062e+00 1.152668176264797495e+01
1.263775056536229346e+00 1.374067416421639010e+01
1.120662708947853359e+00 1.127316811329154689e+01
1.081937326906372343e+00 1.265823464194212278e+01
1.513754275037946240e+00 1.305489241622416685e+01
1.420289392058548872e+00 1.362805484793074839e+01
1.160683457183959266e+00 1.118919614641995253e+01
1.351816180268284429e+00 1.430782597636471820e+01
1.149855925137345025e+00 1.046844013060902689e+01
1.043092032157144855e+00 1.042727266066357750e+01
1.048688569247221869e+00 1.135952733776657197e+01
1.171099474774792704e+00 1.093292315555193284e+01
1.356736671990504073e+00 1.296942318329828581e+01
1.372593412475963781e+00 1.219191877121031276e+01
1.277441136712304637e+00 1.405145840738694929e+01
1.023694155686695195e+00 1.059083991207428710e+01
1.214434907393165730e+00 1.173016341499467075e+01
1.323268969462671141e+00 1.458969578099178221e+01
1.739329653958348265e+00 1.548163047822454175e+01
1.462910980308779196e+00 1.488660486119356818e+01
1.066118819948522756e+00 9.531660116878608591e+00
1.551615599983176441e+00 1.537392430444509017e+01
1.147773376483883112e+00 1.131484771465320804e+01
1.396732499691306195e+00 1.505995951924637311e+01
1.227952736389406274e+00 1.264621611282731806e+01
1.067576869596180922e+00 9.891239067746472102e+00
1.279232159237300381e+00 1.272706800615499034e+01
1.243191177802696501e+00 1.176959256459685221e+01
1.354889753363494043e+00 1.206424690895706320e+01
1.163098479033865207e+00 1.211165111538769779e+01
1.177811964493139074e+00 1.245563717111263102e+01
1.021752890909930489e+00 1.186885441127250473e+01
1.348110544899895569e+00 1.188444560675824135e+01
1.193990554426124673e+00 1.308279033409161585e+01
1.089877089559160961e+00 1.165300699699919917e+01
1.205553909982473471e+00 1.285235861281993763e+01
1.424288317524139647e+00 1.361678951758182521e+01
1.310565081433327173e+00 1.165159423108147152e+01
1.331695485518937572e+00 1.363540094391751367e+01
1.477073453164666095e+00 1.216229953419206744e+01
1.440970259444119383e+00 1.192167532391305329e+01
1.488052401804919489e+00 1.442890827572804824e+01
1.011526328887456971e+00 1.164908764281579678e+01
1.213158608039931696e+00 1.222262070506829623e+01
1.235093577440126822e+00 1.234199251176126566e+01
1.574672060694634723e+00 1.462242444261026719e+01
1.073316971584292734e+00 1.138790821046217516e+01
1.073691336334916757e+00 1.009829651272355733e+01
1.239166445853904452e+00 1.121134698174785171e+01
1.203351377905473418e+00 1.418963083920885992e+01
1.356321253734035448e+00 1.266071274576303907e+01
1.481447024729226847e+00 1.251453091760323488e+01
1.397009316122348022e+00 1.429484114246882598e+01
1.452929809593091148e+00 1.456331597462855854e+01
1.152006047419604107e+00 1.196575516954904472e+01
1.266493138873826751e+00 1.249074171791746934e+01
1.214757648657555977e+00 1.222351739723285746e+01
1.306077392070809973e+00 1.227694194950414897e+01
1.554310624002193553e+00 1.499897674664126512e+01
1.404223535791575106e+00 1.372832362195790878e+01
1.255047262907101446e+00 1.088867816022225199e+01
1.055219743220378481e+00 1.166624196317066975e+01
1.107452985724051153e+00 1.039745607873274125e+01
1.571272460035241680e+00 1.383381358873441158e+01
1.474676172152480591e+00 1.365544466256677936e+01
1.099289500859804258e+00 1.298736533883798572e+01
1.127751190363109446e+00 1.270732124301591526e+01
1.314142941498890549e+00 1.417237339300660892e+01
1.013098032485015398e+00 1.036468715122045303e+01
1.589607150035678762e+00 1.550268316470073415e+01
1.211806568613919888e+00 1.068313988411507509e+01
1.313745552277864714e+00 1.360538368290932709e+01
1.632099503999293155e+00 1.318579401337208168e+01
1.072032611915935574e+00 1.160624185960253030e+01
1.181950173183725417e+00 1.101067865965019266e+01
1.495156336348482995e+00 1.400052715577390572e+01
1.329920973801705708e+00 1.262099822904116309e+01
1.309987469441618035e+00 1.338150313289848370e+01
1.120930538732417103e+00 1.235261148761388128e+01
1.293059399555784195e+00 1.375815914915749616e+01
1.616602168149516405e+00 1.417658056742273942e+01
1.286770085168318589e+00 1.254079581690652390e+01
1.370746828501992809e+00 1.167261689946736425e+01
1.510649625038526622e+00 1.370638209098995475e+01
1.630336495759389770e+00 1.454162143145984487e+01
1.061857191053609428e+00 1.031426373734986335e+01
1.045516904495376043e+00 1.055138074948756710e+01
1.365821829620385008e+00 1.436528695751044893e+01
1.575692131852210132e+00 1.451515659406144110e+01
1.639456883566632550e+00 1.374602227202096927e+01
1.228705201638752076e+00 1.262955363987028079e+01
1.324879907789596523e+00 1.178401283080732931e+01
1.226823065926239575e+00 1.305051573369554774e+01
1.637403129844282823e+00 1.317337715197929171e+01
1.421690531247155054e+00 1.235075725876922448e+01
1.359144183530454297e+00 1.319719722285087116e+01
1.135790281405163027e+00 1.207980052498111689e+01
1.248596082453190093e+00 1.448981209159541095e+01
1.365661777308868619e+00 1.118331213312804628e+01
1.068729253829944881e+00 1.163373555055309438e+01
1.368047647822194346e+00 1.176995030609468174e+01
1.410508528924569793e+00 1.397778224989978568e+01
1.082994971689755337e+00 1.229465445424038705e+01
1.511546873179339778e+00 1.362621787407030993e+01
1.248744676289854638e+00 1.348694931293752219e+01
1.273328018373663051e+00 1.320286569739040061e+01
1.191770196014388938e+00 1.138088502317453710e+01
1.325710588565063963e+00 1.332734387318576452e+01
1.183761868477473778e+00 1.306265410729752219e+01
1.208641352379357992e+00 1.068201955004738402e+01
1.338096812894233434e+00 1.179565917842963962e+01
1.329807019450371719e+00 1.176809471049818612e+01
1.236548040780133917e+00 1.090313116889150180e+01
1.215887494097603216e+00 1.298738836510339212e+01
1.574596936821106574e+00 1.328360456507799725e+01
1.234695495053578007e+00 1.253253253601494777e+01
1.140840967944361406e+00 1.267692848164152863e+01
1.084448939509440546e+00 1.211699978591605209e+01
1.296509819282442022e+00 1.321270693136973406e+01
1.193868062560982768e+00 1.237305557100266995e+01
1.137183016557253179e+00 1.151450490520686287e+01
1.094409547447321440e+00 1.087381479832375319e+01
1.438583198935024399e+00 1.282452604460478085e+01
1.301397291719019078e+00 1.195556565427265028e+01
1.511426618926913878e+00 1.390188907785128691e+01
1.207028236749818628e+00 1.237811294392970396e+01
1.171510666071016615e+00 1.320542092864593542e+01
1.294375811731748538e+00 1.218962010540708363e+01
1.271175439838311050e+00 1.155257002495047658e+01
1.240893734522411807e+00 1.362309052404894061e+01
1.276066417267917474e+00 1.178089710157449588e+01
1.167600228047406041e+00 1.250670708259708874e+01
1.287752870827198137e+00 1.212914306000017106e+01
1.149268997364961020e+00 1.176953458938585939e+01
1.342859652183776120e+00 1.268599259475220720e+01
1.469121277524563229e+00 1.380485660658679592e+01
1.601836778475077327e+00 1.419052086914249244e+01
1.124021346028182267e+00 1.099999420511177206e+01
1.403642416236991375e+00 1.400096168458275159e+01
1.570924553393122647e+00 1.546274368745922700e+01
1.308768719817435144e+00 1.236434881153788368e+01
1.686149433341004755e+00 1.485057128849929953e+01
1.125496537207256065e+00 1.224385454461821254e+01
1.166239371006394077e+00 1.279970131760682506e+01
1.559547141976133311e+00 1.397243071204114528e+01
1.175697382328805052e+00 1.237004073669592863e+01
1.068448067076543717e+00 1.028499967060543696e+01
1.481885041392726032e+00 1.502789314427315404e+01
1.409647996366532041e+00 1.281830688639760041e+01
1.197216116496843785e+00 1.116644450012636192e+01
1.323206442263875182e+00 1.270716588662434532e+01
1.262795822518723021e+00 1.227609440845781741e+01
1.319536672429885593e+00 1.260126612643760424e+01
1.496612608354827234e+00 1.451262214486864366e+01
1.141006697926129076e+00 1.165256826656780831e+01
1.541215979823006954e+00 1.351199228880001257e+01
1.182047873188578846e+00 1.169460772482812416e+01
1.148845058087734960e+00 1.209043427971279350e+01
1.240098904087148401e+00 1.294653900508297184e+01
1.382082121659004459e+00 1.371795039529379778e+01
1.382603776786619720e+00 1.242011822610375482e+01
1.150461333435925049e+00 1.095276579068059419e+01
1.023818210237671389e+00 1.020258021048404729e+01
1.628072182927061240e+00 1.520228580133947460e+01
1.103044503681995581e+00 1.233161467131306566e+01
1.236504747516946168e+00 1.178497780802158879e+01
1.476769692077930962e+00 1.362442660551898044e+01
1.210660748716964052e+00 1.458526592375732278e+01
1.263220218916903947e+00 1.148647928226334081e+01
1.373148396461874698e+00 1.509674742460137509e+01
1.323226751207248864e+00 1.331566528202762001e+01
1.417524576823726568e+00 1.499306325542175600e+01
1.133090555122920673e+00 1.243411882808511493e+01
1.671278201547520936e+00 1.536749414954599757e+01
1.096167340086744435e+00 1.050528826830198525e+01
1.466438364363894076e+00 1.457874190925225477e+01
1.418643303536396783e+00 1.462143352400111596e+01
1.258657229613495909e+00 1.254210890328112171e+01
1.289505107854187482e+00 1.249311050980435311e+01
1.275823090117204517e+00 1.240893057376739073e+01
1.361133452721623449e+00 1.462490680621575478e+01
1.086948619936822125e+00 1.064419316675257932e+01
1.409662361499277150e+00 1.406908123754200446e+01
1.283214544416862335e+00 1.218251673640286725e+01
1.207492707187921788e+00 1.164944541502182673e+01
1.298330202118698207e+00 1.119101670218796407e+01
1.176210485800629257e+00 1.159099021753299930e+01
1.614050702087016953e+00 1.567466145462999449e+01
1.346341692126087786e+00 1.289390256138320368e+01
1.411632542254172007e+00 1.538499203278868421e+01
1.439504919779833969e+00 1.308719451255929656e+01
1.560115979879551418e+00 1.378365191606664197e+01
1.189592581034309093e+00 1.145747785147218245e+01
1.053526452340819874e+00 1.151155590598582279e+01
1.252752772825684646e+00 1.381371111475906588e+01
1.313230619852888914e+00 1.229598013829205527e+01
1.593307109127377830e+00 1.470401138422527865e+01
1.217890573074416949e+00 1.226615843152097263e+01
1.044356432791255340e+00 1.347198963621368861e+01
1.066571108725178796e+00 1.154132202946873420e+01
1.222183028069318667e+00 1.299182701790221017e+01
1.001203056553260362e+00 1.064542950982979974e+01
1.150981805624217369e+00 1.250367387473622216e+01
1.196373874045415953e+00 1.341738518598721797e+01
1.409261699983427762e+00 1.359703624467957184e+01
1.098409917229245414e+00 1.328906816146467662e+01
1.302910539769137621e+00 1.340705072887234550e+01
1.028873759513362129e+00 9.774607681110332180e+00
1.567889381396609494e+00 1.553897072010700242e+01
1.353894611042304241e+00 1.308706590401443748e+01
1.270861443489118781e+00 1.440647847418966876e+01
1.520777782916499454e+00 1.408081500193797098e+01
1.158585569647798685e+00 1.283652140807529562e+01
1.229729620874051133e+00 1.108479035927193479e+01
1.481061271264994872e+00 1.265628766741673061e+01
1.293470565061622279e+00 1.483105410503275934e+01
1.625330914422001172e+00 1.453368594540172865e+01
1.218247969892269467e+00 1.141085887671464505e+01
1.034012148267308584e+00 1.009029204033853411e+01
1.436451323937314895e+00 1.494366149517573206e+01
1.266322856064185043e+00 1.317233048459470623e+01
1.118850740097318663e+00 1.140990421123838949e+01
1.145139939630170467e+00 1.245195564957585077e+01
1.343633454724302290e+00 1.289823577033730118e+01
1.330599545404996142e+00 1.231695674087181303e+01
1.087787717025830103e+00 1.217218602210308021e+01
1.136266844518931673e+00 1.250322222775674419e+01
1.113980701373951110e+00 1.084204397969396183e+01
1.061064744728315246e+00 1.155556407166776722e+01
1.264423952304986942e+00 1.246341414273738479e+01
1.570585479448007415e+00 1.406166775827883342e+01
1.176893067303474094e+00 1.255894213040631868e+01
1.218689581962862256e+00 1.119939941118904869e+01
1.134443946437332373e+00 1.130454029818933392e+01
1.217208022892660724e+00 1.351448532116305401e+01
1.098024774149318317e+00 1.116397926214187208e+01
1.096500976736294763e+00 1.191719607909050183e+01
1.142547767382665391e+00 1.111679013349705514e+01
1.284665622609767688e+00 1.265422930674073498e+01
1.248377598723303672e+00 1.236621262059603055e+01
1.334557971906693563e+00 1.237458615319390631e+01
1.353393432450189948e+00 1.180994049566920978e+01
1.525616642576976822e+00 1.446995149871862907e+01
1.081650486181092718e+00 1.014705106342426788e+01
1.245699039325581570e+00 1.211974154317624652e+01
1.172978663089627727e+00 1.258670192258509601e+01
1.081234150531680704e+00 1.129576771827336401e+01
1.330505188663416938e+00 1.266015783989196919e+01
1.077153328923481812e+00 1.086515299967772918e+01
1.585924759079252455e+00 1.264609269279984005e+01
1.196742068108765489e+00 1.185501069166423349e+01
1.575561042805828205e+00 1.432868456775462462e+01
1.250531031238384383e+00 1.097456371365286820e+01
1.145939741953325486e+00 1.040163531658103935e+01
1.296092152752338800e+00 1.246610109094297414e+01
1.353197335957250003e+00 1.376444555490239807e+01
1.633518262540975874e+00 1.476283668254728099e+01
1.341447957055799778e+00 1.221120864002595496e+01
1.210185622904502711e+00 1.340405552029101344e+01
1.685202073869244810e+00 1.518270423018864435e+01
1.352162415652470751e+00 1.271530956344420460e+01
1.057740546232563084e+00 1.157474098344235358e+01
1.216210514027889600e+00 1.296375833564451696e+01
1.372544326355433331e+00 1.379050559531721731e+01
1.333504528058305105e+00 1.254759289823353541e+01
1.178916744638881298e+00 1.438387366037990134e+01
1.288963273795365572e+00 1.187227160799636039e+01
1.212430295254666612e+00 1.285430870524035996e+01
1.107956722633755664e+00 1.186113423641554654e+01
1.366934314054368382e+00 1.354397242062000828e+01
1.033001720028263071e+00 1.134025043556857781e+01
1.103665599356388638e+00 1.236700035231453398e+01
1.071789748711714729e+00 1.173769695962310067e+01
1.438748553474389347e+00 1.440731180500328179e+01
1.032109439779431703e+00 1.230359793418470815e+01
1.603445718917206886e+00 1.528703917712608984e+01
1.608295771476344171e+00 1.558993819980252837e+01
1.466699688414735414e+00 1.459449422659469064e+01
1.109663910933434083e+00 1.133215017113651868e+01
1.352302515569469232e+00 1.257963645254094232e+01
1.260816315931780007e+00 1.329483995914295491e+01
1.251709165304793814e+00 1.274384955351007420e+01
1.043001018143141945e+00 1.064830354452346484e+01
1.140660748255514445e+00 1.085225816621421657e+01
1.145227646711384439e+00 1.071062599726170816e+01
1.076274211518058355e+00 1.092004993401160817e+01
1.088517173713882791e+00 1.218354034587210499e+01
1.398215831859201286e+00 1.387495039733152069e+01
1.313261004053618564e+00 1.202842038837679972e+01
1.419006856135152095e+00 1.445925355233513443e+01
1.302496730548061921e+00 1.415806326900871426e+01
1.523691454267090739e+00 1.427272069549499989e+01
1.127614225999528097e+00 1.214879031048673319e+01
1.730535618099882544e+00 1.445792004411925546e+01
1.055178572018450556e+00 1.296172402108024002e+01
1.115093088240359354e+00 1.084937562036657965e+01
1.407762563553626833e+00 1.369754234012425798e+01
1.013364316282971522e+00 1.199704172673750868e+01
1.184837159274196861e+00 1.381325645836820470e+01
1.372492222580424581e+00 1.240874262337921152e+01
1.276585307676582515e+00 1.220543808682167253e+01
1.335877102229499069e+00 1.345283494731522822e+01
1.595507186733536198e+00 1.346453254972777458e+01
1.338621502732004309e+00 1.283829403987760287e+01
1.339782793443515363e+00 1.293267351330319670e+01
1.432469874017207712e+00 1.510184063496538798e+01
1.387958287140041547e+00 1.256010777387091792e+01
1.066349252546812121e+00 1.125844307557254709e+01
1.180318559521947641e+00 1.144271358146529138e+01
1.192865737746036769e+00 1.148624755618632776e+01
1.236358779609388669e+00 1.186529014831662110e+01
1.269588434160104917e+00 1.218797995979993942e+01
1.506313984283217611e+00 1.389379500242795729e+01
1.515155365985021430e+00 1.337997753342916241e+01
1.386875676983214900e+00 1.166815885022028354e+01
1.091862143534738649e+00 1.294498392454891089e+01
1.156244069449970935e+00 1.097422050062441556e+01
1.024445679476510662e+00 1.068476179653807634e+01
1.389061568590576723e+00 1.494316570001310396e+01
1.318161395179599626e+00 1.358627169832343284e+01
1.291857769139064249e+00 1.227558484372365122e+01
1.520584181111935607e+00 1.444714574071907620e+01
1.398093025225007224e+00 1.403376255087908575e+01
1.352097684664284927e+00 1.292682120877671181e+01
1.120200336251190976e+00 1.053566727228222355e+01
1.481714722606925605e+00 1.287917815546390443e+01
1.419529027110507435e+00 1.315527078899950553e+01
1.183985787101469178e+00 1.152571296854443617e+01
1.196866151550322277e+00 1.035280732585995267e+01
1.042143399239430002e+00 1.100446206596704535e+01
1.303217133267363437e+00 1.385034380161617662e+01
1.078740489689657078e+00 1.135281066779119108e+01
1.609259408959695214e+00 1.397053070383682183e+01
1.200238021520885878e+00 1.107625134263665245e+01
1.489390538392313168e+00 1.428645767652536591e+01
1.513235373900691849e+00 1.373548416758187685e+01
1.140905358640311507e+00 1.120998399224841791e+01
1.069260466986965863e+00 1.104459029036808460e+01
1.295369994873591502e+00 1.437337793953916432e+01
1.404459546240062862e+00 1.410362747222130153e+01
1.056152652710751649e+00 1.166839859329179063e+01
1.340456564246049309e+00 1.267020212547550884e+01
1.479665882876867400e+00 1.446860615137898876e+01
1.599326353624740182e+00 1.474414017443967495e+01
1.413934791390016876e+00 1.348989865051432702e+01
1.297881940521435906e+00 1.272010212592435252e+01
1.388183166722038786e+00 1.305825822414755066e+01
1.148604813828277393e+00 1.377693380976429438e+01
1.121656337035541018e+00 1.020717912147989637e+01
1.374388391159006240e+00 1.186044246190099472e+01
1.179377608218762807e+00 1.159449994783721039e+01
1.429691150180982806e+00 1.368581977723349041e+01
1.292535983042272019e+00 1.132971726278389468e+01
1.188087374039608068e+00 1.248680727129695356e+01
1.306723939969150372e+00 1.178878440941310757e+01
1.232609992902027995e+00 1.509812294223667095e+01
1.017715033644700284e+00 1.026683380022708114e+01
1.253628189365499024e+00 1.313393812604054744e+01
1.489816752598696281e+00 1.434824525194413880e+01
1.449926561658424040e+00 1.383137755752592568e+01
1.441011290895778396e+00 1.304706188740154005e+01
1.068047890908420117e+00 9.801626069114789175e+00
1.112308181795644169e+00 1.305985105527792101e+01
1.494300790247680366e+00 1.305328267886079630e+01
1.247192558604667489e+00 1.286865882080152090e+01
1.169292081978210440e+00 1.241973280991698481e+01
1.260426759252754270e+00 1.102292597785520201e+01
1.004141194610792764e+00 1.024976719755780685e+01
1.148153595070311450e+00 1.228454697086943170e+01
1.063937012958586559e+00 1.281952544100747460e+01
1.682503416763109216e+00 1.469930274761080113e+01
1.372054997842673263e+00 1.309913132191435992e+01
1.283397052524257953e+00 1.148290685687655355e+01
1.140785466731415898e+00 1.231112892553526983e+01
1.326146920703838994e+00 1.300750051516684991e+01
1.479968115107636706e+00 1.316647113534468971e+01
1.343040985345327787e+00 1.226575435979696493e+01
1.418522568442259324e+00 1.276605989865195312e+01
1.194066290623130078e+00 1.401173720773040898e+01
1.153670678246789816e+00 1.204878772083289107e+01
1.194883413231999647e+00 1.326859050498226367e+01
1.347178654206828918e+00 1.397174814408546339e+01
1.225581563796718232e+00 1.399768950873970397e+01
1.279049942141495810e+00 1.317907485152042213e+01
1.234914837691890810e+00 1.217836262098705191e+01
1.212652999671294918e+00 1.142584567534533235e+01
1.467711261569971892e+00 1.356682622845386987e+01
1.150192615945447638e+00 1.142584719288329786e+01
1.358489615192939759e+00 1.435217246068780383e+01
1.476438140808741029e+00 1.316340744766452886e+01
1.409292107634963376e+00 1.512011072876679663e+01
1.327871254261649536e+00 1.301807048308332426e+01
1.226446877590050333e+00 1.256424464722704926e+01
1.123936536035034184e+00 1.269830920791839546e+01
1.124875288670656115e+00 1.084964795595837117e+01
1.271407408557441165e+00 1.167765196794375271e+01
1.017052770030865361e+00 1.358811673162016831e+01
1.081635842095771238e+00 1.038598709304009660e+01
1.532251200129037816e+00 1.307411189039295252e+01
1.046137288991071834e+00 1.296742542709330337e+01
1.278784485616853317e+00 1.261767251180365790e+01
1.143399660789706784e+00 1.206202891827138046e+01
1.190352294140797573e+00 1.233201188021944894e+01
1.217969792336724533e+00 1.229037039530767927e+01
1.275767921513514036e+00 1.245443427333544761e+01
1.346497111615458708e+00 1.396559395733483555e+01
1.150031600365770013e+00 1.135648811583496709e+01
1.123299786852185900e+00 1.396154725970928823e+01
1.137373968381060418e+00 1.134136840077991693e+01
1.218662579337150831e+00 1.201415942009459670e+01
1.138501737065587660e+00 1.143076510960004910e+01
1.327819249197181861e+00 1.471384280243261244e+01
1.255238403674521885e+00 1.187711013695126461e+01
1.364264631996538135e+00 1.191208621083689678e+01
1.430736274393368479e+00 1.187767687822094231e+01
1.245829095175358336e+00 1.211760652385379267e+01
1.341169105785357640e+00 1.227711307490406334e+01
1.189303753541748998e+00 1.179248128158042164e+01
1.315074348449356778e+00 1.459741315534386885e+01
1.407119288989281181e+00 1.437536883589408276e+01
1.026526108565637863e+00 1.228908775897341243e+01
1.302115136100067572e+00 1.410641576282593945e+01
1.284762184418093645e+00 1.338089003164610702e+01
1.263480562770861404e+00 1.218080105364044741e+01
1.171351870955202212e+00 1.283147208278141704e+01
1.397804673526235719e+00 1.244727681123611163e+01
1.359695138067550158e+00 1.342973760922906123e+01
1.046663096443604557e+00 1.144070879292844545e+01
1.102691228973748050e+00 1.347511886137665016e+01
1.630592496871753561e+00 1.486263617822933014e+01
1.627469911824473314e+00 1.519725586138040541e+01
1.147470287194477967e+00 1.092300139490196287e+01
1.554661138522817510e+00 1.347382836891395996e+01
1.346302270256584999e+00 1.254274540620867384e+01
1.271529779959795770e+00 1.098268565708067257e+01
1.209247195437185507e+00 1.165986264693166419e+01
1.428638353432096775e+00 1.245077060472744535e+01
1.395394980199610391e+00 1.208362905525780917e+01
1.239614171391048014e+00 1.369130048751726392e+01
1.195690894083626166e+00 1.269483001699332902e+01
1.121456831291373080e+00 1.174017158218842738e+01
1.405073979294478637e+00 1.283510972957315488e+01
1.342851330759815109e+00 1.372281168764654780e+01
1.126506622820057091e+00 1.093224086103057324e+01
1.121513758495675583e+00 1.071015413991482212e+01
1.341121416834626601e+00 1.339652681222606390e+01
1.172880470423593557e+00 1.315421640935539571e+01
1.267787343581809889e+00 1.180334780431705965e+01
1.108075858168527938e+00 1.168826760521825214e+01
1.067554796232807579e+00 1.142721665780384654e+01
1.467040755555359066e+00 1.300139945310846556e+01
1.385286782862769739e+00 1.281262854364427284e+01
1.176146302737435478e+00 1.316114630835118149e+01
1.331482983390452901e+00 1.479362136554055951e+01
1.312841379186526325e+00 1.330306946327487339e+01
1.429230916826317754e+00 1.327051387508941005e+01
1.353598862036182737e+00 1.302532402193084948e+01
1.178159531670205595e+00 1.150896652341849702e+01
1.392978044118611924e+00 1.312217752811599425e+01
1.401004070031198090e+00 1.343337397075012163e+01
1.306717006951113813e+00 1.471494736657055924e+01
1.530801638647695029e+00 1.504814237798935039e+01
1.243235686392525796e+00 1.289865826306732188e+01
1.375750638271591164e+00 1.458622467468185135e+01
1.326867533551536305e+00 1.223689534216389241e+01
1.068132487877130554e+00 1.243709302554024987e+01
1.297149268958771584e+00 1.274104807341617374e+01
1.530751748995162531e+00 1.506518434317144894e+01
1.239804747435001353e+00 1.090484573822314829e+01
1.018765314547073197e+00 1.173946230619200293e+01
1.146594026871744942e+00 1.250081536746501243e+01
1.365079770616675070e+00 1.431576901810599978e+01
1.183614004330073355e+00 1.202970878343506911e+01
1.451345939302406851e+00 1.423155328749397341e+01
1.631988229248810596e+00 1.461241649639024587e+01
1.637332806614849812e+00 1.387200446580653690e+01
1.092985509511152920e+00 1.285345250124246164e+01
1.434448613783605442e+00 1.271620012851431980e+01
1.575340881392009340e+00 1.531173176555633475e+01
1.061360607833459868e+00 1.163211028207349074e+01
1.447856607801083051e+00 1.533685513968395497e+01
1.147333667598070539e+00 1.292783260498377729e+01
1.248144956639466230e+00 1.356774916497005279e+01
1.315029027949984997e+00 1.299092123732573967e+01
1.645409833766142693e+00 1.445517306293082527e+01
1.275492146539023430e+00 1.208136884768186192e+01
1.309901493918213866e+00 1.109857034872724135e+01
1.340800829650149240e+00 1.336930867007454182e+01
1.568859499988116690e+00 1.447615954123048354e+01
1.122954521321762655e+00 1.291184644139869064e+01
1.456143105778382463e+00 1.289204786855335172e+01
1.204818676215165585e+00 1.361188368513876412e+01
1.216753075408735230e+00 1.112865654632181034e+01
1.015419570041655062e+00 1.116696847493438938e+01
1.265319355595371009e+00 1.134124762236490191e+01
1.532476291784394373e+00 1.406403532888215935e+01
1.136182706908113627e+00 1.164507379142362886e+01
1.247318107104526730e+00 1.125243084866470866e+01
1.467902152856918718e+00 1.385914995019335549e+01
1.524537977215013385e+00 1.394562427097621793e+01
1.168274985972495905e+00 1.243084538157139463e+01
1.614023155320378544e+00 1.399451096785022486e+01
1.327255252116070983e+00 1.533527598788717583e+01
1.120872205193462978e+00 1.281087775404796858e+01
1.201456277432582320e+00 1.348461318968265488e+01
1.213808047327852746e+00 1.167801016953604076e+01
1.263328390317157712e+00 1.350680349130784208e+01
1.381189145245443228e+00 1.363425567247200121e+01
1.321013860818204710e+00 1.266811327976619594e+01
1.127911216541125805e+00 1.123233826965095972e+01
1.268090912795816427e+00 1.431594410467349476e+01
1.399999702566778526e+00 1.332833952969558666e+01
1.005196458115844127e+00 1.014746584392854345e+01
1.088046970861293650e+00 1.240737313742859271e+01
1.111179352783941310e+00 1.429071575575691355e+01
1.342072073414537270e+00 1.186846954492163597e+01
1.226795006874954908e+00 1.106682463563532792e+01
1.192351103970720638e+00 1.118469452224484506e+01
1.273060365817795248e+00 1.276227465891756552e+01
1.385579120887867166e+00 1.382656034338780060e+01
1.294536663385861264e+00 1.272270813741416617e+01
1.161718934726323260e+00 1.115901143794807737e+01
1.199691731988981269e+00 1.241857598595847101e+01
1.569146189431526617e+00 1.397854931409457535e+01
1.369499018164263893e+00 1.506875430138647687e+01
1.347526452712292100e+00 1.316216545356884993e+01
1.101892491752578751e+00 1.236405255957948057e+01
1.261031359507832850e+00 1.236189598433265502e+01
1.172236995226509260e+00 1.155546757996854623e+01
1.054460943719594868e+00 1.035582597092857071e+01
1.413299391223921120e+00 1.453844062392550640e+01
1.231726744881546765e+00 1.247517701639668886e+01
1.311109240392176911e+00 1.239923558500579581e+01
1.234484697315551882e+00 1.180147511572793562e+01
1.414413777776668102e+00 1.397711902633307801e+01
1.075100837838650403e+00 1.041446751963515993e+01
1.272439181361200156e+00 1.319366714385482808e+01
1.027609423346505846e+00 9.674334254209355777e+00
1.224810133779284493e+00 1.266290964931708274e+01
1.089157095080254267e+00 1.138789854077505836e+01
1.598257474618559160e+00 1.404151904294079500e+01
1.175714399105253216e+00 1.243620501266103062e+01
1.201401931447175997e+00 1.173236041707774646e+01
1.452818188559635182e+00 1.495562836601865442e+01
1.014420615324105546e+00 1.076004529905472751e+01
1.231636154488171986e+00 1.352232848406427124e+01
1.299110986649442134e+00 1.221278796760958585e+01
1.219292576225264879e+00 1.164450153264282584e+01
1.185064507295588321e+00 1.110267863642625663e+01
1.512677873593100353e+00 1.381012698986278053e+01
1.523330801236404408e+00 1.369236674875963899e+01
1.079293896431323452e+00 1.190307911921437523e+01
1.637349097671563669e+00 1.456499193323849184e+01
1.275072502615052228e+00 1.349445661366892679e+01
1.081604972400915354e+00 1.188677374714554347e+01
1.545985602956553073e+00 1.382242859674096636e+01
1.248685230533647550e+00 1.201243538938031818e+01
1.392922129256491504e+00 1.345273748112482437e+01
1.100565154941236079e+00 1.099178023859104414e+01
1.124813843338422270e+00 1.166280456765527873e+01
1.113178416314295927e+00 1.134619251932331885e+01
1.460113150906161339e+00 1.437550470568404037e+01
1.290914337387624844e+00 1.398001921828432614e+01
1.284207129604580500e+00 1.276424514265244881e+01
1.142657125953658426e+00 1.146732425416958279e+01
1.202874690226901189e+00 1.364635249226346758e+01
1.163015940557218020e+00 1.344389643217267860e+01
1.598544917767304563e+00 1.385150525186495685e+01
1.078017171819772857e+00 1.182809521933598162e+01
1.069215822444992137e+00 1.065385590521574599e+01
1.402369253174135411e+00 1.523318143173354855e+01
1.054284944558237180e+00 1.011683932080765658e+01
1.466587092457202868e+00 1.331190146127975638e+01
1.331255292093361131e+00 1.359498873997950597e+01
1.347597713490164661e+00 1.282457492943539989e+01
1.393723088756672723e+00 1.429890156066237594e+01
1.512121783278797871e+00 1.339668864248146818e+01
1.167851152437964890e+00 1.264362623203957270e+01
1.157120714651866056e+00 1.134317541638346682e+01
1.152783959401336933e+00 1.137465201452359409e+01
1.504804368620556110e+00 1.358536285205515526e+01
1.328840878918521318e+00 1.355165141820891606e+01
1.348812330167622253e+00 1.343985760868277168e+01
1.200183665587401860e+00 1.190244186547132088e+01
1.119709522395307300e+00 1.254892032050091899e+01
1.639087818079339343e+00 1.428929218185892580e+01
1.242891177244179968e+00 1.394333870152802390e+01
1.216506461824467422e+00 1.212396518673576651e+01
1.294278056741666738e+00 1.487173452790630535e+01
1.608327983241651715e+00 1.398943300147201896e+01
1.447523838025214227e+00 1.232823856765253723e+01
1.257863595836299808e+00 1.144216714304503668e+01
1.354439871555379815e+00 1.353530337753214852e+01
1.027607389160035911e+00 1.015152619324208771e+01
1.590607891534944862e+00 1.567299660998831001e+01
1.121349882295092470e+00 1.028728728290248817e+01
1.577662311502832981e+00 1.383388120112612185e+01
1.344922093420530596e+00 1.241536349758382762e+01
1.252825432161922992e+00 1.192205734915002147e+01
1.008069908821098259e+00 1.108832352749950445e+01
1.453071833267015833e+00 1.493247489757623114e+01
1.440702288915804097e+00 1.473296746006084135e+01
1.315457799674385919e+00 1.237951266408819251e+01
1.135289055741821374e+00 1.384518914952340651e+01
1.302868239997941879e+00 1.241607760187505249e+01
1.457630740710145423e+00 1.351448816473620340e+01
1.110070855722279592e+00 1.195088014007170862e+01
1.360732349338584779e+00 1.113652664540177817e+01
1.107186653868609039e+00 1.287147746900123835e+01
1.081111974386790964e+00 1.159684154480432738e+01
1.596881667600468901e+00 1.501168215311703946e+01
1.419296149043097088e+00 1.459384958921470243e+01
1.255241136284253933e+00 1.486281459484744971e+01
1.341625332416691574e+00 1.279236745370133477e+01
1.317695560739622351e+00 1.374813001113062683e+01
1.132841634658363628e+00 1.231846831343282744e+01
1.252683989618691873e+00 1.113561534716419743e+01
1.375339233234940561e+00 1.211868722537139220e+01
1.039063930031661309e+00 1.126790001176119205e+01
1.281731797730946143e+00 1.232646192929779261e+01
1.069274738102623523e+00 1.245357408826226120e+01
1.285853255462027001e+00 1.389571602384729232e+01
1.145978302018431316e+00 1.306478441005047131e+01
1.385614175263699899e+00 1.498332142764092367e+01
1.405104973819053971e+00 1.320932631972698346e+01
1.824789490045818363e+00 1.484665534029189971e+01
1.187200167145501473e+00 1.217981839644729902e+01
1.342821406039070853e+00 1.228313054003710114e+01
1.069415319592049940e+00 1.065803575102046352e+01
1.470257316065203046e+00 1.312638266782786900e+01
1.019487576235799775e+00 1.056199386211567592e+01
1.151190056126398353e+00 1.165495705707198937e+01
1.411457328044573911e+00 1.282924945185523313e+01
1.218168520686559786e+00 1.150470844709558804e+01
1.426388514307955546e+00 1.323632225833396703e+01
1.567085926353439795e+00 1.310420793098830217e+01
1.141338299369403675e+00 1.092474124445398687e+01
1.063588380156686997e+00 1.020067026174373481e+01
1.201797105064812632e+00 1.221752498158985389e+01
1.330344207805720824e+00 1.414725489633233835e+01
1.430013626081991784e+00 1.263225244044306805e+01
1.138047317779754986e+00 1.069730027168287023e+01
1.526586328774119483e+00 1.431666060717171263e+01
1.332529552429690289e+00 1.327562746083986056e+01
1.118959445487253346e+00 1.147723639033226917e+01
1.522539102413607237e+00 1.466897741018892276e+01
1.174020116692294780e+00 1.098276609393255221e+01
1.181406180426256558e+00 1.188234491265631476e+01
1.553280397629378307e+00 1.361166258170629106e+01
1.458794989651252427e+00 1.364628131976075665e+01
1.440589836545715929e+00 1.346378762731561807e+01
1.369945192527672884e+00 1.343052548215787922e+01
1.343414347481916460e+00 1.295196717620963511e+01
1.218433186694019010e+00 1.071629701062253659e+01
1.349817315965141429e+00 1.445856388610526366e+01
1.231646635227639397e+00 1.198056966428364944e+01
1.378827222096881133e+00 1.379315346887448612e+01
1.385120590362380444e+00 1.555157615136684868e+01
1.351763646318060230e+00 1.334918538174881419e+01
1.659473617167701143e+00 1.514532835813875167e+01
1.054215402438344551e+00 1.126268367500701473e+01
1.109820244868567674e+00 1.003663569969582170e+01
1.467902957535154762e+00 1.484760147695097388e+01
1.152491678221982507e+00 1.222769238729413210e+01
1.246083196628279044e+00 1.197854788138412729e+01
1.534435754880153269e+00 1.349439267964980971e+01
1.084131261369603472e+00 1.149416244284961408e+01
1.488001994993324972e+00 1.349644319146405991e+01
1.220457729143209047e+00 1.095714914594256228e+01
1.454339745683605578e+00 1.292065191940639579e+01
1.223931500099095571e+00 1.231935357802228914e+01
1.386938617726441780e+00 1.421104815732694959e+01
1.331308583055632377e+00 1.256331792888351728e+01
1.243181564065219069e+00 1.446401557586402831e+01
1.221966980608885756e+00 1.332473405865529870e+01
1.078971472510195095e+00 1.086430484865168111e+01
1.061851713630418192e+00 1.170835807989011812e+01
1.165603222942908301e+00 1.068302673716823215e+01
1.292993541750846243e+00 1.309413302276164259e+01
1.727670242325481498e+00 1.458192234369589713e+01
1.218917566906993599e+00 1.159398882196555647e+01
1.343129163891040756e+00 1.474703333655069315e+01
1.086057528329666066e+00 1.052938751553007535e+01
1.417210147664455189e+00 1.280479872722250434e+01
1.520993600537951851e+00 1.489050943271041660e+01
1.379479427242588541e+00 1.229815990518776836e+01
1.317149193911787863e+00 1.322077139622819786e+01
1.252278981179902217e+00 1.051866928489754116e+01
1.487045639521523022e+00 1.324567205147608817e+01
1.491735805185754771e+00 1.536329749187821747e+01
1.130963951369980292e+00 1.135985973510819136e+01
1.470943541932197896e+00 1.404213148883317785e+01
1.151542570199501458e+00 1.240532161397078603e+01
1.134594466397009560e+00 1.117038516620172395e+01
1.248977182400158981e+00 1.171972260400911203e+01
1.249856558532466355e+00 1.178471048003441979e+01
1.257783498931418054e+00 1.350512093234001654e+01
1.330405454206289750e+00 1.237085259434854834e+01
1.574332822034602231e+00 1.457471342097555578e+01
1.262386123409887873e+00 1.382172747082711339e+01
1.261029157334118800e+00 1.414256189677478659e+01
1.213643962638029983e+00 1.421868964938907354e+01
1.569008480660816662e+00 1.357712836981729865e+01
1.055569274454995599e+00 1.165971835602921303e+01
1.328500408289509327e+00 1.355996259364291490e+01
1.737931578877562000e+00 1.450035139328496925e+01
1.140091557024547342e+00 1.136328548354452295e+01
1.399985682184919256e+00 1.195766337424869796e+01
1.255750649982504186e+00 1.169168669205125788e+01
1.088017238169107559e+00 1.040804897549471164e+01
1.583564579877808409e+00 1.490003921775790729e+01
1.192926252880006643e+00 1.289528917462066460e+01
1.606650281361142074e+00 1.450892106698645989e+01
1.113554515892196450e+00 1.167949311072398189e+01
1.037126328701936995e+00 1.055220043711932831e+01
1.174559391005326026e+00 1.054633271051408450e+01
1.132746416217031538e+00 1.342603392936361217e+01
1.493718714888937482e+00 1.329100736140177119e+01
1.216527867716944655e+00 1.225498691650146377e+01
1.405110835476452547e+00 1.330644158476027528e+01
1.265553480939892061e+00 1.457888082720727851e+01
1.151260058141172049e+00 1.148714014168492881e+01
1.245053393108881412e+00 1.295630836210951742e+01
1.096816979562540206e+00 1.053244787636026736e+01
1.357799548235710807e+00 1.167110613489213833e+01
1.327303590956211643e+00 1.246498051740218216e+01
1.270357891769319014e+00 1.424738886614755273e+01
1.362852503136774418e+00 1.196538219709444384e+01
1.152396568540107857e+00 1.204097437356147005e+01
1.132905477143052675e+00 1.286261907673971194e+01
1.393660241289122581e+00 1.173294198819031564e+01
1.239729622613675142e+00 1.353681257974485064e+01
1.211020770301844518e+00 1.306906417330457870e+01
1.228034704415134737e+00 1.242119592063293965e+01
1.689106389120808682e+00 1.470076082197969569e+01
1.036845132128252134e+00 1.273116713681763201e+01
1.459919367766311593e+00 1.256617019791228174e+01
1.526506045647885834e+00 1.378886910705101343e+01
1.024126321132687645e+00 9.917971202741913572e+00
1.299817090345414483e+00 1.409309664783419791e+01
1.348211078221182246e+00 1.303500514366222873e+01
1.453163643128348337e+00 1.223162997207552039e+01
1.109897063966531983e+00 1.282116038448202389e+01
1.360915267147606356e+00 1.501114122672134599e+01
1.313630948723749414e+00 1.427772354436502766e+01
1.157053925856940779e+00 1.264799551675193001e+01
1.191857134381533623e+00 1.334871986322293935e+01
1.509290364387659400e+00 1.413563963468936890e+01
1.107189828954245892e+00 1.023382963190568518e+01
1.313441745197233335e+00 1.342266539099403388e+01
1.408171377992336160e+00 1.213631057184911910e+01
1.333128102784995050e+00 1.531484850873821557e+01
1.160137142692198919e+00 1.074691362453475207e+01
1.059688855968360155e+00 1.149827470608508051e+01
1.265700995975542753e+00 1.152731531033111345e+01
1.287590138650087868e+00 1.194732148167302554e+01
1.411785233493618730e+00 1.244089841064372592e+01
1.396403848308795936e+00 1.329825705175186457e+01
1.172352611935565836e+00 1.227261163261045418e+01
1.354150595307463067e+00 1.326172447236781338e+01
1.143222519960519712e+00 1.103456041114647590e+01
1.251243219497182091e+00 1.348501748285803714e+01
1.340791971769133450e+00 1.350892214675226555e+01
1.258589450777262142e+00 1.360410155542556510e+01
1.385165956368560547e+00 1.284268753195115664e+01
1.378819708282641443e+00 1.203966648498716197e+01
1.268886405150022822e+00 1.237934578724467016e+01
1.249857887530429812e+00 1.282942671928112333e+01
1.528241881360398624e+00 1.331824475606930136e+01
1.559887885696608301e+00 1.532349172078581745e+01
1.187179724258307978e+00 1.313348646242426909e+01
1.153691749592224980e+00 1.103322322242913422e+01
1.293919189538540460e+00 1.263913638358719993e+01
1.136532713236386938e+00 1.117544297918805185e+01
1.305196103734611146e+00 1.419522481903332078e+01
1.000780602509874440e+00 9.245485908025738553e+00
1.453064137203667672e+00 1.421411833412307146e+01
1.483602195647944821e+00 1.309603128100011915e+01
1.292685314195107349e+00 1.250036227621125917e+01
1.347024578442141962e+00 1.326584532845866704e+01
1.295744274024581255e+00 1.265973046200176455e+01
1.031039102290633558e+00 1.013265553371673811e+01
1.216219672536091423e+00 1.361021629007623446e+01
1.295374933834368747e+00 1.356614719025807148e+01
1.225027062812897860e+00 1.343160767804501532e+01
1.106900457206163590e+00 1.280881806088034836e+01
1.246904190028323978e+00 1.374690034428456187e+01
1.450485903543522692e+00 1.312127319321802332e+01
1.278913452876805801e+00 1.397169260453379636e+01
1.145504205870509162e+00 1.351830184593078954e+01
1.434541783703445983e+00 1.353249902801966087e+01
1.242286840726365638e+00 1.185261615786552447e+01
1.116774603079850214e+00 1.312115948799088727e+01
1.133738087117466709e+00 1.143009683124082621e+01
1.033336999246340815e+00 1.041827233913231865e+01
1.042079679358803190e+00 1.138523107535958445e+01
1.126976725461898088e+00 1.238876648328356822e+01
1.351731460487845426e+00 1.197892605260073040e+01
1.337686876599035957e+00 1.185680012534023575e+01
1.433291301165629861e+00 1.206034627692757866e+01
1.575519222270711062e+00 1.428190160808873443e+01
1.589239069930466819e+00 1.425153091877848510e+01
1.210412370044105623e+00 1.080394027538180168e+01
1.324048321623528590e+00 1.240835636005563103e+01
1.375095355522275575e+00 1.434240069081895186e+01
1.359731311671946052e+00 1.431105826466736275e+01
1.092043132348236911e+00 1.124152778473314385e+01
1.198039267267630326e+00 1.113350654369698489e+01
1.381689783083546841e+00 1.373329022018914003e+01
1.322163503428227083e+00 1.248888229041489240e+01
1.208253809888327757e+00 1.233145636644307608e+01
1.603642312416053484e+00 1.451330862750914363e+01
1.287837674904530161e+00 1.105606687888575479e+01
1.333385499486542169e+00 1.216869636618768524e+01
1.288740152059068445e+00 1.460725558195488105e+01
1.128445681572400439e+00 1.224634169206205669e+01
1.195787894565660370e+00 1.204018422199747107e+01
1.128303557140903912e+00 1.346994894158282818e+01
1.040769003022187000e+00 1.128054369122778233e+01
1.418800987700119531e+00 1.384257186209476487e+01
1.484187270935073411e+00 1.474781619861566995e+01
1.201632097288032552e+00 1.232092295358251732e+01
1.139053057661720381e+00 1.067496870870881054e+01
1.309879198963083136e+00 1.340683903441743752e+01
1.273708489913678576e+00 1.173541597000731329e+01
1.410745583419948268e+00 1.324529544599035091e+01
1.029556460348256541e+00 1.074613474388403134e+01
1.249701584226529771e+00 1.290183957130431125e+01
1.159084185235755404e+00 1.241590676351805556e+01
1.151687072730405159e+00 1.143093970469748299e+01
1.097796826654126479e+00 1.104515511761364976e+01
1.085274393541692639e+00 1.111551286850766473e+01
1.380050539982041968e+00 1.284308693093439757e+01
1.244289640200687330e+00 1.272438779179881152e+01
1.064890905830738088e+00 1.107387561865620995e+01
1.191836155960370736e+00 1.108931914289055953e+01
1.191563758669518025e+00 1.184355226571973496e+01
1.588600452178660305e+00 1.372506753924200495e+01
1.028946322692366300e+00 1.312662438517970998e+01
1.069951564522915843e+00 1.315479731220199611e+01
1.300202141098154796e+00 1.473776686093896870e+01
1.191753980289890436e+00 1.095290692078546968e+01
1.419179127366169801e+00 1.434995034364678190e+01
1.489893235708679597e+00 1.469736943802893236e+01
1.564587863700801940e+00 1.409998874993044993e+01
1.207275175157571656e+00 1.247593181072669566e+01
1.381977227872866587e+00 1.379918845554789186e+01
1.066181165648755425e+00 1.277129659442141829e+01
1.114594514321055829e+00 1.150163142534309912e+01
1.169752421688692090e+00 1.090846497101523482e+01
1.191134584742735925e+00 1.117721280853948151e+01
1.259432778716914836e+00 1.064940205486490754e+01
1.112746302685938993e+00 1.377549584535684701e+01
1.388559413476456950e+00 1.426480619173905851e+01
1.441350760501986183e+00 1.350562346508563394e+01
1.093794278416789112e+00 1.278704526869677949e+01
1.540703610455580685e+00 1.428435993205549082e+01
1.327026511973589784e+00 1.299827988400545209e+01
1.206057734361396294e+00 1.360910495870775350e+01
1.495443572426638834e+00 1.465415405517049052e+01
1.273113379596561900e+00 1.351906650061764026e+01
1.358742290766359107e+00 1.408360096592546284e+01
1.476512551970025511e+00 1.290106562824485792e+01
1.012512482908711542e+00 1.032551094820446735e+01
1.455689918815066042e+00 1.469292083109349178e+01
1.274551717168041165e+00 1.340555468831217922e+01
1.191005858921171168e+00 1.310754155905488005e+01
1.390522967778596408e+00 1.322769418412002196e+01
1.677229085028905331e+00 1.435313685665467176e+01
1.721888031133920638e+00 1.473431327888668818e+01
1.595110848532428127e+00 1.369245195171975737e+01
1.150952763888382968e+00 1.173146073735816941e+01
1.584985438085342757e+00 1.519102900634860021e+01
1.267565067858106520e+00 1.260617923449733269e+01
1.112486158544431447e+00 1.193643473105453801e+01
1.016263140802003972e+00 1.085025854847010507e+01
1.634539140465187668e+00 1.520217204686433377e+01
1.392500750627368777e+00 1.444232152670496205e+01
1.133443283613849939e+00 1.152367462626025230e+01
1.206801325168880945e+00 1.081179439604585824e+01
1.015624620945687617e+00 1.204495717631459684e+01
1.148788143752154767e+00 1.188644167946222296e+01
1.559131090481149062e+00 1.477345384414837071e+01
1.174867764046316099e+00 1.283910497287381958e+01
1.114573917390924596e+00 1.118111164067240892e+01
1.117249037979742621e+00 1.080294322329303824e+01
1.591924328031303570e+00 1.494769918489395977e+01
1.150030451925206920e+00 1.229414303305416922e+01
1.401613112317727783e+00 1.289921705714017008e+01
1.412654164736794726e+00 1.348572085357884376e+01
1.373862500259885877e+00 1.354166855173957273e+01
1.351754971896197643e+00 1.311330995693287704e+01
1.148968051035211602e+00 1.147602788677277630e+01
1.134848256222928065e+00 1.119823756307659224e+01
1.067633638425166120e+00 1.145161517579426302e+01
1.411491106136205209e+00 1.366456819304063686e+01
1.123929505051647570e+00 1.138183594063812265e+01
1.406202250881899651e+00 1.369297472694145412e+01
1.592080428378135792e+00 1.494232502644979732e+01
1.063657096104306810e+00 1.132303638575302251e+01
1.061988730948552728e+00 1.058605939863465473e+01
1.384231968590827977e+00 1.352232043963066133e+01
1.180323384956953880e+00 1.040508696122360632e+01
1.253285191813067634e+00 1.191330618610082936e+01
1.405805945158165038e+00 1.174455024727015484e+01
1.040348754770286543e+00 1.002978490174162829e+01
1.330287912696323627e+00 1.258989180936475449e+01
1.118770232012664456e+00 1.335970159053790596e+01
1.298674166401570407e+00 1.306140161259585142e+01
1.192663724186379559e+00 1.187601005672706123e+01
1.072002525748776192e+00 1.164771815642910369e+01
1.127959026039872636e+00 1.149029685987566296e+01
1.132068372803826772e+00 1.161213730466335825e+01
1.088164077284723863e+00 1.260554315369316924e+01
1.198338186345978107e+00 1.127800519408212310e+01
1.513273387976115103e+00 1.398515505062376363e+01
1.583953718947308520e+00 1.486133654422354766e+01
1.006524092645075141e+00 9.833413443916850127e+00
1.682118287520635747e+00 1.536298679665019051e+01
1.115192182882413396e+00 1.132029299980885462e+01
1.156627780582963450e+00 1.194501268692022933e+01
1.377281090336141656e+00 1.190239900301754972e+01
1.285780894510323069e+00 1.209595109676542890e+01
1.307651294127839314e+00 1.167256017526259626e+01
1.040719572254164005e+00 9.883437263567717679e+00
1.130711992627953855e+00 1.077935940004955384e+01
1.325892718104390244e+00 1.328129690542273522e+01
1.082197057574247667e+00 1.056070891550909607e+01
1.396245528052376450e+00 1.568130225560071622e+01
1.532338535601800000e+00 1.316879028563066711e+01
1.298918617729972969e+00 1.270499424411837808e+01
1.429187869106667286e+00 1.346637973789860965e+01
1.035878803259576930e+00 1.096718535843571019e+01
1.388621599132244810e+00 1.378967124538561606e+01
1.496943130953069634e+00 1.340008105332855948e+01
1.285178253725326680e+00 1.262621511948423958e+01
1.284883818329904948e+00 1.237928166074095060e+01
1.272164174027700989e+00 1.349508928068209812e+01
1.125974476046107453e+00 1.149841860498571045e+01
1.402387359837564462e+00 1.210672062861229925e+01
1.289832877380373999e+00 1.361045207375999411e+01
1.222623523326185957e+00 1.267758783542924661e+01
1.175528178193617546e+00 1.221324015424551135e+01
1.148165846104056032e+00 1.087206403860538373e+01
1.464555590008331132e+00 1.396596054440491486e+01
1.477049581613735674e+00 1.348214467613762935e+01
1.403818979045974746e+00 1.221112714230571328e+01
1.287507152642422881e+00 1.425936182203330205e+01
1.379647249006118681e+00 1.264426355135660529e+01
1.484129414295460636e+00 1.371936340834788126e+01
1.137547879483213675e+00 1.134078190126148300e+01
1.206312637887710926e+00 1.081026803064119690e+01
1.333729463532639103e+00 1.211947985469075562e+01
1.333322390093060417e+00 1.269742398608521583e+01
1.128225521544905297e+00 1.051868243492840094e+01
1.469017675868461437e+00 1.456334894471703123e+01
1.512066717439161323e+00 1.456921071673654922e+01
1.238110346856001742e+00 1.219352617498529057e+01
1.025480333202143601e+00 9.757226231671378258e+00
1.406436170062898672e+00 1.301892542292035415e+01
1.162538668651390772e+00 1.064232005714106677e+01
1.636165967386918219e+00 1.463718561918089378e+01
1.245977567285775800e+00 1.228889338991438862e+01
1.395796760559377070e+00 1.491662517030841073e+01
1.420001540331893075e+00 1.392776245940779489e+01
1.356515201401825355e+00 1.293961450933500146e+01
1.133666873268238007e+00 1.301355339117230514e+01
1.474873697763365854e+00 1.458666314869312686e+01
1.343823736384713641e+00 1.300419330552695385e+01
1.542408806617273864e+00 1.298991799988011309e+01
1.557989864469027541e+00 1.263150455931869587e+01
1.078627955234199964e+00 1.039383050463943547e+01
1.222745349805484549e+00 1.226776292524691847e+01
1.376220233241200797e+00 1.237455481716756012e+01
1.450323549964017245e+00 1.422215996230789514e+01
1.391846297745418459e+00 1.180314221437590305e+01
1.662820166986142656e+00 1.370686595228763949e+01
1.229932770507154327e+00 1.085724356276277547e+01
1.113715867414883043e+00 1.090519240357899911e+01
1.419786602964709044e+00 1.320386805506667471e+01
1.396630682869495876e+00 1.355824387153525024e+01
1.113545645678985618e+00 1.188279932734640099e+01
1.121709536665105311e+00 1.228074384982046041e+01
1.112504545954791313e+00 1.037874392621910324e+01
1.455158009445543632e+00 1.377005011159314662e+01
1.193989169353431912e+00 1.370019427863677208e+01
1.412675760852898366e+00 1.392794094306517749e+01
1.328085056917391871e+00 1.267747216804542276e+01
1.505673596124067259e+00 1.284650792667691732e+01
1.040951678737154662e+00 1.244373177751604942e+01
1.141581022212263097e+00 1.170321442319944438e+01
1.150299960094933516e+00 1.090544884819009042e+01
1.181884823437930665e+00 1.438922975060526710e+01
1.336960629169076764e+00 1.233335306999895309e+01
1.119490974899068014e+00 1.258934257622668440e+01
1.198345991990724890e+00 1.197136110088332472e+01
1.381704551044773410e+00 1.204657487909501512e+01
1.476145652986094126e+00 1.274209511836640374e+01
1.204343138448811024e+00 1.133615216342793275e+01
1.178574400684025747e+00 1.436532340368787430e+01
1.143596916089917093e+00 1.202509773878527533e+01
1.213291510310651411e+00 1.280260281823282043e+01
1.159226449183733187e+00 1.304428342080271364e+01
1.087545836723484927e+00 1.221082832303185484e+01
1.133393346793336587e+00 1.294599999459565254e+01
1.258962254449156770e+00 1.343845833612339646e+01
1.351906709407704188e+00 1.435344254883362680e+01
1.506154440567332387e+00 1.422867581973626727e+01
1.505129125748549512e+00 1.254772000268399879e+01
1.125381142479476626e+00 1.298228611255959919e+01
1.112531995166835763e+00 1.275819811447091467e+01
1.112081820185159220e+00 1.291201688270353998e+01
1.061938152444030559e+00 1.364085085334303216e+01
1.315253417139476078e+00 1.223593036020252889e+01
1.339542889751507149e+00 1.366744371256149293e+01
1.273181616031565877e+00 1.306955209181445454e+01
1.359956564660693479e+00 1.359312344998789257e+01
1.179867396781438149e+00 1.264548909565175450e+01
1.543387448436854381e+00 1.420231547817489925e+01
1.073485935455463780e+00 1.278818040314071069e+01
1.249120843738072972e+00 1.286644783838374906e+01
1.403339984480217684e+00 1.358308310969544763e+01
1.396041742939972519e+00 1.450915717700405949e+01
1.307796010712422685e+00 1.193742607597807748e+01
1.092409213069408747e+00 1.097786338176968712e+01
1.275867167015329873e+00 1.293421468855725820e+01
1.041435109607292020e+00 1.243313486150406177e+01
1.142530191501282433e+00 1.025854062533315414e+01
1.367528150616665883e+00 1.337501094584577643e+01
1.308182184400367598e+00 1.319117692716188373e+01
1.218680509803554024e+00 1.159388063481662456e+01
1.669878814284533552e+00 1.563090688711886855e+01
1.036748173721029120e+00 1.216918230379700461e+01
1.273695084769463248e+00 1.131622250331600199e+01
1.444700963344718758e+00 1.320619780062545701e+01
1.484814315801975315e+00 1.360595029941195477e+01
1.136759997908133313e+00 1.197991019458899231e+01
1.717317400567691443e+00 1.563438162814751564e+01
1.222731556541300613e+00 1.220901685044620777e+01
1.471412766800070937e+00 1.373930717402913970e+01
1.150071738187670389e+00 1.163119144379046332e+01
1.604474959533322309e+00 1.499679848969444507e+01
1.392025327102968335e+00 1.351528601297619758e+01
1.427728954946326123e+00 1.234298141505407642e+01
1.049914497780934486e+00 1.222515728624232878e+01
1.367768178488981468e+00 1.316790178301345549e+01
1.083635544967636033e+00 1.106808834600590785e+01
1.147862026218945397e+00 1.126339270998287745e+01
1.160799830344416694e+00 1.177056950983631012e+01
1.258616652728537622e+00 1.318304244147789461e+01
1.496156326040755324e+00 1.398276204614472817e+01
1.200228513883674353e+00 1.341107666392549547e+01
1.513182116806062627e+00 1.506576240323204985e+01
1.439364304858467225e+00 1.350875390828151623e+01
1.347406105731037584e+00 1.265056203003540247e+01
1.090342483029654197e+00 1.005246875474335155e+01
1.527426540597641491e+00 1.383138291617325066e+01
1.191056339617978521e+00 1.174864148211399772e+01
1.344941543233343584e+00 1.208451979327518799e+01
1.115663777303989024e+00 1.316938737169482820e+01
1.169474735871492088e+00 1.259354339046265636e+01
1.073180414938633032e+00 1.168074432238726956e+01
1.520068238394462590e+00 1.311266360406919418e+01
1.754460340684864894e+00 1.447328299332130541e+01
1.100084039450683893e+00 1.269032567455179716e+01
1.497485132738593627e+00 1.504182303716495639e+01
1.146051617084998364e+00 1.153315758238388078e+01
1.542835355417203846e+00 1.458894565659874942e+01
1.273961637971119165e+00 1.305500832870300698e+01
1.146099553132660098e+00 1.143512857991199638e+01
1.544461312933031349e+00 1.368736543031893760e+01
1.251061997872474629e+00 1.306322825789951025e+01
1.636309053403143476e+00 1.591693242054035551e+01
1.356062711095301632e+00 1.276524874990379743e+01
1.508915867792323118e+00 1.337073105370943793e+01
1.028564411134885503e+00 9.668809790937531901e+00
1.470089166459736418e+00 1.322472631395399745e+01
1.214258644507043128e+00 1.282743021386383120e+01
1.301369043926789537e+00 1.266744446721525108e+01
1.337135713287509242e+00 1.432634491368200358e+01
1.287553363798752848e+00 1.245371966210478831e+01
1.266398846887019536e+00 1.198650799648213017e+01
1.555769433216056097e+00 1.428320565008744936e+01
1.054051571916934105e+00 1.055926216688467711e+01
1.521069187378339738e+00 1.309049888964941744e+01
1.743595846434210284e+00 1.521897203154314226e+01
1.571507351306835609e+00 1.367541415019327289e+01
1.237131359403011555e+00 1.262285545174054491e+01
1.379798477490829622e+00 1.205441269781159974e+01
1.414086267994355772e+00 1.287212486988379467e+01
1.052034220986848290e+00 9.979309267665815497e+00
1.357506171917762572e+00 1.348566139874411718e+01
1.400955241187881395e+00 1.520981759141069034e+01
1.702006467585527094e+00 1.481037763760280868e+01
1.126617421950907527e+00 1.050902196845557413e+01
1.310159603607486734e+00 1.171581468448141905e+01
1.031307248330763704e+00 9.995795979546446830e+00
1.101625763876618480e+00 1.185628409351274826e+01
1.255214801050405615e+00 1.170183020794431705e+01
1.288992274876602728e+00 1.129810263587156172e+01
1.333182099775103158e+00 1.307028409950028802e+01
1.094237304059574090e+00 1.148188024832624521e+01
1.384905610539890475e+00 1.331876178417912371e+01
1.418834980651975775e+00 1.442360160188376383e+01
1.035688008206439470e+00 1.153771476276561714e+01
1.473407390496572766e+00 1.340309281641521366e+01
1.308946356767922925e+00 1.365834600879003702e+01
1.341003948367612608e+00 1.476112677540929496e+01
1.400200623646016052e+00 1.290434206403129025e+01
1.373648203959573433e+00 1.253429910228335942e+01
1.201654219732392281e+00 1.336234984358315714e+01
1.219146123381235292e+00 1.295059173984335743e+01
1.745109483089421598e+00 1.512210379731230603e+01
1.298208067102991636e+00 1.177363806331515050e+01
1.046130376226064529e+00 1.028767897203366388e+01
1.534378631910361612e+00 1.320505516094482701e+01
1.087838546403181894e+00 1.180499334272113998e+01
1.211131981911017785e+00 1.334168799652388060e+01
1.196577794381656901e+00 1.138052264661882873e+01
1.669687178555067320e+00 1.546790275715537533e+01
1.189244571993104627e+00 1.391114323327323632e+01
1.266312918434405077e+00 1.203656734212709978e+01
1.169492127315391539e+00 1.083668201795784114e+01
1.369774203160274872e+00 1.400339996682443555e+01
1.041158042048310195e+00 1.009150770016103493e+01
1.341931809591967228e+00 1.183767104316651952e+01
1.267027627170215442e+00 1.520075580160007789e+01
1.216811358145817756e+00 1.093360110274408648e+01
1.196412257639387633e+00 1.104501119714222668e+01
1.014190247988437710e+00 1.134475784801854559e+01
1.033040683726188291e+00 1.173816734396642047e+01
1.159198038808516351e+00 1.211976071798924259e+01
1.484072102951633720e+00 1.363996737383199331e+01
1.112413407022106338e+00 1.293183012366946016e+01
1.358323660419068268e+00 1.370129823679129188e+01
1.189261756151602123e+00 1.272398727304694432e+01
1.374821121279484082e+00 1.335034261760306151e+01
1.210579365619116166e+00 1.435689302726244776e+01
1.641374889685735639e+00 1.349177806478354569e+01
1.170486227922088673e+00 1.321076109542778809e+01
1.600026090787326716e+00 1.502214789758997071e+01
1.428073296440754536e+00 1.356090795418875672e+01
1.352287299784705521e+00 1.230699856904268330e+01
1.355825507320374879e+00 1.350166028309746480e+01
1.305699486652507346e+00 1.263993621112510723e+01
1.452435638932803474e+00 1.497527496933686919e+01
1.106695230818667941e+00 1.300579304646055334e+01
1.096170153787917823e+00 1.230284251495771919e+01
1.610405354696182068e+00 1.493656234663983895e+01
1.348435537811211615e+00 1.386293700908687043e+01
1.381872153892587329e+00 1.378604814739671269e+01
1.265076148648983212e+00 1.270643024174923141e+01
1.371147890664464297e+00 1.354596060902203902e+01
1.222453164075811616e+00 1.083317145485696642e+01
1.475589749059228240e+00 1.351783858950977901e+01
1.559061590011014964e+00 1.501838968668681318e+01
1.234949223236270877e+00 1.275985072561212164e+01
1.038257057281064100e+00 1.068703452577740620e+01
1.436968104573490557e+00 1.257077793355331607e+01
1.262507082999056784e+00 1.228687766356047462e+01
1.128025358824749969e+00 1.050113442216821369e+01
1.006070212506423811e+00 1.133597823131908378e+01
1.833074000079687016e+00 1.472120814302459024e+01
1.279769096274810503e+00 1.172105499040795884e+01
1.334668577335080819e+00 1.226878783035345677e+01
1.265679101485679192e+00 1.142894003904140021e+01
1.460643653698600941e+00 1.459900564717224114e+01
1.363854785433657568e+00 1.338650923552328109e+01
1.374480652410156711e+00 1.297180310346180221e+01
1.405536494690299509e+00 1.595160233243174730e+01
1.147942736099007099e+00 1.051878967234022255e+01
1.419681208964975960e+00 1.396637979681544550e+01
1.341117884400861104e+00 1.318173469484110072e+01
1.319314792166675021e+00 1.324446274289860881e+01
1.341900826085995924e+00 1.481881261550827489e+01
1.297983144130136601e+00 1.278077983366176440e+01
1.217878080664291707e+00 1.134384756284000417e+01
1.458873092734725763e+00 1.496768598911850034e+01
1.160326161462077899e+00 1.217569943072904515e+01
1.162077828280284164e+00 1.121412859379439553e+01
1.115841770614133255e+00 1.090284688325934503e+01
1.251321690424154642e+00 1.312389882219403248e+01
1.093669875839054839e+00 1.074792571418452169e+01
1.338402763348264024e+00 1.248081015170401287e+01
1.681800648287648858e+00 1.424836357076093307e+01
1.251584544045156733e+00 1.172277016478777156e+01
1.182705607707972284e+00 1.208181622900671215e+01
1.269830730796775331e+00 1.198591014707376345e+01
1.226170553682540909e+00 1.118409076265617941e+01
1.429536189472804253e+00 1.220484699925689398e+01
1.489125647316274170e+00 1.355746639533429843e+01
1.049397138427221599e+00 1.061371081720172249e+01
1.411438005284475938e+00 1.279555666122493562e+01
1.136593567986390996e+00 1.240878883472972660e+01
1.471309003912390390e+00 1.372682333880141314e+01
1.352780099315189499e+00 1.352660172050924103e+01
1.464660845352881546e+00 1.382393619966060072e+01
1.447849362855812227e+00 1.351213516070731657e+01
1.526285728133499386e+00 1.427046819580532144e+01
1.348708480607610616e+00 1.218019866562053544e+01
1.670278909763874386e+00 1.500985865417457532e+01
1.514241013908724121e+00 1.350548081452386739e+01
1.570760064056236249e+00 1.502297655460974823e+01
1.115480382508973189e+00 1.004295627279551972e+01
1.230894188055230876e+00 1.173565072664450959e+01
1.252186962172959550e+00 1.378973778945271889e+01
1.284076407863484093e+00 1.230136721331703598e+01
1.259279846278431370e+00 1.121112495361800043e+01
1.250153257197152090e+00 1.134581672821320808e+01
1.351735842621712980e+00 1.252711979489150096e+01
1.277483974636705932e+00 1.218855198286563635e+01
1.364642431961196500e+00 1.383298597683152309e+01
1.387089370613779904e+00 1.237095147350400737e+01
1.299956633979459486e+00 1.278716591237211730e+01
1.043308915851162810e+00 1.149400559679939349e+01
1.089947525192362043e+00 1.091545843104237079e+01
1.300412236760545515e+00 1.198032133022289969e+01
1.212509628488235958e+00 1.421213066229823241e+01
1.212265456457402912e+00 1.116809414395293132e+01
1.034803123051625917e+00 1.052136240583767091e+01
1.457872626211101696e+00 1.297665941696816461e+01
1.407684109239009995e+00 1.261762289003214832e+01
1.050603135630775231e+00 1.287908126208922965e+01
1.415404051492958892e+00 1.277990955717584498e+01
1.408323877485540443e+00 1.548298506122170082e+01
1.265276092933758090e+00 1.287757900436194447e+01
1.210451009617329765e+00 1.151700525350682369e+01
1.160743876588693269e+00 1.063774308726847195e+01
1.395307022169789857e+00 1.202108578968232777e+01
1.545558898930364577e+00 1.290580598696626424e+01
1.401948506925660975e+00 1.265119165641969801e+01
1.145489938515398265e+00 1.045151177026730238e+01
1.135128869605985358e+00 1.208904336010960634e+01
1.247907168433901592e+00 1.123197577015287862e+01
1.346055522324842935e+00 1.237912699622954449e+01
1.231665893936314093e+00 1.143659417473734230e+01
1.245890685457939684e+00 1.331082055096439376e+01
1.057775520382285839e+00 1.151020741096666100e+01
1.106383023357957684e+00 1.161880029250424684e+01
1.151836721137271757e+00 1.198179307498803858e+01
1.488856686165871857e+00 1.482452162109849070e+01
1.036531686493280979e+00 1.149295533776905209e+01
1.201124039884439165e+00 1.240784461818536499e+01
1.197307595068463071e+00 1.225436181601867425e+01
1.577759416400262626e+00 1.492332958429630807e+01
1.304244388320230374e+00 1.377758618767131793e+01
1.209596112593854134e+00 1.183968355124303784e+01
1.223267652580357634e+00 1.335791641662252971e+01
1.177290503735573646e+00 1.209395169802937176e+01
1.233020354072973834e+00 1.227795967580880898e+01
1.023977842967847884e+00 1.179321658992962796e+01
1.255726374385515820e+00 1.312404944753370728e+01
1.174186104460622992e+00 1.290224763128803787e+01
1.449635905938693625e+00 1.443502836348092444e+01
1.098558250455375251e+00 1.211740412954656598e+01
1.358920656204747335e+00 1.270904973011678507e+01
1.394255890016479427e+00 1.266270512364840783e+01
1.264307440846906605e+00 1.371998207675358472e+01
1.331015134294355917e+00 1.160362596812862890e+01
1.116142462532150326e+00 1.093570836820276782e+01
1.522262468453399853e+00 1.329336109664959764e+01
1.198301922745178105e+00 1.062897504593561848e+01
1.202369796760045517e+00 1.261675276140743307e+01
1.195106420039954154e+00 1.099968121728215209e+01
1.001395337078548442e+00 1.285318060502192949e+01
1.633819362258690955e+00 1.402225443464577737e+01
1.296218226469832091e+00 1.376931675880883787e+01
1.260092168601450346e+00 1.227692428165593341e+01
1.564341175476158474e+00 1.465858020254321303e+01
1.432043840700204296e+00 1.369098875445299512e+01
1.211480372328333388e+00 1.142548631926469227e+01
1.424027649347509028e+00 1.410695160412361560e+01
1.163690096654015349e+00 1.043209336845410640e+01
1.184226201304995785e+00 1.257358161744587832e+01
1.332989629913194030e+00 1.240289108773543703e+01
1.249979410012409975e+00 1.296458847827770100e+01
1.284494917035557293e+00 1.311768513212716769e+01
1.402502682110255527e+00 1.181289583952093381e+01
1.273183164172430271e+00 1.145819758417105483e+01
1.512552676590408041e+00 1.269359594655270485e+01
1.197816952526432832e+00 1.225671052599911448e+01
1.249060078429533593e+00 1.163991183630775339e+01
1.313978884423421922e+00 1.525743743785531237e+01
1.479086611216557934e+00 1.316381332196106868e+01
1.406871774560562782e+00 1.330941796123022414e+01
1.212142746786735170e+00 1.245283896675941193e+01
1.402825013598104853e+00 1.261982300981519600e+01
1.415860130761688485e+00 1.288001144802962017e+01
1.426713651990106690e+00 1.325584096324820038e+01
1.096691293389155053e+00 1.095131946653932609e+01
1.046810222480504260e+00 1.364420261960343694e+01
1.401000210791399914e+00 1.341496217072531039e+01
1.132971075929120275e+00 1.089948965994882357e+01
1.280590656041236119e+00 1.159886108846264996e+01
1.114940428621294277e+00 1.140085858682918385e+01
1.230321807352280583e+00 1.160082862263972991e+01
1.085375635732408472e+00 1.064637449634951594e+01
1.259328696953229354e+00 1.121696278882844311e+01
1.304556739118594155e+00 1.346434695150941963e+01
1.192763790410371838e+00 1.244141394162181413e+01
1.261385227592149549e+00 1.467266815558176063e+01
1.055071836163181231e+00 1.243248526946715060e+01
1.133386037003060842e+00 1.114594961841218890e+01
1.257986504189920973e+00 1.195472029108956491e+01
1.352558063944859335e+00 1.262659759406631821e+01
1.106455913492923493e+00 1.217617953656473517e+01
1.198544342404720187e+00 1.337441841344803706e+01
1.371293415286305883e+00 1.351476838414504300e+01
1.124688007572496762e+00 1.305070429838633217e+01
1.407678975992900039e+00 1.489645540825883074e+01
1.321313838095180548e+00 1.155841423216772412e+01
1.017852797069227488e+00 1.167522273196198057e+01
1.514063539929721092e+00 1.412688060038277982e+01
1.378534580032147794e+00 1.381571591169069890e+01
1.466052536938617035e+00 1.387097751835403514e+01
1.356389114477854596e+00 1.199597162242872983e+01
1.327506265438771704e+00 1.360335278024721717e+01
1.375341708960846843e+00 1.367490992493225832e+01
1.359100082699615131e+00 1.159419929967772944e+01
1.160754677143389868e+00 1.013027443896192636e+01
1.359752461815179947e+00 1.222622237862946548e+01
1.131942019448370695e+00 1.285993504689665912e+01
1.077215495913410370e+00 1.048879935124890039e+01
1.758793620885209741e+00 1.599966868254821151e+01
1.401592730691457733e+00 1.390210653151502740e+01
1.193067466102761820e+00 1.302667570646150352e+01
1.019988794889892025e+00 1.043588769787828952e+01
1.135396496307048420e+00 1.085658914095099803e+01
1.468143483415671691e+00 1.381544738506005388e+01
1.539143122628579885e+00 1.506525796403938244e+01
1.399799540251720487e+00 1.295216397271484610e+01
1.644842936794655319e+00 1.467686967940959875e+01
1.268665572376107553e+00 1.348864174562875817e+01
1.285881986421179235e+00 1.132713855808684755e+01
1.210019638073015713e+00 1.239915328657757776e+01
1.423781675465113139e+00 1.338394343680542065e+01
1.214689308902190623e+00 1.234626316527452516e+01
1.422099004711965264e+00 1.220865430746891533e+01
1.042454554392386878e+00 1.113178634276099110e+01
1.317651498048827419e+00 1.312485937792793678e+01
1.377023721754373931e+00 1.275067528529713456e+01
1.312134744217474225e+00 1.125213138868679152e+01
1.241884112935523587e+00 1.278923681418949698e+01
1.156244019783635002e+00 1.108884446536544566e+01
1.382310499265574144e+00 1.479992482785425167e+01
1.410851299745380594e+00 1.313022234968879687e+01
1.551334795468195527e+00 1.342043305333971404e+01
1.262167708862523163e+00 1.296889737001884058e+01
1.519784761386901106e+00 1.529564924428235528e+01
1.277095818558030338e+00 1.190706977413668710e+01
1.249167988143954133e+00 1.221800515792894259e+01
1.219179637413340123e+00 1.406217245360247148e+01
1.261266316402005261e+00 1.135178697114938728e+01
1.168985142672620103e+00 1.029974178904520699e+01
1.238036872241392583e+00 1.345939737253651458e+01
1.155649401441551039e+00 1.313653550334918663e+01
1.231004100141414925e+00 1.108614830894263115e+01
1.242248606157611901e+00 1.198416839561643776e+01
1.418305535442563547e+00 1.255842156050746183e+01
1.242054465918390083e+00 1.326825630298552738e+01
1.059986312701600486e+00 1.038397832425719614e+01
1.440662760547549937e+00 1.489399815192874854e+01
1.211187599779336654e+00 1.148953142818883322e+01
1.261624262768796134e+00 1.203227715729914848e+01
1.422505490844374387e+00 1.406807226474670713e+01
1.374872560030181656e+00 1.282817704974608475e+01
1.218959087788002549e+00 1.097813148402671324e+01
1.473151790212850587e+00 1.426940375552134554e+01
1.280109140504206433e+00 1.298381698788717742e+01
1.508827915695825528e+00 1.257393175608841318e+01
1.433436217002148627e+00 1.277420165070717317e+01
1.521049024705746877e+00 1.299844000785960318e+01
1.422999059942063660e+00 1.312259283109462871e+01
1.428474344352712810e+00 1.270591146117114789e+01
1.247756116068261534e+00 1.299164568242933981e+01
1.494558130753841585e+00 1.436159603066495904e+01
1.081886095147446269e+00 1.060834991860465593e+01
1.410021644996342971e+00 1.364626947614603836e+01
1.554922861647646259e+00 1.487688923959878906e+01
1.258370731131756903e+00 1.248046479995185365e+01
1.378407382779643475e+00 1.261253427676836836e+01
1.318471907639634289e+00 1.449036115296008731e+01
1.458067873030616024e+00 1.215636128216168288e+01
1.447569115514423910e+00 1.360009039592150160e+01
1.164835264759187305e+00 1.159311833754958698e+01
1.425108158454508445e+00 1.231300362568758366e+01
1.053210995607461342e+00 1.071723603823655324e+01
1.235881035444997389e+00 1.158697178898700741e+01
1.368885958717715123e+00 1.301074000500366878e+01
1.167063037694622052e+00 1.092118665119863863e+01
1.433706680736245964e+00 1.342457023705760477e+01
1.324292121360312935e+00 1.151123875507052396e+01
1.208861829779596331e+00 1.280948601947333998e+01
1.398756478729211716e+00 1.274608715562529682e+01
1.283753269752702764e+00 1.367713545759455229e+01
1.362971052364687186e+00 1.247479818897322090e+01
1.030188309514926681e+00 1.122626249441569257e+01
1.320154157847172050e+00 1.183729962752511433e+01
1.315505153009464800e+00 1.337553941734979546e+01
1.305436066360803116e+00 1.431960808839933819e+01
1.269124921552349683e+00 1.344125337699900413e+01
1.364495411337975472e+00 1.165114368044556414e+01
1.557248822004837496e+00 1.414766424097540920e+01
1.484581784441436847e+00 1.542077068131977668e+01
1.310765033669427204e+00 1.434190682789317250e+01
1.285368924332042084e+00 1.375814320210306718e+01
1.194895669495634749e+00 1.144130242772180317e+01
1.343594203219114824e+00 1.347649623130731555e+01
1.221285206061083706e+00 1.137156789251439903e+01
1.462872203656387038e+00 1.338723021651769685e+01
1.331612250195199909e+00 1.231127897060493837e+01
1.548301606808243358e+00 1.419112920519759413e+01
1.302066400026508974e+00 1.166077539257554818e+01
1.367986921380493159e+00 1.370189403478662626e+01
1.324082594882481256e+00 1.323576097988263811e+01
1.228249008258818442e+00 1.309463260113454908e+01
1.244319401986934359e+00 1.275010172425999500e+01
1.324803068146527041e+00 1.197384984997358792e+01
1.116297206243593854e+00 1.062651194580633529e+01
1.088140594553163698e+00 1.208986252427280661e+01
1.488981457585373702e+00 1.372756518592614583e+01
1.246267324398039333e+00 1.305900760754435552e+01
1.020725680375927036e+00 1.071609609542404939e+01
1.452000337567769028e+00 1.312098349590891999e+01
1.494417133350723015e+00 1.347568231707614927e+01
1.323292281162063322e+00 1.154406874444092068e+01
1.265703108667869836e+00 1.389918390735381237e+01
1.294564947575569391e+00 1.381281522998903810e+01
1.236868666789740168e+00 1.268344637453128243e+01
1.168634153869477554e+00 1.285422539500395800e+01
1.452465242082485952e+00 1.367261181409571691e+01
1.139780659246858896e+00 1.207417427748303140e+01
1.091832056389416161e+00 1.149575445916230443e+01
1.356717025453513026e+00 1.435311586200977274e+01
1.382137007067230972e+00 1.309119112127953599e+01
1.339401157928670649e+00 1.247779673449885962e+01
1.728127946449387498e+00 1.597840145514382826e+01
1.439625300762168436e+00 1.398409507372282690e+01
1.318919227041934983e+00 1.255824015114206205e+01
1.191187190969535292e+00 1.218678111493101568e+01
1.286315839499215130e+00 1.366956833848685449e+01
1.430086333968621837e+00 1.291857403224675238e+01
1.099504793408446313e+00 1.214273689196448558e+01
1.607295739691893655e+00 1.577683920727434597e+01
1.610369475943699058e+00 1.451523438635735985e+01
1.192599314800186328e+00 1.434387040928080737e+01
1.232714783739244924e+00 1.188181612102841456e+01
1.386037364814943551e+00 1.247655283560334993e+01
1.732107029386950714e+00 1.545437584664234976e+01
1.384798912805667470e+00 1.483388668944688504e+01
1.141179888099576933e+00 1.273443165951688272e+01
1.421557267709553152e+00 1.256907528669749041e+01
1.274611561301948193e+00 1.214418252561700662e+01
1.010963461802076413e+00 1.189889903122278980e+01
1.168048256349289771e+00 1.117688807014521046e+01
1.164214441194652672e+00 1.179635324968215215e+01
1.354522317364632134e+00 1.143906351917779851e+01
1.196735553622006565e+00 1.206423518739158851e+01
1.445527508415409335e+00 1.333488808703675588e+01
1.333004193056839926e+00 1.336855868952859083e+01
1.353451871059877520e+00 1.213405904865260609e+01
1.311932734905652431e+00 1.320298604687190647e+01
1.342401950855081960e+00 1.322309192457465343e+01
1.101283880289797512e+00 1.151549999438920047e+01
1.300854594864959468e+00 1.389388229998955282e+01
1.206820813926166025e+00 1.186227049261733768e+01
1.178665203255828242e+00 1.264375383979986367e+01
1.070107827973400871e+00 1.281761859930131564e+01
1.451887630477586955e+00 1.215458675457086457e+01
1.238154568399366440e+00 1.250997456442296141e+01
1.272351819257577343e+00 1.321257826579446615e+01
1.161677265365457457e+00 1.167683388947267176e+01
1.252644096380175043e+00 1.153908544518655788e+01
1.067056680476031083e+00 1.288255511088114957e+01
1.189641171989958224e+00 1.251551238589569692e+01
1.167793022483963217e+00 1.306771519587764629e+01
1.360627962613950803e+00 1.284083167360889632e+01
1.462666052866387734e+00 1.577342892184721279e+01
1.391236380031438236e+00 1.407785595330414452e+01
1.140451396736310352e+00 1.092182597712053926e+01
1.300366274544648482e+00 1.150288900062887976e+01
1.288076465529410353e+00 1.357040794974145115e+01
1.191118872577616727e+00 1.100442441930093374e+01
1.180721226764174903e+00 1.259809781099752968e+01
1.207723338992726880e+00 1.240548291090443200e+01
1.387773951083398849e+00 1.327758690683394960e+01
1.647724694752074281e+00 1.439583319775680792e+01
1.505762073602761708e+00 1.489259363372894640e+01
1.221457743163444132e+00 1.295215465583607539e+01
1.229607829027350663e+00 1.144413464056602336e+01
1.234450725549973704e+00 1.283748821047018041e+01
1.074147597437812518e+00 1.209443556879551451e+01
1.194344295477508755e+00 1.189766402527302702e+01
1.371984579928809067e+00 1.335951363625581578e+01
1.205294677154372440e+00 1.287838292447392163e+01
1.198122181692862442e+00 1.179721145816085226e+01
1.216567841477404155e+00 1.280488632896770440e+01
1.408901728202268000e+00 1.431762172022011725e+01
1.396588601235690508e+00 1.362934951792182048e+01
1.440258272184186117e+00 1.298276354745233263e+01
1.289222409521066925e+00 1.216629953064177272e+01
1.379301438871472385e+00 1.334053033785875542e+01
1.299560788448779425e+00 1.322223431153092932e+01
1.250329873640109613e+00 1.192565198712714469e+01
1.257638523766847038e+00 1.239052851906395603e+01
1.178769501369012040e+00 1.336629707757056096e+01
1.508383244891064123e+00 1.487261929561050167e+01
1.245485577164830548e+00 1.206969975859741417e+01
1.139905727348957232e+00 1.236748979918419167e+01
1.348865571572996247e+00 1.414188950403323020e+01
1.301605723840142392e+00 1.219355883208887903e+01
1.198253856612585988e+00 1.197491983202725052e+01
1.596551733980222210e+00 1.459741296010536260e+01
1.212419079064021021e+00 1.139265412831165136e+01
1.124454507203109355e+00 1.293509530774483451e+01
1.100484313092689792e+00 1.225445787194521685e+01
1.392555447585512640e+00 1.342957191782188531e+01
1.003846575069432534e+00 1.027579126081335659e+01
1.389633336991204393e+00 1.516467280118014571e+01
1.090552611492371815e+00 1.279224869282961663e+01
1.184493398359928840e+00 1.202065025483504179e+01
1.508385104224559070e+00 1.502316401294586257e+01
1.130345297509576463e+00 1.106452227204308869e+01
1.286777067771558869e+00 1.449920630956007273e+01
1.226353025258956952e+00 1.230191866560596736e+01
1.047570851180081641e+00 1.098975393137011025e+01
1.337925099929694772e+00 1.197100762189350398e+01
1.001440126593172053e+00 9.321645668399451523e+00
1.141363194715543150e+00 1.114406327847345679e+01
1.175629294174797668e+00 1.099668106124306988e+01
1.522762129883032944e+00 1.537864340247804407e+01
1.130270473284058497e+00 1.133527630761975225e+01
1.464213971523292912e+00 1.433182135696394965e+01
1.299040299753611905e+00 1.191389070818132367e+01
1.078394245007058494e+00 1.169821491168647931e+01
1.451043224267090315e+00 1.330435035940601196e+01
1.287976139416031618e+00 1.279066178277401988e+01
1.291606488714248657e+00 1.253551328187606018e+01
1.412524310311025211e+00 1.271285704598597022e+01
1.326894606120842202e+00 1.310174679311059265e+01
1.416072660440123476e+00 1.304645100107825684e+01
1.430113122417892457e+00 1.385655425915925321e+01
1.159183518116664979e+00 1.121301883793838883e+01
1.625102954029833180e+00 1.594679456555290997e+01
1.211782094468062843e+00 1.113475800750078371e+01
1.211282849680851204e+00 1.165615789241765832e+01
1.418606213190538590e+00 1.301678985342903871e+01
1.293474707271307755e+00 1.184563215218043908e+01
1.328783089052516297e+00 1.359843052120459461e+01
1.342293336280857563e+00 1.273030466006530759e+01
1.319476879535941061e+00 1.311951381382706927e+01
1.167524197700171351e+00 1.130700334236378701e+01
1.558452941846529827e+00 1.320697263173727265e+01
1.373818274496600544e+00 1.364371572025439150e+01
1.509724486951121936e+00 1.405786691416050616e+01
1.129118131075837805e+00 1.158911798410949068e+01
1.215895771282459625e+00 1.345980359926902281e+01
1.316862311057123591e+00 1.220515441968631976e+01
1.327329487862391799e+00 1.203408361702215856e+01
1.035240199003090833e+00 1.154695943852216189e+01
1.109196255844742351e+00 1.168389556101803706e+01
1.338712234101271603e+00 1.284084345661121063e+01
1.403957431669878186e+00 1.303875277670337951e+01
1.196599037599318294e+00 1.220957680341915541e+01
1.325671972042435698e+00 1.122100256188656253e+01
1.051857947718486175e+00 1.306791259584489495e+01
1.513333813578764175e+00 1.414049223952848067e+01
1.392757779214459202e+00 1.559495728745248400e+01
1.034441820667989731e+00 1.076603625340579917e+01
1.139071195940774661e+00 1.160600679457385453e+01
1.278159422024261582e+00 1.419962349229021115e+01
1.141915644721843703e+00 1.223500205199928459e+01
1.106566962985181313e+00 1.337054510283455855e+01
1.383003106417301842e+00 1.243238635307686479e+01
1.299327920207701048e+00 1.356630802612595588e+01
1.066671132844468683e+00 1.103976638792121889e+01
1.231874005842430009e+00 1.386926894826916623e+01
1.068098519741991215e+00 1.178366592450207939e+01
1.004855022975467804e+00 9.708499727252785760e+00
1.334821568538759662e+00 1.221541857875287818e+01
1.302193075874085837e+00 1.189125734204909435e+01
1.238043643460205789e+00 1.300886742173309329e+01
1.199792600655651631e+00 1.206467401391307703e+01
1.324789018158074816e+00 1.350839797842342094e+01
1.366725000571295645e+00 1.376689310150899814e+01
1.274556839598782743e+00 1.249175249510144070e+01
1.198370592681547109e+00 1.147717984276541614e+01
1.409400435008116181e+00 1.321685939132436971e+01
1.040941051129414818e+00 1.136944291217979774e+01
1.345637930593749143e+00 1.220836385250191114e+01
1.200903457148672526e+00 1.460319809333020658e+01
1.256604096507537127e+00 1.183829167190873832e+01
1.263441564645173321e+00 1.240335736841339198e+01
1.099703700857418642e+00 1.157257649257154775e+01
1.253553744238786294e+00 1.270363712470967599e+01
1.215855275691913207e+00 1.243111428028855414e+01
1.223317269954459663e+00 1.204363149198980665e+01
1.316191751864950632e+00 1.300841110764584485e+01
1.570828061263830344e+00 1.437919929023328791e+01
1.061467408976031646e+00 1.186511556911344023e+01
1.701089197150543963e+00 1.500364556696356999e+01
1.121528978154021194e+00 1.163268765982944686e+01
1.405861648100142469e+00 1.407333218834890687e+01
1.115920716459232187e+00 1.138007194907503461e+01
1.109404769574128036e+00 1.209023212387821999e+01
1.126191530625288539e+00 1.310042464990898381e+01
1.516752454162997310e+00 1.459250128754562681e+01
1.291994387346911521e+00 1.437859924365735154e+01
1.216504374446299996e+00 1.172400653770372259e+01
1.385727518292322769e+00 1.222653578840688482e+01
1.086256219484686092e+00 9.859675301319136054e+00
1.038950621213686309e+00 9.990738917963438936e+00
1.254855674342655769e+00 1.379063295023884805e+01
1.219490682269945614e+00 1.315021200829093928e+01
1.411221288109831384e+00 1.404703907171185762e+01
1.006080339118744726e+00 1.016592398333787628e+01
1.136657697262659195e+00 1.173615185497352087e+01
1.213118077191165378e+00 1.255837286042483214e+01
1.490433712991708237e+00 1.494570558667349047e+01
1.381157393829208768e+00 1.338972279042707214e+01
1.277650252102355388e+00 1.401146613559741994e+01
1.502218731544086028e+00 1.311434997083378562e+01
1.288260870246842771e+00 1.283367933272023720e+01
1.225143040508099412e+00 1.197928239421131025e+01
1.452468834706214018e+00 1.317962729663497967e+01
1.327342662480753388e+00 1.268648322982049592e+01
1.265222233215057113e+00 1.147357877587645980e+01
1.051556397018812872e+00 1.022155915858361830e+01
1.059469992693868656e+00 1.049818994626692970e+01
1.179020037495239981e+00 1.176920490271914410e+01
1.182445637263593419e+00 1.431828535701473371e+01
1.147666889173951210e+00 1.110741526896607567e+01
1.213484746411606530e+00 1.133989447773970305e+01
1.398965023363235805e+00 1.381953131359352582e+01
1.225687486503065804e+00 1.452055845490500019e+01
1.282717184538074262e+00 1.182511587798223118e+01
1.371887994855411463e+00 1.253409947243390832e+01
1.067120932493417218e+00 1.169604475823259904e+01
1.212164984563444348e+00 1.163264727277519484e+01
1.594065378279267975e+00 1.434903898397329058e+01
1.114358628694585907e+00 1.190719789181067156e+01
1.193219221418321929e+00 1.109240701732542966e+01
1.617072242443339913e+00 1.515846008271168799e+01
1.006495441790048684e+00 1.127117322936971178e+01
1.202971354430062867e+00 1.184110587185991648e+01
1.345333387552585691e+00 1.379195959573415919e+01
1.483647999490656400e+00 1.380992736508184748e+01
1.512186276317085465e+00 1.459247523024524895e+01
1.263630199392910214e+00 1.220979769950472260e+01
1.022597907064381140e+00 1.013649292091841758e+01
1.175985890233676834e+00 1.178902442049349375e+01
1.166347150696560364e+00 1.244306591555906749e+01
1.291328404338613067e+00 1.312066453912251163e+01
1.191528055486931414e+00 1.098636402516497412e+01
1.354222371474503639e+00 1.257382766756521875e+01
1.154463946080849457e+00 1.354490879779847745e+01
1.654418140015270655e+00 1.501675625569163941e+01
1.207579485701216759e+00 1.051176589583909760e+01
1.404420147884988923e+00 1.400218632349530168e+01
1.275475050283351397e+00 1.183575990483281970e+01
1.294387252458753856e+00 1.266994991439703711e+01
1.443062970710847992e+00 1.353079536087714629e+01
1.486910917522287434e+00 1.410156369377115837e+01
1.155695167043480520e+00 1.260330251820556313e+01
1.397087881318413771e+00 1.303814243702423425e+01
1.176049761960963114e+00 1.068869771700284943e+01
1.478274335708547493e+00 1.239092451207385537e+01
1.119181799410436273e+00 1.250216432995022231e+01
1.115216354966032553e+00 1.152706169255795032e+01
1.387986976682335172e+00 1.440969866098544472e+01
1.267762328099257374e+00 1.199765056932026397e+01
1.031203664894128735e+00 9.975043532198794693e+00
1.035966006523078908e+00 1.289110491158444205e+01
1.550407663244336653e+00 1.365402743526629337e+01
1.277507920460937862e+00 1.335527296528322694e+01
1.218782390925357895e+00 1.132522440577087153e+01
1.285809827137204042e+00 1.289043665040852815e+01
1.407621171123518256e+00 1.261448107067235114e+01
1.416550349989055047e+00 1.391472115233056783e+01
1.514379592076627201e+00 1.373891007767064920e+01
1.262395333171544731e+00 1.205876974132580060e+01
1.448501563091132871e+00 1.556290969895104936e+01
1.382771940228141760e+00 1.195776390475635154e+01
1.105195080814681985e+00 1.403250656216503600e+01
1.420074830629198148e+00 1.195656438212502870e+01
1.126701849091223728e+00 1.113476933123699730e+01
1.262507421035905519e+00 1.372131015029707157e+01
1.372280561528465670e+00 1.368206848025468858e+01
1.430196952063094606e+00 1.374355513540882967e+01
1.175766639205620301e+00 1.158745950992751972e+01
1.170915803514007703e+00 1.159530234125903547e+01
1.039115732391110436e+00 1.164081993403348747e+01
1.620299584093372491e+00 1.501125138965040051e+01
1.391956199291233043e+00 1.202515758635679433e+01
1.269625535564300467e+00 1.255377590572851432e+01
1.353558183099082379e+00 1.263976210193320426e+01
1.302515864785539934e+00 1.546884511949809138e+01
1.258571549457700556e+00 1.384595532498474313e+01
1.419531378117505405e+00 1.467005460797942007e+01
1.556425917439915763e+00 1.516780595842884338e+01
1.170788887760773278e+00 1.167085000883780310e+01
1.290983070483154860e+00 1.275663389940374159e+01
1.075700624074123146e+00 1.070796981294170536e+01
1.259285123451168165e+00 1.187818736274596532e+01
1.117640447271785797e+00 1.417179567148765429e+01
1.382279805222386804e+00 1.386791905746580511e+01
1.570644515680795772e+00 1.579200838693865450e+01
1.230551026322701302e+00 1.385543279567428243e+01
1.196599050975774237e+00 1.120293521664696712e+01
1.102082471716314904e+00 1.240828744783444648e+01
1.411208478165812963e+00 1.343620544842106312e+01
1.167471258252329669e+00 1.103322470429108115e+01
1.339553279097914551e+00 1.307632699629911244e+01
1.094167168767559151e+00 1.333242085640895525e+01
1.165013263407968624e+00 1.268641966655215114e+01
1.026310687355339812e+00 1.018899068136352959e+01
1.069170116625587807e+00 1.027391525943638939e+01
1.317409621138407427e+00 1.454879991732125788e+01
1.092059247102195707e+00 1.089350929619025443e+01
1.153980191780460629e+00 1.173989063579340986e+01
1.120315129441942004e+00 1.298681541351664137e+01
1.408414182366801271e+00 1.188166155960175274e+01
1.103440412152005612e+00 1.207965440788115785e+01
1.186894895963082064e+00 1.267424919882748213e+01
1.413093819621652925e+00 1.375688414874758081e+01
1.376813581601852521e+00 1.394239878237526753e+01
1.575268531028448882e+00 1.421096237733716805e+01
1.147091795465771336e+00 1.094677011601846139e+01
1.281848833499890983e+00 1.256860525689667440e+01
1.313160482549014407e+00 1.202288627213911809e+01
1.347017214152765430e+00 1.176988077970453972e+01
1.119860753045532231e+00 1.175504180808806076e+01
1.256501120317308429e+00 1.179582281148607414e+01
1.015735651692415864e+00 9.902375581888531286e+00
1.477298840679551972e+00 1.381362640691012089e+01
1.476642286895664569e+00 1.441105647254948607e+01
1.487687560892497540e+00 1.352804005225498329e+01
1.292798832648154539e+00 1.205668044688451346e+01
1.272583951889040055e+00 1.263237329082486227e+01
1.250605153982327300e+00 1.175917897874533224e+01
1.310039873567389268e+00 1.252461454438689259e+01
1.342654153461078970e+00 1.340063998360794884e+01
1.517320218697835621e+00 1.469080167946254178e+01
1.043967419421756304e+00 1.120600707441090726e+01
1.362292401369310069e+00 1.375529498006070028e+01
1.422865411955206216e+00 1.321373857138573626e+01
1.310209074907202620e+00 1.271740872870113392e+01
1.346037350011781930e+00 1.304923470053195800e+01
1.219446312812259237e+00 1.214882708352275387e+01
1.001700752959941543e+00 1.004584621158673485e+01
1.241196414419190486e+00 1.424292381079031955e+01
1.517073181892242273e+00 1.400917244289587060e+01
1.193705600820510471e+00 1.355047701653507275e+01
1.256795349938192086e+00 1.502671060924291879e+01
1.199863367422106863e+00 1.286929763288490491e+01
1.572522838570123760e+00 1.425041614880780116e+01
1.226459028168580989e+00 1.288751851879431953e+01
1.155435977737484965e+00 1.279302793058460708e+01
1.273302173683165117e+00 1.249216017708046067e+01
1.300269011169413957e+00 1.315412981296012873e+01
1.117488313582439607e+00 1.089007340676826985e+01
1.306508071873822452e+00 1.309019617814999492e+01
1.345789109776544645e+00 1.468921856409646409e+01
1.181169728402356345e+00 1.145127216793159519e+01
1.006483440218476355e+00 1.012527399715027343e+01
1.206884980173799526e+00 1.162289441029665937e+01
1.556663039244575719e+00 1.531698198800682320e+01
1.212538107738033721e+00 1.332539389857839041e+01
1.479854924100058033e+00 1.386321419758398932e+01
1.616580052112263299e+00 1.485535841603534735e+01
1.441357730926375424e+00 1.259191455833616047e+01
1.351038018221832004e+00 1.397531592722407723e+01
1.087584570983677335e+00 1.201805510411360700e+01
1.157116002180400338e+00 1.201438523457729701e+01
1.270960788482132120e+00 1.306112179705313636e+01
1.327342244164619212e+00 1.269178889007237387e+01
1.319113539937097013e+00 1.258698934164993233e+01
1.243828940626987789e+00 1.346687245159093038e+01
1.272021484395915225e+00 1.320642517841043428e+01
1.154233975012799895e+00 1.169639185120719560e+01
1.504026499942986206e+00 1.212525156760651157e+01
1.067603253377323202e+00 9.823088557020575706e+00
1.191537304479164172e+00 1.066982268455415195e+01
1.219077934245919259e+00 1.137248716226797640e+01
1.240375807405329489e+00 1.097810307739556279e+01
1.172514323568393468e+00 1.283283204984079973e+01
1.262483800724774063e+00 1.164707859136031054e+01
1.085374375179988249e+00 1.255624750769982967e+01
1.445582839944517195e+00 1.331765724628860781e+01
1.271951952020602405e+00 1.208305540541505607e+01
1.291463246339688231e+00 1.475519929250178919e+01
1.296484778760158330e+00 1.348533544614772950e+01
1.451244936038244226e+00 1.514593088992705816e+01
1.141624817304540684e+00 1.261886965294786123e+01
1.545790487925678747e+00 1.588187167403994948e+01
1.333723056987983213e+00 1.259683915270646182e+01
1.441255310599717898e+00 1.413612006326372139e+01
1.333686588784576355e+00 1.348829219335026863e+01
1.122597989501680216e+00 1.321867770336477221e+01
1.400697377648237651e+00 1.404178217271197582e+01
1.560806181066588527e+00 1.483624910432638089e+01
1.359729205293091159e+00 1.267343667217917158e+01
1.312026692485469548e+00 1.248539490757269022e+01
1.018856927694555381e+00 1.060484719873646853e+01
1.351243409417879127e+00 1.332950747679461045e+01
1.239399213128818289e+00 1.315908849140147652e+01
1.124275646985633426e+00 1.119774518151300668e+01
1.003473757358643637e+00 9.858031925069269619e+00
1.321936355116311024e+00 1.403263948148663687e+01
1.209680028517706507e+00 1.267760986790065303e+01
1.385139147550764838e+00 1.451245470750433242e+01
1.389810525113984507e+00 1.398439359768816104e+01
1.510243322672342625e+00 1.355690215742600557e+01
1.147063080974232818e+00 1.118668702873233300e+01
1.151628460762668338e+00 1.135738090834995617e+01
1.024094744241669463e+00 1.032541054619667698e+01
1.339876044150779766e+00 1.245026777991211375e+01
1.280129678506202184e+00 1.176644306524408989e+01
1.421954592653029037e+00 1.257017859270492366e+01
1.327722780457504026e+00 1.447859080782523122e+01
1.118907379539129554e+00 1.235694705653416037e+01
1.368284941701982449e+00 1.271761280132103877e+01
1.300813611196380615e+00 1.187464171872984942e+01
1.455834191046464277e+00 1.319116560379011815e+01
1.164136231422489676e+00 1.138407615572705822e+01
1.395109920941204118e+00 1.354336982167217940e+01
1.259658486956426016e+00 1.233506568282804494e+01
1.172594494269897147e+00 1.364070429317693467e+01
1.136108599048084145e+00 1.046865440587256835e+01
1.051274453559378319e+00 1.213999712035407796e+01
1.335043000320821127e+00 1.483359336610294221e+01
1.398852110220976552e+00 1.397570345821986493e+01
1.225791289976359000e+00 1.304087190566239940e+01
1.169523863133286046e+00 1.311178409773403075e+01
1.557742995694531452e+00 1.418417556945464852e+01
1.520853391194540105e+00 1.316157934719132072e+01
1.379246602040617997e+00 1.293823010521703765e+01
1.200035316407619179e+00 1.130038723719603588e+01
1.600580036037908993e+00 1.423360193500472093e+01
1.327222219261359859e+00 1.254608979159004889e+01
1.656013053403907920e+00 1.479905969825165002e+01
1.200506725722268353e+00 1.109613981736655930e+01
1.344878222228896858e+00 1.392328818307480631e+01
1.349887031974080109e+00 1.245686915686699692e+01
1.048945120638627326e+00 1.176489987008564597e+01
1.488594169121362887e+00 1.437256762140335553e+01
1.320585306231738976e+00 1.268919073433872313e+01
1.306469570016993487e+00 1.177645753423464470e+01
1.446270671782328598e+00 1.408702173125561075e+01
1.366953252675754849e+00 1.311869979131577679e+01
1.282983631385732348e+00 1.274055904523801175e+01
1.342363976119301583e+00 1.353427125308204637e+01
1.349538668122427953e+00 1.318184475650205201e+01
1.132280127345671961e+00 1.192854298121180179e+01
1.410378516204170207e+00 1.202883259678982597e+01
1.423698038043238467e+00 1.207571355808703295e+01
1.330336328647519162e+00 1.284713291991582551e+01
1.031143578910855840e+00 9.933791182146677556e+00
1.170833176716524981e+00 1.041511283560398837e+01
1.220290691973937358e+00 1.089492943160677285e+01
1.144812786502220403e+00 1.180901812794966332e+01
1.023153383199262745e+00 1.016266945949954703e+01
1.503473941016018944e+00 1.362827597091334297e+01
1.042476697529623353e+00 1.150928801347595609e+01
1.085066789024598188e+00 1.208823593846712363e+01
1.024097888719157190e+00 1.080541741756225704e+01
1.480226512743482381e+00 1.386100979846176173e+01
1.190800159209465470e+00 1.127265817972683237e+01
1.300650074907361065e+00 1.257337540837616885e+01
1.307990052416163618e+00 1.340685677351903493e+01
1.101618718520915197e+00 1.202855920220724073e+01
1.352088338684037661e+00 1.176222236997995552e+01
1.383298961553683704e+00 1.409452173145876586e+01
1.094206242945854335e+00 1.221193383546988009e+01
1.099407213516689241e+00 1.173074531799326081e+01
1.372317524808992051e+00 1.309595260732277566e+01
1.603318506391038678e+00 1.599868871856983432e+01
1.334089209684194088e+00 1.315327184232616986e+01
1.432780737400952020e+00 1.331844970489758850e+01
1.296335157149222095e+00 1.297369658933467207e+01
1.266710216614697071e+00 1.424565816358952830e+01
1.222205844254225182e+00 1.408872312619741862e+01
1.654678074604060356e+00 1.359659879882260114e+01
1.075856291152547550e+00 9.802038567018060533e+00
1.142551634907805536e+00 1.149490328532378669e+01
1.152277173420893863e+00 1.197948939502300547e+01
1.523506961653325664e+00 1.376699911217201944e+01
1.589339990045852691e+00 1.469544676303787512e+01
1.157700686487555863e+00 1.269173173509077657e+01
1.021055912826011935e+00 1.137533223846844521e+01
1.189740295347682331e+00 1.287409483678652222e+01
1.163553137700395812e+00 1.243086673707157885e+01
1.090498958196818524e+00 1.090077712923673303e+01
1.497937505614438836e+00 1.495452675018872668e+01
1.532065326813813799e+00 1.345519735407126305e+01
1.265149543677063892e+00 1.170160325305748295e+01
1.401131379114799014e+00 1.360183112570052089e+01
1.329008590343920160e+00 1.355911014599141140e+01
1.438491028853873477e+00 1.301640869731192396e+01
1.308740965058575068e+00 1.436459874207231024e+01
1.121876014540103439e+00 1.151528267158314023e+01
1.296122555755614858e+00 1.266718797913151562e+01
1.388542053660290154e+00 1.416839322097149179e+01
1.441819124238001404e+00 1.369391676830483817e+01
1.486651051764755982e+00 1.285998266300801518e+01
1.594935991948598364e+00 1.386503288738283857e+01
1.434374838747844327e+00 1.306361198783433508e+01
1.170463396277537482e+00 1.152242144278267943e+01
1.559468992367960105e+00 1.308188640013374027e+01
1.077146375708629700e+00 1.238059308837916461e+01
1.297028426247371469e+00 1.372734575533126034e+01
1.391934120579055856e+00 1.299514341290409192e+01
1.139046192843224059e+00 1.184102118701566653e+01
1.431565567003593831e+00 1.289018537115808272e+01
1.196644882716804581e+00 1.393709750532766378e+01
1.019988284840094073e+00 1.208587139119938314e+01
1.430002159717871368e+00 1.257290041945798365e+01
1.475642580377765745e+00 1.371996582674510634e+01
1.332628322313812230e+00 1.158410296510751358e+01
1.186800242500816172e+00 1.267738594602100122e+01
1.368269850030783052e+00 1.339497448889281728e+01
1.162058441276565768e+00 1.275752432371288236e+01
1.423438450854357606e+00 1.390073224309245248e+01
1.423744780983589919e+00 1.305857486164485692e+01
1.118821756920419075e+00 1.267994645134798404e+01
1.202645976204134159e+00 1.421991419454635164e+01
1.187426933824377473e+00 1.035978339803449977e+01
1.551574465516613710e+00 1.481446316186126921e+01
1.571357678951680992e+00 1.414066991599262124e+01
1.357055393183020708e+00 1.310884307726561815e+01
1.332467225360832064e+00 1.325377728420501455e+01
1.129658076258011068e+00 1.440526028320656238e+01
1.020107718693419763e+00 1.064319608476294121e+01
1.235094337715973101e+00 1.124692136827098388e+01
1.182802660845525988e+00 1.128692484804201257e+01
1.450716773171071505e+00 1.331858337261718006e+01
1.106164335992904757e+00 1.250417816598311660e+01
1.355031637433737668e+00 1.222634494580542253e+01
1.044911195989424391e+00 1.001360970477699297e+01
1.373016893646762604e+00 1.222447910127872461e+01
1.055356799823504721e+00 1.026169068503731552e+01
1.107270374810868541e+00 1.302578017487523709e+01
1.220036522916239097e+00 1.347256646731813490e+01
1.144272141861544023e+00 1.248619708424572039e+01
1.230559694016001959e+00 1.170421619857430073e+01
1.153053717233167408e+00 1.141474710838553719e+01
1.266721850188288201e+00 1.258740146018566008e+01
1.296379094806297871e+00 1.286119735712818368e+01
1.081123060046037532e+00 1.005728545491382420e+01
1.701479689448747390e+00 1.495680811595814319e+01
1.312479114527865143e+00 1.287643474986276360e+01
1.359190733425267306e+00 1.264849774526203774e+01
1.132247743255728523e+00 1.137369492438248564e+01
1.519969789776578484e+00 1.325044935469175655e+01
1.239472822387836404e+00 1.225101974026978624e+01
1.156585544968863122e+00 1.222308758316785315e+01
1.035684064966242213e+00 1.172850286710399459e+01
1.068616607357018466e+00 1.300487217449514787e+01
1.378259974754871164e+00 1.186044662257438809e+01
1.438282748353898910e+00 1.377629622606200499e+01
1.452460362152200313e+00 1.306077304395576988e+01
1.348149442686505495e+00 1.206620149743579162e+01
1.117351042908594660e+00 1.324436948892568822e+01
1.423368176827140008e+00 1.336928150009743987e+01
1.183457326568265300e+00 1.130934769517456928e+01
1.462067644071189276e+00 1.292198009648982193e+01
1.315532477868697203e+00 1.368424068537247251e+01
1.218361322899905508e+00 1.392213099154279377e+01
1.458703574436398753e+00 1.472603280246680768e+01
1.066560359162868954e+00 1.012008899777263160e+01
1.263377507171063785e+00 1.472867705918221048e+01
1.259687318192984407e+00 1.355111525455690114e+01
1.211709319403619478e+00 1.278301311521254036e+01
1.548789762088782718e+00 1.400448944811928342e+01
1.195912338914089101e+00 1.157906187088237360e+01
1.292234550210024979e+00 1.227501953230211917e+01
1.421699132988526459e+00 1.497815639876032279e+01
1.256531894609297817e+00 1.462796960533263757e+01
1.306442070082359130e+00 1.198113871884787329e+01
1.334189818712999243e+00 1.255683039409973745e+01
1.572234875015828814e+00 1.409677839741230443e+01
1.272957727487707080e+00 1.153390639378636529e+01
1.276558706503639229e+00 1.192255736335113170e+01
1.638727124707977323e+00 1.434024792847159091e+01
1.063153221927171321e+00 9.920802040558944768e+00
1.553467862013335754e+00 1.557643295841626951e+01
1.080184581788333098e+00 1.213980207503082021e+01
1.481231853134278742e+00 1.268251736060655332e+01
1.131262873199434082e+00 1.251312737057991598e+01
1.308309821393430994e+00 1.275095399644864713e+01
1.538309681563870823e+00 1.426471059307436917e+01
1.364894931095287367e+00 1.282705852091060805e+01
1.296387708821556739e+00 1.198177077436642968e+01
1.015276608466164410e+00 1.118681893173697439e+01
1.590677728893266973e+00 1.449610585593309153e+01
1.258051146089815830e+00 1.303328026485807101e+01
1.410320564425506795e+00 1.499624778753446108e+01
1.241050268313800276e+00 1.297911423049654545e+01
1.167654355839185643e+00 1.070435903376618647e+01
1.515436963704320572e+00 1.404951360610089139e+01
1.332218746962698930e+00 1.212330050797711678e+01
1.429861882675815821e+00 1.341233214049975686e+01
1.200455991443176273e+00 1.339311400574373323e+01
1.232587647782012574e+00 1.319201785260441895e+01
1.508143987071991710e+00 1.331545357768792215e+01
1.158389386650350517e+00 1.256015586805532180e+01
1.047088767365794038e+00 1.180329708357615814e+01
1.196757753179713113e+00 1.320736049823428360e+01
1.198915098005712165e+00 1.141936784420899542e+01
1.375468893209787380e+00 1.230327802017998451e+01
1.605340283704929316e+00 1.459909124181026741e+01
1.229995859960494320e+00 1.220530034410888121e+01
1.035440543173439254e+00 1.017047254186168637e+01
1.519243914171636956e+00 1.430538872441515963e+01
1.211694323590658540e+00 1.053470906374526805e+01
1.449336491858578269e+00 1.279823506080215267e+01
1.249361498546953886e+00 1.300517320249921482e+01
1.194604318753544003e+00 1.135772726891549311e+01
1.232404024190546732e+00 1.162166733524918172e+01
1.218071001168625545e+00 1.161084911032614464e+01
1.319399003144349436e+00 1.292975594490777880e+01
1.316366383365813242e+00 1.296269715132530109e+01
1.362681951839325167e+00 1.236031287787776911e+01
1.290987420095648375e+00 1.283318909547629616e+01
1.105014818660257081e+00 1.122153094780761684e+01
1.023432892951553486e+00 1.051009708485177185e+01
1.182065266655938363e+00 1.414342707988853576e+01
1.191342747793622703e+00 1.151823295480378562e+01
1.118229083111232702e+00 1.227954946282537918e+01
1.176327395589404468e+00 1.100511342969537765e+01
1.254644856803443620e+00 1.327190588166187624e+01
1.056357594905391828e+00 1.075035597351759975e+01
1.172616641612204358e+00 1.203915182303402354e+01
1.689056093521233759e+00 1.513697350122212271e+01
1.247751377097734871e+00 1.302410713569814860e+01
1.269336709395838980e+00 1.096529744517161475e+01
1.093613536260493513e+00 1.041362099615156112e+01
1.009171241954121889e+00 1.179035250782772337e+01
1.387409946606343425e+00 1.294097461834355656e+01
1.185367114043496262e+00 1.087308088394654959e+01
1.083036749150298572e+00 1.110145899138946923e+01
1.328109125215652497e+00 1.251049651505866578e+01
1.300004645456272367e+00 1.300383342053344649e+01
1.520978751567743092e+00 1.406993863655831589e+01
1.494793212535037163e+00 1.480956112490153842e+01
1.223772904703431585e+00 1.220073192490040270e+01
1.180708100414836093e+00 1.135536082394689750e+01
1.150338373580420237e+00 1.141078796591338573e+01
1.467800986860462675e+00 1.416884257378967504e+01
1.424489093030290032e+00 1.197954760993846257e+01
1.124194964735463209e+00 1.247403245588015963e+01
1.334143047814703387e+00 1.225043076956868582e+01
1.456705175434741317e+00 1.382407588107518137e+01
1.545117408212932197e+00 1.442026614232379345e+01
1.294539571036764425e+00 1.141354008060432790e+01
1.209229340892172821e+00 1.295580967962497354e+01
1.243110868352372389e+00 1.114056055102962439e+01
1.622159382649956738e+00 1.580032587563153967e+01
1.186494809390092886e+00 1.217809840520340714e+01
1.152880003893983929e+00 1.112911958390677114e+01
1.082751559396293750e+00 1.072876508438364063e+01
1.178378152723182692e+00 1.090269097069932869e+01
1.472490984644927670e+00 1.363364929371894618e+01
1.611081042764294979e+00 1.389974025090012333e+01
1.427963974588578377e+00 1.273131295609056579e+01
1.363154361154701899e+00 1.149247554215293832e+01
1.312779064095739301e+00 1.234389240823017353e+01
1.103126091358330951e+00 1.248072506407141447e+01
1.241209469632515328e+00 1.095494846511207498e+01
1.157084713719875868e+00 1.003011918204365038e+01
1.404181088598757121e+00 1.366188195889604629e+01
1.299734164317103868e+00 1.143459411893568145e+01
1.375250258393921676e+00 1.296167895738905074e+01
1.264201796507745224e+00 1.249028618219883668e+01
1.217552080775599510e+00 1.232055041406171014e+01
1.526504738006970952e+00 1.425257281203960602e+01
1.289372368076886266e+00 1.115783505555178046e+01
1.345374580012243859e+00 1.362995172536104249e+01
1.143199302409398488e+00 1.099011778450449484e+01
1.119166124476813629e+00 1.231373082050671819e+01
1.341928545797760552e+00 1.410669315432816617e+01
1.122857554578073458e+00 1.030536170077376568e+01
1.082441543225976188e+00 1.192716313159580110e+01
1.068519012825846826e+00 1.243824793332778000e+01
1.337590059272984799e+00 1.260021819652096298e+01
1.426540323090973672e+00 1.261287012917327033e+01
1.351232291397027385e+00 1.478446706291435575e+01
1.177203311073366621e+00 1.186277268926678019e+01
1.316954834452671586e+00 1.276040830203389476e+01
1.337377479481912879e+00 1.430445883347438141e+01
1.302557379670288507e+00 1.208241283821615575e+01
1.098434488228744677e+00 1.134130278991023211e+01
1.301626370130473109e+00 1.222398708951713431e+01
1.149958979895103983e+00 1.116522129348907377e+01
1.178705600873739323e+00 1.314645025794406408e+01
1.210614773014244250e+00 1.162384870567790962e+01
1.439373300317523086e+00 1.458730562374207551e+01
1.323073639920467226e+00 1.304421264447244866e+01
1.386324670508052748e+00 1.302936495041297604e+01
1.316890545642505739e+00 1.410275487440129893e+01
1.218053651147943617e+00 1.318063994485157409e+01
1.157539112186982244e+00 1.257483003304957236e+01
1.568565583729550017e+00 1.357636485015239103e+01
1.525726299296333632e+00 1.542194835604540870e+01
1.448451054233566015e+00 1.426170473275426431e+01
1.260774062843771137e+00 1.418477035488669813e+01
1.276929827494943881e+00 1.224030503822238458e+01
1.287515624817888282e+00 1.212950811396871664e+01
1.144351143337783983e+00 1.118863407730038873e+01
1.879076272664452762e+00 1.517046162083726557e+01
1.433728152769475184e+00 1.495328185589470849e+01
1.191570262165703165e+00 1.147024460827968184e+01
1.345478633937516211e+00 1.291058085308752723e+01
1.322091686198413774e+00 1.166271225506569209e+01
1.016359614550425006e+00 1.301783001533068429e+01
1.489992545820225445e+00 1.366483662830129475e+01
1.378188029781627577e+00 1.142438979603774385e+01
1.226004195310909539e+00 1.139635451517325393e+01
1.083866349703860088e+00 1.029447342932624920e+01
1.208922290340894268e+00 1.230232840161190921e+01
1.663098903875615431e+00 1.486130596248690594e+01
1.181786936806642041e+00 1.304340514313232902e+01
1.199452377313502183e+00 1.193646181200643497e+01
1.423500690055470752e+00 1.324921199959686646e+01
1.323337420958100363e+00 1.293783252556685426e+01
1.198245531641050965e+00 1.179708614433133107e+01
1.235520953698201474e+00 1.328313502684627068e+01
1.161855400060094246e+00 1.146740584493810644e+01
1.038682044088181877e+00 9.750807067103632875e+00
1.208006591711043187e+00 1.239592433531612237e+01
1.122092078916219204e+00 1.380965209005679029e+01
1.386334759529227245e+00 1.377445180966330440e+01
1.256041334371603924e+00 1.397277111523955995e+01
1.143259548781716095e+00 1.051416191594849892e+01
1.499848650639994618e+00 1.436847985802533856e+01
1.058745042166943984e+00 1.065432192491197227e+01
1.093135885005246388e+00 1.099683109577351914e+01
1.106538260151933573e+00 1.057220107459225211e+01
1.457539577044741019e+00 1.351379410106248358e+01
1.629501571720678665e+00 1.454473212550385597e+01
1.096291223209494348e+00 1.162635844030129206e+01
1.599769394826875635e+00 1.442756439698695559e+01
1.228881698271060419e+00 1.191905471720943055e+01
1.083710392646583420e+00 1.039330913548806734e+01
1.067948513689564338e+00 1.023278078102116595e+01
1.343942625580454298e+00 1.369236977024356250e+01
1.320545790438070632e+00 1.217101928978813774e+01
1.383033521053346204e+00 1.314568059670331124e+01
1.314422690230031998e+00 1.196246540030804084e+01
1.227387790856940830e+00 1.278895074635342510e+01
1.314022848806481791e+00 1.365805329008706082e+01
1.240785656951331362e+00 1.076185794334080725e+01
1.224663013723596539e+00 1.166608661977496553e+01
1.519889927631244531e+00 1.308406637794418614e+01
1.473549538315732210e+00 1.430305099200937846e+01
1.147243943188965609e+00 1.277517488989186489e+01
1.248159507963332304e+00 1.208986161343158550e+01
1.374492334837173813e+00 1.166862087768710055e+01
1.127321845226243235e+00 1.328499007401838128e+01
1.219652110117330768e+00 1.252605969520113405e+01
1.586047079277947525e+00 1.420954057439067242e+01
1.011988469160175264e+00 9.828855520474611751e+00
1.174138441886899642e+00 1.113677194035937035e+01
1.539628565389171477e+00 1.446224121454843470e+01
1.489374297721846929e+00 1.340279659884818031e+01
1.178668564101648109e+00 1.335236374869409559e+01
1.455665327546984189e+00 1.271860725786883606e+01
1.157600174756280076e+00 1.122251036236514565e+01
1.007802351479116343e+00 9.718224792750291385e+00
1.344747293064874505e+00 1.373024389090648612e+01
1.253524800123525740e+00 1.212324905591996327e+01
1.498583191740781917e+00 1.380698295608754833e+01
1.389167531318887150e+00 1.345593418887258963e+01
1.420028323298474060e+00 1.377134333571920877e+01
1.620099266071060917e+00 1.471051002740640712e+01
1.411130849721543123e+00 1.304744558664086540e+01
1.399240410443527205e+00 1.288228687143013929e+01
1.423976056943154322e+00 1.381554269890033737e+01
1.401124191871374158e+00 1.348668732839650275e+01
1.372553362348877259e+00 1.331188949888754181e+01
1.164875109791065455e+00 1.188585364940815126e+01
1.418625409886546951e+00 1.236444743935295065e+01
1.566287132867975496e+00 1.455665590117551034e+01
1.165049513495252320e+00 1.067124416834305123e+01
1.377388095987510663e+00 1.385989698360150157e+01
1.430413165336284154e+00 1.340332401440769416e+01
1.444195910775429414e+00 1.316599711393404704e+01
1.090655990703009781e+00 1.302141770247473929e+01
1.443754997893728298e+00 1.374333032320236470e+01
1.488199726105781551e+00 1.346812451474641747e+01
1.456824746690351668e+00 1.409354364515456481e+01
1.264774625232566230e+00 1.384598503680852133e+01
1.179681795194032601e+00 1.290589669978129805e+01
1.543553280962215890e+00 1.444695534839768669e+01
1.559350734974211727e+00 1.381923993814998397e+01
1.050532770790967740e+00 9.900695341319849518e+00
1.044656014382074449e+00 1.013875184836522791e+01
1.381159442437378315e+00 1.325355943228534628e+01
1.185158147915527982e+00 1.200845801001372593e+01
1.062123749159028963e+00 1.373162252678183037e+01
1.197293415161300389e+00 1.251570017742433194e+01
1.042520127636967553e+00 1.101097716037226348e+01
1.409991920877503579e+00 1.345102771401099062e+01
1.095740390123065566e+00 1.102244608790884683e+01
1.140247472771579229e+00 1.112997336675222293e+01
1.279292058154361200e+00 1.256902097858655765e+01
1.155239664521095166e+00 1.152109208311493660e+01
1.012258222595906698e+00 1.014274168466756620e+01
1.228025783894603151e+00 1.296662953644590388e+01
1.069928187630799110e+00 9.750717567617641635e+00
1.197866177926154352e+00 1.178445889321088558e+01
1.359552976649638145e+00 1.214662812053336438e+01
1.072872549438109502e+00 1.134216478743141820e+01
1.410654133102708041e+00 1.419441886807406661e+01
1.058856949836007644e+00 1.047432398782255980e+01
1.113183032104368086e+00 1.060957660248876699e+01
1.241312640174698112e+00 1.117151154811201508e+01
1.277246482966347241e+00 1.169814206296430825e+01
1.525191583328543210e+00 1.432634844444766742e+01
1.337458517369993327e+00 1.179153996312371433e+01
1.461010033615051551e+00 1.582990558360637223e+01
1.376620626774805567e+00 1.269299469122309176e+01
1.079838695599416143e+00 1.117031314447738666e+01
1.472405551667341328e+00 1.472913184302919021e+01
1.299023628183806789e+00 1.131094962537742887e+01
1.008876399073383556e+00 9.879803081387720454e+00
1.189439448428514456e+00 1.189098088349862614e+01
1.551974979549996858e+00 1.423786298699485542e+01
1.384776836084786966e+00 1.201166699850121411e+01
1.152802391183413544e+00 1.399099637638479976e+01
1.345770967720427924e+00 1.158777125788125417e+01
1.333742964416216203e+00 1.332552675141869258e+01
1.310711982949203325e+00 1.126121888731848841e+01
1.545234042224193249e+00 1.399732824325817759e+01
1.191882438069058026e+00 1.200264164042516590e+01
1.394589246276156658e+00 1.254638793379853112e+01
1.327078041796421859e+00 1.375735436458056071e+01
1.252350483607419518e+00 1.155883579793488813e+01
1.298741818785702495e+00 1.189609806618658894e+01
1.397402422712148873e+00 1.359112746648780856e+01
1.293475702699233620e+00 1.281405804802055215e+01
1.384313620658694566e+00 1.224364284511767842e+01
1.128867761359370725e+00 1.260492346096998162e+01
1.109968749006390754e+00 1.248858681878829557e+01
1.349723654051139921e+00 1.223344104634632856e+01
1.275605889074493238e+00 1.389439542438632103e+01
1.166625494225102866e+00 1.278197600619956731e+01
1.357958426651736383e+00 1.370160058624892230e+01
1.288417303485788867e+00 1.426755997130526410e+01
1.112800913859369967e+00 1.209493827652556419e+01
1.208028882571643869e+00 1.397189844581363261e+01
1.238917678829215108e+00 1.193834347956760666e+01
1.315851671863168537e+00 1.472796694095165648e+01
1.280179226701753326e+00 1.251499594611512833e+01
1.267372585880836233e+00 1.208682682095746230e+01
1.319087526604357130e+00 1.344857103830107548e+01
1.225909415870332975e+00 1.121825448193037644e+01
1.495655780874918905e+00 1.340345451577722002e+01
1.376158202583628754e+00 1.227667415193948131e+01
1.012465276686200344e+00 1.015078955966789920e+01
1.357393042492301749e+00 1.267954438833270103e+01
1.132782600095116443e+00 1.019292701249427147e+01
1.192003360942185175e+00 1.196592169711685827e+01
1.437105733642003891e+00 1.396651141233069637e+01
1.094175456307599603e+00 1.020648308016222572e+01
1.340344882021587525e+00 1.203383559114472945e+01
1.574425871208994243e+00 1.410342440792889818e+01
1.329560253779397128e+00 1.485369060250687667e+01
1.285107715502843195e+00 1.317595855392912796e+01
1.413558281743979794e+00 1.275265371389623326e+01
1.195611960047442857e+00 1.149961545845702560e+01
1.324897849313133147e+00 1.220640731574597915e+01
1.449608386155917916e+00 1.545220440883090518e+01
1.302615826405446597e+00 1.262743934861626371e+01
1.136534597464676999e+00 1.124522781997916709e+01
1.313338501596301944e+00 1.333161048775902202e+01
1.031160044455990965e+00 1.042883359425525924e+01
1.157099719054359488e+00 1.395526604078420618e+01
1.278517730951697295e+00 1.201062237049094072e+01
1.343967256912623087e+00 1.295394448412976018e+01
1.193889012240152425e+00 1.168019838844202596e+01
1.111045880474782699e+00 1.342887724296912211e+01
1.069178811517120797e+00 1.021771923282375027e+01
1.145725302170795823e+00 1.109747593360321005e+01
1.549050717351893258e+00 1.447352038410899411e+01
1.146055683791700197e+00 1.169367114728189705e+01
1.531534582777699605e+00 1.442164154124829523e+01
1.292650130943485021e+00 1.283036215327590313e+01
1.172047560013858014e+00 1.057812378463365910e+01
1.002382599173406774e+00 9.657353229928478555e+00
1.411360598868812266e+00 1.301237201459531789e+01
1.152580141752736598e+00 1.061384185066927799e+01
1.204825708291443753e+00 1.282709185269703411e+01
1.469593490824451010e+00 1.343651224650585263e+01
1.100124608087678979e+00 1.118619606513330922e+01
1.031663302004095284e+00 1.056818238610424388e+01
1.006256700836765550e+00 9.516750308725146823e+00
1.405482328479501497e+00 1.252314528927347936e+01
1.191236293333242324e+00 1.103066983525917166e+01
1.064979693039759701e+00 9.899306270528697382e+00
1.220113948266698500e+00 1.168123294735814532e+01
1.403839219263814053e+00 1.259833857608324337e+01
1.196635491927187545e+00 1.288840401266013203e+01
1.232298630002356621e+00 1.272857291331419560e+01
1.147452167596392458e+00 1.078087887009010970e+01
1.127761800300412842e+00 1.351537081667501639e+01
1.266028310338364049e+00 1.257506676755209440e+01
1.323723762371019408e+00 1.374973408293701027e+01
1.544400668714216884e+00 1.443486633145576903e+01
1.182743634462475990e+00 1.283997783280890204e+01
1.063264163788417704e+00 1.055732906163768448e+01
1.117461890747931896e+00 1.064580213483854010e+01
1.173189250648200677e+00 1.254321376070925353e+01
1.354306132019921671e+00 1.344896953062414369e+01
1.213022148781093934e+00 1.436396379481974250e+01
1.179671107724546530e+00 1.062141727432610772e+01
1.453165687818706031e+00 1.380415939526480784e+01
1.233980908449624492e+00 1.232481943778371658e+01
1.039284689394458727e+00 1.003115868020600843e+01
1.435493944547461043e+00 1.335623926275605911e+01
1.491118141742163505e+00 1.293255582095119749e+01
1.213942774066782082e+00 1.188516028753456055e+01
1.337482771533098358e+00 1.274000885931772231e+01
1.269543239611696572e+00 1.190235786957891229e+01
1.328624448022374338e+00 1.245136894475947997e+01
1.480678139776604674e+00 1.279035784240205587e+01
1.376018741115943245e+00 1.305359606219640511e+01
1.356286742038321780e+00 1.300556797837101186e+01
1.106489140209605981e+00 1.133537702374251666e+01
1.415023372390765255e+00 1.330318218485447801e+01
1.268017307727134391e+00 1.260000315852053276e+01
1.107495310492622176e+00 1.207081148812047999e+01
1.169981869568592181e+00 1.054615732935823758e+01
1.190142447463632180e+00 1.215130106437278457e+01
1.406925790095319151e+00 1.324631421830240896e+01
1.111693847213129915e+00 1.039147581137418186e+01
1.331291356856528552e+00 1.144359121161402904e+01
1.523775503097383410e+00 1.446809715362986992e+01
1.156197776864042570e+00 1.062356565628445537e+01
1.620610118692106916e+00 1.433714526655253607e+01
1.493293513598114020e+00 1.322357135213733059e+01
1.395396103581587610e+00 1.194132808665300161e+01
1.345861504714969348e+00 1.139167645834481135e+01
1.291076749000095170e+00 1.419239016827352984e+01
1.388784749294634580e+00 1.416497928592734112e+01
1.235524769860694150e+00 1.326389994395517391e+01
1.194193741637394446e+00 1.331746265001761387e+01
1.303772414755207665e+00 1.236783435787593532e+01
1.217964860986891829e+00 1.290085432893895856e+01
1.218104369501438633e+00 1.287720905469392463e+01
1.310321491309280439e+00 1.224173257627154854e+01
1.707722360234224634e+00 1.551209729961420436e+01
1.343348419243584058e+00 1.247403904667017827e+01
1.374823866269581085e+00 1.321771871148380484e+01
1.186035741954171163e+00 1.312966214663646269e+01
1.400459653976288354e+00 1.328524300885106157e+01
1.322048543355785366e+00 1.109458922286164650e+01
1.157108706175943968e+00 1.200969822292010214e+01
1.383560520450607179e+00 1.276261347587429285e+01
1.519068050754552424e+00 1.426693288488692346e+01
1.480017439814990121e+00 1.376540872263592163e+01
1.461198209365136336e+00 1.300358444452149698e+01
1.312430961488650905e+00 1.302592340627728262e+01
1.363177278768799017e+00 1.235557722371007650e+01
1.371990310699017446e+00 1.422147587547309655e+01
1.176304722986253326e+00 1.152417276619116926e+01
1.406308614128035650e+00 1.406936425782573963e+01
1.114371749104334341e+00 1.099363986540422466e+01
1.122846854618485546e+00 1.225222501042113166e+01
1.035117855441291868e+00 1.102734217155341412e+01
1.387357075832339248e+00 1.426929076383995465e+01
1.187963439188046921e+00 1.060283428200235534e+01
1.506706264115976079e+00 1.333790494094517243e+01
1.142495240673404799e+00 1.154504080080552697e+01
1.436831692847317710e+00 1.396573653070193544e+01
1.239637678802767651e+00 1.350216101775822608e+01
1.229754863826758138e+00 1.213774748281609561e+01
1.095783988067981163e+00 1.031622495440419129e+01
1.121491390334364624e+00 1.038756029185079655e+01
1.376552407482471319e+00 1.423455134088769114e+01
1.498110554844819253e+00 1.333678809862844616e+01
1.190911302232419811e+00 1.347097125333194256e+01
1.358299254194090144e+00 1.248643859163893310e+01
1.388732526377376431e+00 1.429671247556660063e+01
1.378666583688564762e+00 1.239467462616573279e+01
1.477402129244253182e+00 1.279465428244219893e+01
1.151934440279980265e+00 1.045665257176862006e+01
1.425855051698489140e+00 1.291382956187629460e+01
1.340580144877639768e+00 1.257725156993503290e+01
1.174955581923907921e+00 1.083345480923088289e+01
1.178373848914748834e+00 1.161298635759321840e+01
1.482904815002893395e+00 1.219884254001393487e+01
1.120524828448568933e+00 1.065304104638774163e+01
1.234112729158471256e+00 1.099273365717598772e+01
1.144605293509852739e+00 1.129744941161413863e+01
1.308307896941665938e+00 1.420790786400278449e+01
1.476690952563840753e+00 1.322020370115070520e+01
1.681364387039404829e+00 1.514767195596330751e+01
1.308123501437056468e+00 1.178404410445960337e+01
1.027294301304473745e+00 9.289762324144115624e+00
1.414472899402527517e+00 1.298135114602455076e+01
1.170797233076097621e+00 1.070028472756317228e+01
1.133504687716913484e+00 1.115288004340051131e+01
1.392142927811465869e+00 1.455201780548388868e+01
1.179663201087674640e+00 1.252682657791005028e+01
1.528268974959331228e+00 1.417350086099205697e+01
1.210309330337905775e+00 1.112630352021152902e+01
1.196397695604763722e+00 1.126318738022118993e+01
1.259004587859937851e+00 1.172397744621976479e+01
1.127322322264643351e+00 1.108855973696306130e+01
1.750209891628111025e+00 1.433101533574994590e+01
1.014171711153013744e+00 1.072022553810431234e+01
1.122165494417271203e+00 1.282846424885589443e+01
1.235464931970184033e+00 1.321870127441620824e+01
1.435179676019101791e+00 1.286028726516117615e+01
1.181375795625613456e+00 1.164226943981388018e+01
1.151419727319642039e+00 1.207850288362193325e+01
1.301384219329688730e+00 1.285921445609703184e+01
1.219752302234147656e+00 1.136287508920268330e+01
1.173821328204560643e+00 1.095027170628327795e+01
1.214750870450843401e+00 1.300927235438377494e+01
1.175919403971141586e+00 1.197036011991810156e+01
1.462057140621478180e+00 1.364122022939924150e+01
1.368469969238748307e+00 1.197629606692245474e+01
1.024835394026573088e+00 1.052990541627669430e+01
1.624025152319929166e+00 1.549605571022396688e+01
1.191471919272841573e+00 1.178085519436869788e+01
1.514501785476201290e+00 1.466368111064990387e+01
1.356172651201570156e+00 1.275842065591287167e+01
1.322019431573056902e+00 1.210451179138341971e+01
1.214014045290898069e+00 1.246963888307040946e+01
1.194370762417661824e+00 1.246032458459607284e+01
1.000780970547644921e+00 1.009876858623652751e+01
1.374247457564459207e+00 1.294630996802604983e+01
1.353422883615516881e+00 1.486657180510073673e+01
1.135381635481408802e+00 1.100878893780735091e+01
1.231599506174761327e+00 1.136867493087045489e+01
1.066582319202107110e+00 1.010567971613322236e+01
1.236792034702775878e+00 1.161629626273144389e+01
1.470535706678866683e+00 1.274388281527764732e+01
1.245365554480375669e+00 1.182604565479531011e+01
1.516985743749966087e+00 1.439576957000914348e+01
1.323196407263379726e+00 1.223538684033507096e+01
1.324007414132489568e+00 1.280856286371948372e+01
1.205825954230323793e+00 1.145860211021246045e+01
1.299210972128073349e+00 1.359697901941125409e+01
1.349534374767428879e+00 1.361062020672961737e+01
1.558845219238515600e+00 1.484871389273564191e+01
1.676777171582452430e+00 1.488187310256545359e+01
1.572546174449133360e+00 1.465493600283633668e+01
1.507986709606329967e+00 1.388083526974893900e+01
1.105720117298480965e+00 1.024993534561505726e+01
1.183282034063074528e+00 1.310722293840770902e+01
1.256537467351924064e+00 1.396090046500596316e+01
1.281811712878857534e+00 1.409590480693406533e+01
1.062147508746546176e+00 1.265518733745149760e+01
1.225110902186990813e+00 1.333143638179701185e+01
1.448995881214885539e+00 1.437765793152749438e+01
1.529260790739542575e+00 1.334799360296645787e+01
1.262423625373636282e+00 1.233202914901411518e+01
1.085916544347698798e+00 1.005251309216886213e+01
1.423492566908119983e+00 1.400878614926279653e+01
1.162743576035830229e+00 1.246616318287306768e+01
1.114052560580061302e+00 1.093086558281437526e+01
1.767835414304814723e+00 1.522925553037579149e+01
1.300767477948848505e+00 1.194991785638606530e+01
1.088513227461633592e+00 9.884356194206169732e+00
1.237123161336586064e+00 1.160800634807806730e+01
1.376867214710244536e+00 1.362747716163400113e+01
1.211814811133141490e+00 1.123266128723731327e+01
1.190429120693698772e+00 1.220730224125398422e+01
1.108772601662614044e+00 1.287799658038949602e+01
1.232107273396726432e+00 1.135380382158402668e+01
1.155413701800314330e+00 1.101639630072768128e+01
1.238221473806902617e+00 1.094037092428181346e+01
1.547509757807257191e+00 1.509975547018442654e+01
1.623270928952664782e+00 1.516861987381365395e+01
1.380560386521682004e+00 1.288146368513353579e+01
1.331773209998236673e+00 1.299353145774054141e+01
1.333593629161986316e+00 1.420890636444249822e+01
1.253117106193559760e+00 1.120690689415170027e+01
1.670465099834729461e+00 1.588116562441251745e+01
1.182444687098439973e+00 1.121333453246378298e+01
1.495503485420342171e+00 1.402712253406144427e+01
1.077689570675472774e+00 1.126097486760998834e+01
1.165120429061009544e+00 1.340260505257633028e+01
1.425017278247218799e+00 1.376816682731726260e+01
1.199569297412311553e+00 1.070024711593672784e+01
1.238370882117572069e+00 1.166242471711611373e+01
1.068083214214527787e+00 1.055789880927483182e+01
1.149447229940551374e+00 1.304215646421584296e+01
1.364948434588775461e+00 1.359777054762459869e+01
1.255039024393751923e+00 1.394176282646115439e+01
1.040596652600226157e+00 1.073623762107059676e+01
1.191115934465950321e+00 1.192372707189158909e+01
1.153358274052290744e+00 1.351147555663497712e+01
1.175337877596616121e+00 1.150513456703130899e+01
1.361362995277385801e+00 1.308141481261861827e+01
1.364301920834661175e+00 1.259225206599921165e+01
1.315569251046167620e+00 1.191498115442951367e+01
1.448011924995197708e+00 1.344421052259848892e+01
1.354262256075021043e+00 1.393843451793884824e+01
1.284535676647017066e+00 1.301663963000602919e+01
1.269765963208765003e+00 1.163664747538611799e+01
1.236583346030143193e+00 1.200829393432496595e+01
1.147571106024825038e+00 1.044190505465806851e+01
1.437781997903009090e+00 1.436104559288583715e+01
1.078116333705173790e+00 1.088576920983346241e+01
1.152922154266807775e+00 1.087728723707413003e+01
1.183258287280682053e+00 1.085170713438811063e+01
1.307281484551500839e+00 1.204043484266653863e+01
1.357648187896391745e+00 1.228809970582592470e+01
1.449505713352740255e+00 1.376037271888140623e+01
1.182067960921751704e+00 1.040103345626578424e+01
1.230421964262862211e+00 1.299840431747668745e+01
1.089475995946424636e+00 1.099752385816105260e+01
1.314760669265559345e+00 1.218930828704283442e+01
1.521098397803833269e+00 1.441874997404362801e+01
1.377880079993913265e+00 1.228519698213504441e+01
1.387230049061235260e+00 1.285004286849074973e+01
1.289597156903667052e+00 1.177210144264673986e+01
1.408449834136164425e+00 1.428097640892605469e+01
1.086535367251750817e+00 1.093390624156827151e+01
1.426882346570767401e+00 1.400163021502100591e+01
1.272502991268980699e+00 1.193589318241402708e+01
1.270919734184411176e+00 1.214496654236029727e+01
1.359485388599079858e+00 1.212379472279015857e+01
1.458397033622586214e+00 1.360354921920423621e+01
1.313324610606799059e+00 1.233790135678753686e+01
1.468966816077975412e+00 1.265799712499500984e+01
1.190796113537617940e+00 1.239636555778869820e+01
1.106272835605831784e+00 1.205143291558391816e+01
1.156703341501283733e+00 1.123942723483407491e+01
1.501910373266427179e+00 1.380251010342292517e+01
1.063778390294786602e+00 1.421820548397888828e+01
1.162458859452818238e+00 1.220375325434829961e+01
1.319177965603792302e+00 1.234682008359354910e+01
1.035081380075798529e+00 9.770978613681837288e+00
1.557853179493067008e+00 1.415588382108988341e+01
1.575901336897889138e+00 1.366445400062444904e+01
1.246126104227089471e+00 1.394178248607324022e+01
1.108416114230389438e+00 1.038267483365653376e+01
1.593069797480613392e+00 1.305350609442406551e+01
1.349710400770696594e+00 1.275519874816148658e+01
1.593580695923899615e+00 1.406656327258078321e+01
1.207418509796611250e+00 1.137529556074874471e+01
1.418529146266726881e+00 1.294638659760381572e+01
1.134145549951064202e+00 1.126554489535232584e+01
1.141758629360563937e+00 1.198952168221835635e+01
1.459518774924621454e+00 1.357546710168046289e+01
1.180777961685531618e+00 1.057336799903290014e+01
1.315304960765728115e+00 1.265421828230544676e+01
1.239685287608918163e+00 1.247402876692693141e+01
1.314856751372370791e+00 1.246441360615071403e+01
1.121740901461181439e+00 1.261073321799684521e+01
1.276470144596684175e+00 1.273265592714261274e+01
1.141760046362114034e+00 1.203479053534726084e+01
1.219166143951403214e+00 1.358283690123383991e+01
1.274779843662923184e+00 1.271759456760888796e+01
1.418448233494381538e+00 1.221142732161289501e+01
1.056621767783648913e+00 1.212886072934212400e+01
1.504968953642950913e+00 1.507392547118199388e+01
1.191419217164629174e+00 1.371770077633987128e+01
1.198867099268453806e+00 1.142045483083046165e+01
1.277832259960591577e+00 1.387593062945898836e+01
1.226901327831719346e+00 1.295075766925904404e+01
1.328586293092292037e+00 1.355576194903437681e+01
1.468273885493008191e+00 1.565918701499138166e+01
1.174528285282328000e+00 1.188567196271602100e+01
1.240512278203196761e+00 1.190937981618267472e+01
1.083178290554822620e+00 1.091589034028901928e+01
1.427600329770627008e+00 1.277926601662863249e+01
1.106519414043064087e+00 1.300595852864648805e+01
1.141219839690213567e+00 1.161979455619793455e+01
1.131345139736794403e+00 1.284989782075194142e+01
1.367379226068264453e+00 1.265424171872841796e+01
1.544313936942436793e+00 1.439978228281836792e+01
1.025897170427926941e+00 1.083079909088741033e+01
1.459462857517234369e+00 1.392408012911390003e+01
1.134916441884841420e+00 1.153686412401894401e+01
1.507644531651802122e+00 1.216364664900005010e+01
1.472928151877586966e+00 1.294692634251105545e+01
1.518614058510341369e+00 1.409076066175397557e+01
1.431850134538960928e+00 1.296561869032306547e+01
1.016963109058619308e+00 1.109863419390243777e+01
1.016179710700808592e+00 1.124963465660523454e+01
1.129657631783889116e+00 1.342921413819485110e+01
1.052249823107704874e+00 9.900608578907228008e+00
1.175810610115878729e+00 1.120618322821854917e+01
1.123237925035813101e+00 1.239327169539241069e+01
1.280732637677200803e+00 1.117059188634831735e+01
1.376947496565914975e+00 1.220756246570955383e+01
1.173550195629949222e+00 1.212381353733132272e+01
1.246801007082427137e+00 1.395854164051343460e+01
1.129468756278125596e+00 1.427588168057741314e+01
1.186667243635390889e+00 1.080545907653938187e+01
1.033186019448835369e+00 1.097472745130813543e+01
1.390857974753832327e+00 1.312184689898190371e+01
1.124152163184734654e+00 1.127212147738279313e+01
1.331360046227976879e+00 1.347794564901439074e+01
1.165574921676481246e+00 1.012425786136487460e+01
1.163558255325213509e+00 1.216905967953992374e+01
1.319385840349541317e+00 1.310706837146303627e+01
1.103751979327464605e+00 1.025776475351862693e+01
1.060094006735864625e+00 1.076309174613650654e+01
1.026152088241833127e+00 1.079532183607968143e+01
1.155507408624455223e+00 1.177682029024959931e+01
1.369253143833951469e+00 1.331861122296154676e+01
1.733402753953153130e+00 1.517135293844328103e+01
1.430603641339193821e+00 1.199063772375641435e+01
1.265199400917920158e+00 1.127145153501645147e+01
1.019432963878072362e+00 9.668925599608424903e+00
1.147340411872180610e+00 1.386068907227154412e+01
1.335293006834339824e+00 1.281312488663110472e+01
1.312884650770255401e+00 1.302637565738780978e+01
1.098528180239254137e+00 1.087842622735980669e+01
1.185540486073359157e+00 1.108151897598276747e+01
1.250396943827007501e+00 1.249407724949688259e+01
1.149989997697604238e+00 1.125290033306881554e+01
1.567824681376536855e+00 1.378853658763213730e+01
1.424163753002451349e+00 1.281843863116307958e+01
1.251079954812897244e+00 1.428196214248390561e+01
1.154368071153352604e+00 1.178397554181444917e+01
1.278876532943316935e+00 1.181176190412827331e+01
1.204128000139715216e+00 1.076055257787806596e+01
1.505017573745451642e+00 1.334182183848613334e+01
1.340161809920827896e+00 1.355875274216933946e+01
1.283149781767290332e+00 1.178409286175243587e+01
1.261660508709595341e+00 1.236934317262463168e+01
1.621438509055214583e+00 1.490767280292546815e+01
1.179061318386747326e+00 1.245524004491206327e+01
1.210837183801524386e+00 1.167071983348461828e+01
1.475514254577416473e+00 1.337333328730892035e+01
1.310858647325392479e+00 1.203722022992776175e+01
1.137555185958919024e+00 1.148388814548077441e+01
1.392637488431730741e+00 1.281484168514984745e+01
1.124478897822238643e+00 1.026486365719278915e+01
1.308435199708110064e+00 1.112552213847362026e+01
1.443628635030331564e+00 1.272547372604097049e+01
1.287930348978500339e+00 1.222217568589593917e+01
1.294367087393707649e+00 1.208177720223078921e+01
1.139015866094492679e+00 1.130592471214350603e+01
1.384469993108395691e+00 1.253977852907148005e+01
1.320796649728314787e+00 1.283014005473182806e+01
1.281561906762790359e+00 1.154968622592829774e+01
1.673084081306107862e+00 1.495759098943371157e+01
1.262571597890162378e+00 1.301822018579010631e+01
1.268165971267918302e+00 1.176322271071027714e+01
1.506726719368377765e+00 1.372622927133634718e+01
1.207984361524844452e+00 1.151227825835317375e+01
1.486541681715183749e+00 1.337728017381995116e+01
1.320878032803348923e+00 1.262848337584590652e+01
1.098313219304155597e+00 1.194783281112036377e+01
1.402676248057846742e+00 1.375966557080643682e+01
1.185264899970587482e+00 1.122158146841679383e+01
1.159719089550543814e+00 1.079764391084322028e+01
1.405066029592033416e+00 1.371992207390318441e+01
1.397418018225558223e+00 1.256662084338048402e+01
1.521764910859721098e+00 1.494325039261966737e+01
1.572650620494716822e+00 1.513964031240276853e+01
1.138509100534317753e+00 1.126426940839709445e+01
1.050146100777320735e+00 1.058278536524061764e+01
1.443579826359107310e+00 1.431426489694058546e+01
1.694101587675246989e+00 1.495877686972161058e+01
1.213357424328272538e+00 1.188357660109572578e+01
1.379117375961506520e+00 1.180375808600965115e+01
1.336947825771598541e+00 1.268650902275158288e+01
1.396071985757043166e+00 1.210884067575502954e+01
1.475599498140884869e+00 1.586451908654760601e+01
1.426578730516181004e+00 1.263400162255059556e+01
1.215489341724413697e+00 1.183635211265835352e+01
1.236615107455390383e+00 1.301679297885769415e+01
1.313140641206405945e+00 1.121482420861674001e+01
1.164254184077335053e+00 1.115971899169299419e+01
1.441267149932945468e+00 1.346949773873902956e+01
1.502955988119423214e+00 1.291207402008072691e+01
1.398111212158305250e+00 1.198985059397066166e+01
1.209992322885679705e+00 1.123003819843951234e+01
1.530770284489229027e+00 1.423199572324583073e+01
1.201491214112103911e+00 1.238647141703689414e+01
1.586463257791379089e+00 1.538523232115704431e+01
1.175318561979097343e+00 1.113679956988388220e+01
1.504795234277800819e+00 1.304145114584145659e+01
1.154391638999973102e+00 1.164081308988556174e+01
1.346524208662302380e+00 1.234821781225077686e+01
1.409513683438623932e+00 1.388653904666182370e+01
1.222115328835278181e+00 1.300626848973953287e+01
1.352346709792108470e+00 1.253803342856223679e+01
1.414289245458283162e+00 1.368962210585555539e+01
1.300907093593743902e+00 1.225520646875801845e+01
1.126536078844352362e+00 1.170898314155798481e+01
1.607655369516997723e+00 1.405150649761851867e+01
1.337548255063423452e+00 1.368440167055326384e+01
1.578010376375187818e+00 1.534332032884353580e+01
1.171482856012185492e+00 1.292541379858585415e+01
1.285691037285836114e+00 1.195653068221186999e+01
1.245735270926221938e+00 1.435003898868764338e+01
1.334264694352941039e+00 1.355027050701028202e+01
1.501373011522295187e+00 1.366003102778720191e+01
1.050645178041164307e+00 1.100628823090303499e+01
1.277931704691295467e+00 1.252599645527466166e+01
1.366729246985596724e+00 1.316837146216518661e+01
1.118585964805471900e+00 1.248379754977720424e+01
1.365714797521898616e+00 1.228641383241332541e+01
1.467191132219040517e+00 1.247485083224347235e+01
1.561436742263945687e+00 1.481753476942920145e+01
1.384394949773781747e+00 1.331075722984983045e+01
1.033620457149095229e+00 1.057567601738852936e+01
1.255673344288690041e+00 1.096577405450375764e+01
1.504164997163382367e+00 1.379262381419535899e+01
1.386665234554647741e+00 1.380557963978909797e+01
1.296845317990987789e+00 1.237108466620330738e+01
1.403133881846092779e+00 1.256318380418221992e+01
1.640604210145002018e+00 1.562541179654957801e+01
1.718733859036664313e+00 1.576192040550523643e+01
1.620949244103029319e+00 1.467677341069433794e+01
1.376865513631374993e+00 1.472840663543075479e+01
1.061159808704428276e+00 1.036030161744595546e+01
1.262894163801044023e+00 1.289307837296450998e+01
1.321681885038819670e+00 1.165949168280330639e+01
1.349301358664149575e+00 1.178898063467588209e+01
1.287009458037612575e+00 1.188425106017303534e+01
1.521005631861840790e+00 1.410141244944552597e+01
1.486970756513239067e+00 1.323606433420689044e+01
1.333539180447148809e+00 1.254604098226776188e+01
1.357011729518944332e+00 1.316493433503464061e+01
1.172060272623936417e+00 1.361811329590853603e+01
1.005117575032777877e+00 1.030296013527806664e+01
1.162459250885847117e+00 1.043320264461323177e+01
1.537891223298391452e+00 1.370402589652548997e+01
1.153103406976612844e+00 1.373726569744779624e+01
1.195075612578535118e+00 1.177689553533825162e+01
1.487608183060341371e+00 1.326382330022667233e+01
1.252483483442130119e+00 1.229432571545546793e+01
1.136981479324446376e+00 9.972335273894382013e+00
1.163553153434647713e+00 1.267737191140184194e+01
1.192516355257414062e+00 1.212008631206909470e+01
1.036791831918788098e+00 1.212983505176286414e+01
1.250687700490487053e+00 1.336677108568536454e+01
1.347991366063405749e+00 1.270912132279359952e+01
1.046444156537701842e+00 1.002618942773654354e+01
1.376098084561906632e+00 1.278159551959524975e+01
1.022082855199102136e+00 1.032251515945003462e+01
1.536621297006746101e+00 1.483965214164935631e+01
1.076314264257801190e+00 1.212174064542453955e+01
1.593727236490878774e+00 1.362960959081800993e+01
1.578433960713109485e+00 1.426449727153426750e+01
1.105130806861088555e+00 1.157091412746568437e+01
1.706119924222186501e+00 1.527180535747799439e+01
1.170151752578325377e+00 1.275777209042008664e+01
1.236523611754652974e+00 1.173963072148508857e+01
1.239762720114698347e+00 1.195512945997746712e+01
1.584313261185091193e+00 1.437761565341416414e+01
1.540683591185859402e+00 1.348419040337612174e+01
1.312517983216357376e+00 1.115485775518303768e+01
1.060479697595807513e+00 1.142194799333155686e+01
1.173857841909597965e+00 1.203782146168657263e+01
1.161372273735352678e+00 1.112350644507838915e+01
1.167490236543460957e+00 1.095816619316274831e+01
1.126896548988331803e+00 1.080982616607099445e+01
1.318448020575246238e+00 1.109026907344171597e+01
1.169382862821131130e+00 1.090317754679022144e+01
1.278826043543363600e+00 1.297720745760635452e+01
1.349065041110945273e+00 1.404147355023997434e+01
1.062731381733849068e+00 1.097900994918931872e+01
1.277905840639875112e+00 1.193093141269226010e+01
1.011465358343807353e+00 1.024597542076682544e+01
1.359575623413768808e+00 1.233445965207518924e+01
1.409292886981273973e+00 1.357022617093101502e+01
1.106698810035891656e+00 1.056270158515951252e+01
1.172346218847709398e+00 1.327017083737957037e+01
1.084631188064429042e+00 1.196068915675361843e+01
1.487470409023232243e+00 1.290063983344734311e+01
1.482056666982061399e+00 1.431629818473220084e+01
1.332033105869427914e+00 1.303667442710924007e+01
1.131447042861394303e+00 1.153692800015682884e+01
1.026852940218738075e+00 9.859714785299923179e+00
1.153249761754381542e+00 1.212169723732950644e+01
1.228670933287132616e+00 1.355550072573957721e+01
1.348598433820500153e+00 1.196570537422244129e+01
1.133619748981800068e+00 1.090462116931005809e+01
1.119053181120558849e+00 1.205442540843955257e+01
1.051660030765187104e+00 1.262330786027485274e+01
1.474173785123497948e+00 1.372401418625677394e+01
1.249980427461117483e+00 1.365386420324858108e+01
1.497063963218581373e+00 1.372005701666167710e+01
1.442277578242170843e+00 1.294965009831917513e+01
1.302076987212450021e+00 1.214773889390918882e+01
1.235680771681194168e+00 1.412159835031111044e+01
1.174757273826265047e+00 1.024303808460133070e+01
1.397902634075440798e+00 1.357720936847542248e+01
1.384644947082055655e+00 1.371130432089390183e+01
1.335553651129377295e+00 1.267431023568605752e+01
1.204681510149805623e+00 1.204103413312562942e+01
1.305420904859613263e+00 1.341312155114115257e+01
1.388465835573087670e+00 1.348834860256281942e+01
1.379399955769230468e+00 1.293440253010874486e+01
1.301937618982273115e+00 1.159827246100357279e+01
1.084623659485830505e+00 1.126039657352658097e+01
1.204958923851265018e+00 1.066024520286990551e+01
1.251802277963692145e+00 1.192488224344116254e+01
1.276955135557719334e+00 1.342334845441940772e+01
1.066076443403393359e+00 1.187767708897824193e+01
1.232384646386581517e+00 1.223883149343760124e+01
1.633967414520409944e+00 1.445628890385001952e+01
1.157163155826506973e+00 1.270177552249209540e+01
1.036489577297765363e+00 1.007267889030398678e+01
1.183271233584790805e+00 1.381821025388537549e+01
1.510535277036121116e+00 1.328424017088510212e+01
1.129531547622814713e+00 1.102872456745149243e+01
1.212210305621250761e+00 1.183915329906037428e+01
1.657616375736908676e+00 1.425436819518973408e+01
1.042316279653129563e+00 1.109769961460951393e+01
1.209159760670258654e+00 1.252153246160136391e+01
1.276919590485871447e+00 1.183248948521056576e+01
1.472984304303137648e+00 1.497223369158640693e+01
1.278310199519924861e+00 1.285749031327185321e+01
1.107215553837863631e+00 1.192121865394381608e+01
1.082149664725939875e+00 1.038426668021806520e+01
1.293622348451122894e+00 1.284594396965009366e+01
1.097296992195058385e+00 1.143708022462365648e+01
1.012718771544215635e+00 1.046498358821404295e+01
1.496256144810969024e+00 1.411774426826561424e+01
1.342580346033792171e+00 1.446019687985697999e+01
1.758404118189396126e+00 1.583465731654567321e+01
1.233809978923763762e+00 1.269137579872185739e+01
1.137424182314832777e+00 1.251706415755079860e+01
1.123265309518291177e+00 1.104732422596956809e+01
1.550670788785693865e+00 1.531112925035418115e+01
1.166390414882774396e+00 1.123813153146376997e+01
1.206369498477784186e+00 1.074325557088400629e+01
1.155128977391411516e+00 1.270493339865528526e+01
1.294160298318446367e+00 1.195591803514877682e+01
1.232238570684809131e+00 1.252939197920328951e+01
1.433745090357454455e+00 1.250437346303179709e+01
1.250835854558160820e+00 1.327526321841206425e+01
1.442578692549622899e+00 1.189663739488452165e+01
1.393494202410564986e+00 1.348611931495988614e+01
1.189603947531886474e+00 1.130928480631205346e+01
1.253249640174582513e+00 1.169918144800768900e+01
1.301081765400740498e+00 1.164335298696803633e+01
1.225730485385231106e+00 1.152147718523544739e+01
1.161707126669090151e+00 1.105115181575541428e+01
1.330702802163398424e+00 1.214782832529507672e+01
1.375771061602826251e+00 1.375849610336045359e+01
1.176251618520991471e+00 1.244938955508993317e+01
1.302324474871735527e+00 1.207038416531954894e+01
1.033902833306322266e+00 9.509313933023701537e+00
1.050953586025327402e+00 1.262448864576186836e+01
1.419904443630727098e+00 1.383180536424911011e+01
1.337223051693177789e+00 1.224277803177829327e+01
1.617295651814714130e+00 1.503267857147874054e+01
1.338610545671955032e+00 1.419505173737612580e+01
1.543398088054049211e+00 1.437814453264908110e+01
1.456296425040461306e+00 1.534570297264387762e+01
1.181667687666421607e+00 1.377521487900345676e+01
1.548691792993795113e+00 1.459619169946613937e+01
1.193447396017008222e+00 1.268437035246036970e+01
1.025007016746036559e+00 1.089518524244983411e+01
1.142665002238589134e+00 1.255687684806188997e+01
1.423016368664092646e+00 1.388568160550465436e+01
1.078567674939031384e+00 1.096919471853971118e+01
1.185600887537159975e+00 1.069770890958979770e+01
1.504636719700083169e+00 1.459581834354679586e+01
1.159821566786751301e+00 1.115670182277321665e+01
1.430767411190062566e+00 1.259657552220616594e+01
1.260924827271368009e+00 1.249070354374503822e+01
1.295264477787458457e+00 1.237154807501106646e+01
1.416760587448259390e+00 1.192981773241912435e+01
1.114229183281523206e+00 1.100252966581250291e+01
1.636740073604638912e+00 1.416491986376547985e+01
1.693952927894354143e+00 1.433179610182228103e+01
1.228247978479478864e+00 1.259486549803093780e+01
1.031994059923837748e+00 1.122028309560411685e+01
1.690684012779821721e+00 1.497915421948385273e+01
1.317298650671365534e+00 1.199816154091480058e+01
1.082666190039138110e+00 1.095267988183482188e+01
1.456549460188422573e+00 1.233320035254357450e+01
1.520703355944833302e+00 1.377804638989965014e+01
1.185942458659858589e+00 1.207274694370840074e+01
1.086099472983838243e+00 1.136031379259437912e+01
1.320213355740752714e+00 1.221778874651536384e+01
1.104806336679610590e+00 1.166622217899454483e+01
1.054403397009820553e+00 1.074208876936665469e+01
1.436868533395884606e+00 1.311095953358430677e+01
1.278077366349720689e+00 1.186970554711374781e+01
1.728891178281850793e+00 1.565193414096456692e+01
1.351895724157288647e+00 1.290739157382730795e+01
1.095364929700957557e+00 1.135865541540194990e+01
1.457603558652676767e+00 1.399718060038600953e+01
1.250170940516924567e+00 1.091914154186270025e+01
1.539988918850496047e+00 1.378065278637407687e+01
1.431920058967563136e+00 1.314951658205822937e+01
1.657462181588688965e+00 1.449252308877805007e+01
1.312405448010496745e+00 1.164822089136177397e+01
1.113588976833042921e+00 1.098903901699717878e+01
1.530072168981765346e+00 1.471529128865542546e+01
1.364909855894054891e+00 1.328915640898379991e+01
1.143694721985114349e+00 1.137352803494637143e+01
1.198664733488405076e+00 1.217715946664950977e+01
1.566126232920273864e+00 1.479454330688820463e+01
1.258886913560185672e+00 1.292492333504872093e+01
1.469330632971944217e+00 1.379762553536722081e+01
1.547877533788305726e+00 1.491348036503471519e+01
1.153765095033985721e+00 1.217383678770619682e+01
1.232932348301772230e+00 1.291245292708121184e+01
1.416846999086700976e+00 1.308034315364598754e+01
1.382182194821976351e+00 1.176527247684998301e+01
1.139861616586753890e+00 1.054952792411645213e+01
1.545155104257590617e+00 1.321713112190664674e+01
1.461804877179794238e+00 1.423184154419795888e+01
1.188697567872957217e+00 1.377170514320871320e+01
1.366857550896323215e+00 1.318598643940014270e+01
1.107479843093024163e+00 1.283981126634095560e+01
1.338381678939985164e+00 1.370127286953005807e+01
1.359281334323644508e+00 1.344259729399741943e+01
1.330712238831651462e+00 1.224356394526299852e+01
1.216021880927275589e+00 1.272388429568957946e+01
1.583014594563468158e+00 1.582619489686230096e+01
1.116407826231524014e+00 9.883317723845745917e+00
1.319603919373127487e+00 1.414457314098094187e+01
1.343954723000702955e+00 1.202327783725112376e+01
1.700158696810529779e+00 1.426689134690374772e+01
1.654364125394021556e+00 1.413247101605923817e+01
1.209788946134229493e+00 1.171302776432566617e+01
1.235952487413046752e+00 1.447163378323451610e+01
1.310225536153581505e+00 1.283304884872764617e+01
1.067907531772254615e+00 1.044067358568775639e+01
1.479220849947627592e+00 1.279924901296633877e+01
1.248146628335778718e+00 1.097071107474092599e+01
1.194341467697035197e+00 1.365728831104643604e+01
1.174502835921271915e+00 1.232844656579553089e+01
1.537313303216792271e+00 1.436761349161011481e+01
1.595165951258612491e+00 1.541349801602860126e+01
1.163108961002101260e+00 1.049904471322340704e+01
1.682809097090809836e+00 1.523817955289804260e+01
1.116712483060378291e+00 1.198961299795728941e+01
1.431174552165062952e+00 1.476594173177156222e+01
1.090261630133102511e+00 9.874811562971736123e+00
1.515371440855750595e+00 1.347420592084448288e+01
1.025868736266568160e+00 1.020576408234353494e+01
1.330750275862238929e+00 1.268392378619858363e+01
1.060048356304874373e+00 1.134523526549460470e+01
1.257305487801820387e+00 1.298215077535484241e+01
1.161336527066605839e+00 1.202891369205212513e+01
1.265942719061843080e+00 1.138520445919008672e+01
1.363887967325405626e+00 1.203722343296658082e+01
1.063368812510699701e+00 1.090981635021770657e+01
1.211427958072906153e+00 1.131356083634642928e+01
1.265808778602853124e+00 1.242315639885888956e+01
1.566043975243819553e+00 1.458891314259690830e+01
1.100771706460630162e+00 1.252189425539367917e+01
1.191255862020390799e+00 1.168731916160136564e+01
1.040712684439126789e+00 1.028652477801792564e+01
1.462807027979528662e+00 1.393030262404765551e+01
1.239185074716379287e+00 1.145948390433271413e+01
1.132466765358663086e+00 1.169673668475374484e+01
1.334605525854694719e+00 1.399067162502129946e+01
1.248881211196995578e+00 1.119386311138276469e+01
1.276178344342474569e+00 1.319882388515631533e+01
1.189439146062541752e+00 1.047079278888864806e+01
1.207068339043613880e+00 1.402992638320766616e+01
1.454213048699746658e+00 1.308647152255843338e+01
1.144471546703004661e+00 1.193999600734555600e+01
1.491227698618902142e+00 1.368211228669569834e+01
1.482149372366932782e+00 1.343188079202245788e+01
1.407709105007204364e+00 1.514459403180495656e+01
1.382770045925984626e+00 1.242184584800219938e+01
1.136710986766868992e+00 1.026972842157368682e+01
1.049482531789182493e+00 1.070397759191662068e+01
1.659004883843286038e+00 1.525046565620248984e+01
1.025126550271801218e+00 1.170851988032012514e+01
1.482692334925324484e+00 1.339424978683722856e+01
1.350873485665498697e+00 1.325085141085997620e+01
1.186838116096712081e+00 1.120974882329236166e+01
1.382246087500088816e+00 1.335587442319891238e+01
1.169935023762025406e+00 1.282129789735651926e+01
1.406691814159415799e+00 1.240923548840283530e+01
1.381593702519217315e+00 1.450294037785471346e+01
1.492541648885544747e+00 1.262296558663964063e+01
1.173724901501945528e+00 1.243404071916785014e+01
1.273354838151107504e+00 1.315950665058859670e+01
1.346192803669564286e+00 1.264436989265033517e+01
1.290516758604978165e+00 1.159736382174184222e+01
1.165543000291413334e+00 1.058023256476771046e+01
1.271829170409914722e+00 1.430130514272441999e+01
1.144787784356019689e+00 1.178239495109742307e+01
1.243590425007204514e+00 1.121380850263162721e+01
1.257044087113343034e+00 1.231857612302514937e+01
1.263578099802799004e+00 1.165695136554862366e+01
1.320750994762638353e+00 1.344653428546996921e+01
1.304907426830547834e+00 1.254192154729240372e+01
1.446550111910974046e+00 1.343373745404056407e+01
1.051156790916844663e+00 1.181340690988335318e+01
1.201225912558563813e+00 1.085577255845852562e+01
1.102486835127558074e+00 1.020245157531934410e+01
1.261694508695401229e+00 1.223174410345216501e+01
1.145732460637845618e+00 1.167955251433345509e+01
1.297130550250340297e+00 1.295783916365740041e+01
1.121580532836475408e+00 1.329236437644893343e+01
1.293462077460014736e+00 1.432119118197022445e+01
1.358820021895386532e+00 1.269882509419290528e+01
1.005319344503217360e+00 1.058333927304629007e+01
1.302605626699556041e+00 1.459847428744454234e+01
1.431875578516219161e+00 1.331729827380319620e+01
1.251319601297009365e+00 1.250364701579096049e+01
1.309485612526795073e+00 1.384758447986866514e+01
1.356593684967252189e+00 1.177929182708774647e+01
1.357429231329949859e+00 1.411236910026419977e+01
1.265303455474827921e+00 1.123740617130216890e+01
1.408536908297405743e+00 1.341955795802368101e+01
1.261737086635652316e+00 1.191925915220374321e+01
1.211479057391755987e+00 1.321671603736438527e+01
1.250689879432478113e+00 1.223014522286108807e+01
1.241082760745712887e+00 1.222974515609318580e+01
1.368506990284914959e+00 1.237962451713061185e+01
1.330953449762908303e+00 1.207688318906712865e+01
1.377278774314747878e+00 1.344557200105863970e+01
1.160875650200090536e+00 1.269847903563229252e+01
1.536996744517526547e+00 1.447467573746951786e+01
1.217181518048619626e+00 1.239525084782638054e+01
1.749775986530861527e+00 1.553679370885276256e+01
1.220922172019494933e+00 1.290338133241735719e+01
1.359841473903525388e+00 1.413053654852526719e+01
1.181162903920071949e+00 1.089541620972388358e+01
1.144085027278355815e+00 1.032252503322411386e+01
1.439273583402729706e+00 1.311625267931597705e+01
1.261283316548545974e+00 1.159166377816538684e+01
1.337168174502575191e+00 1.362823199367921134e+01
1.207411765051716435e+00 1.412129276426067648e+01
1.162700144668048718e+00 1.025806210824185882e+01
1.397173314622802920e+00 1.422390132162498233e+01
1.315602929903520568e+00 1.328201356850417980e+01
1.050655862753033132e+00 1.106544075723676457e+01
1.160496175504178940e+00 1.245039160577364967e+01
1.193505021828456192e+00 1.190698673499090354e+01
1.210587226191642607e+00 1.145717500308248660e+01
1.133355902126136128e+00 1.160050074772486184e+01
1.379914070220594535e+00 1.424616974900143518e+01
1.283264218257621270e+00 1.213792349691412653e+01
1.217986930443967442e+00 1.396130548601664856e+01
1.075966925420661857e+00 1.074820612702647260e+01
1.132044771432690444e+00 1.124981853558594480e+01
1.116291619015687298e+00 1.131125482685407135e+01
1.208814610376883980e+00 1.134704366584011836e+01
1.331629564742834226e+00 1.287150919751842437e+01
1.332051051075511916e+00 1.236962775883115739e+01
1.442286295658393058e+00 1.332175841879621458e+01
1.210618634319730935e+00 1.180683868373424517e+01
1.169669503453470316e+00 1.181436475402485087e+01
1.239633804632725544e+00 1.356092811695164713e+01
1.487429104075814079e+00 1.371328323516272718e+01
1.275187144756280144e+00 1.219393624146879240e+01
1.285919166976885020e+00 1.161388493654308718e+01
1.063921613139137579e+00 1.045293939564297503e+01
1.409218181958843852e+00 1.258227514476935838e+01
1.402620701100177225e+00 1.412213064476384261e+01
1.158973638269108042e+00 1.212080847831488661e+01
1.164925089579526007e+00 1.152018028653625947e+01
1.121761707303301048e+00 9.979393610006422222e+00
1.208077696033696302e+00 1.256476472118965404e+01
1.688857413253920470e+00 1.587658142246459292e+01
1.224071053668409625e+00 1.176957392268873903e+01
1.301783793162289760e+00 1.232034557233026462e+01
1.314822187963647693e+00 1.298589530082572097e+01
1.195654312812590048e+00 1.375613581593039569e+01
1.406748849134173529e+00 1.484326995439298713e+01
1.210345600071444760e+00 1.233935444491898892e+01
1.169319504467983606e+00 1.132745150361649067e+01
1.397731658798636589e+00 1.405716742913667261e+01
1.194916192692379475e+00 1.246889474020655797e+01
1.161419400919360800e+00 1.333203831441610276e+01
1.254091074227264624e+00 1.115278299823032881e+01
1.413266554588100909e+00 1.376667969614496201e+01
1.247497699479056310e+00 1.246422311366957203e+01
1.365586659900706268e+00 1.172329811049187320e+01
1.359604198223476779e+00 1.396349976576428631e+01
1.085882974983192195e+00 1.063968118563701815e+01
1.543423060135685976e+00 1.356140853241087996e+01
1.126018305743239356e+00 1.125144548802646582e+01
1.310671246696602843e+00 1.190622545872398241e+01
1.207209099126498542e+00 1.149302446292933055e+01
1.243706647558633804e+00 1.226447979040015923e+01
1.181427524908345905e+00 1.274503445999360451e+01
1.214544116671494978e+00 1.186882388485214079e+01
1.589483220933219698e+00 1.513572277380568210e+01
1.218399333055946165e+00 1.233111125860771473e+01
1.792989576714604016e+00 1.481111718469386673e+01
1.332444109639653984e+00 1.247370534570334755e+01
1.076322237248410474e+00 1.121234383928591072e+01
1.249570870675080991e+00 1.262991873944852372e+01
1.568949684595112748e+00 1.440389191915187084e+01
1.183593504004426533e+00 1.086301869891010874e+01
1.120786247838683636e+00 1.128309515593195833e+01
1.298110674936276077e+00 1.248155155282783113e+01
1.313986874770273428e+00 1.185853440474209997e+01
1.522828418912236526e+00 1.430339577394972039e+01
1.111718764686427052e+00 1.110299114770652729e+01
1.101877622526378442e+00 1.140008532091728810e+01
1.355917617252039520e+00 1.224749471147126556e+01
1.005407661833178867e+00 9.973110279832017255e+00
1.335732590171650580e+00 1.446989158430394440e+01
1.271642538941670564e+00 1.191265705717460754e+01
1.437652967427276440e+00 1.324072243264730631e+01
1.414116228931246333e+00 1.507753769769970731e+01
1.043992235932942769e+00 1.018685027704348123e+01
1.127742543163992472e+00 1.076858355425113167e+01
1.218682821003992611e+00 1.246983519027915577e+01
1.434484083556747613e+00 1.515580190649106029e+01
1.200022734699955906e+00 1.049995499207473770e+01
1.039549016485265209e+00 1.022785945314889133e+01
1.384195318122160900e+00 1.352135125949691385e+01
1.233189408825773548e+00 1.459432626324527860e+01
1.052284527644563150e+00 1.123157530340718324e+01
1.503377182945167423e+00 1.259811783663063878e+01
1.151758238626580555e+00 1.026563728331838021e+01
1.392930030152346621e+00 1.359894015401767575e+01
1.364111859492965761e+00 1.345293253417231227e+01
1.158777006930980402e+00 1.144008095652418433e+01
1.348578245431466982e+00 1.288714228008213070e+01
1.191525734465259001e+00 1.096745851787638593e+01
1.057771789896433834e+00 9.995510276366118774e+00
1.030936638595771226e+00 1.036983882187440642e+01
1.607204478570844364e+00 1.429287700078955226e+01
1.484693657012131407e+00 1.316934847083170723e+01
1.584572189041548729e+00 1.493101108941921140e+01
1.458088157889802616e+00 1.383419225686825627e+01
1.313228992829060138e+00 1.228796232906163510e+01
1.106183769203804790e+00 1.021365613985900467e+01
1.027593240917359374e+00 1.001479248225572860e+01
1.149988372715228468e+00 1.136811540000609710e+01
1.406718386618953875e+00 1.376972294381443618e+01
1.374753222036289024e+00 1.183702825690364691e+01
1.462113794443199222e+00 1.248177814284009912e+01
1.186985235264552685e+00 1.324717960077762058e+01
1.127063764365484833e+00 1.087532747497542296e+01
1.399935106314991184e+00 1.512773975470565091e+01
1.544661865215111618e+00 1.389866902600205378e+01
1.291090770653493758e+00 1.237412424064990546e+01
1.491002773963980843e+00 1.379963682477189835e+01
1.299651364280308030e+00 1.156336530444295363e+01
1.328102702400663748e+00 1.533169417325217054e+01
1.094675840789447907e+00 1.134247203823136907e+01
1.254989137445522873e+00 1.292504645689403731e+01
1.173652506736952095e+00 1.134911503130491894e+01
1.312207183424962675e+00 1.337947533271451306e+01
1.311189165422874670e+00 1.219799635910041857e+01
1.157551637986268478e+00 1.174180537911277433e+01
1.266665811606999092e+00 1.260578722294842535e+01
1.413407343020578910e+00 1.274809128892027488e+01
1.216893557853006236e+00 1.093118739257072569e+01
1.493627601098769020e+00 1.346357724040603898e+01
1.270376946921504491e+00 1.202487941113448322e+01
1.151387937583624010e+00 1.240622723917633330e+01
1.337429479514399278e+00 1.254189752709347871e+01
1.414034409384076429e+00 1.221452487597790793e+01
1.690838106450610168e+00 1.548198008750380694e+01
1.053651828471766638e+00 1.155934187648431255e+01
1.355677559880527072e+00 1.224960458657596263e+01
1.179903109119686544e+00 1.215587053095079284e+01
1.409145807741943202e+00 1.307960410505547699e+01
1.062853101912197840e+00 1.013661371017085600e+01
1.143991906614790999e+00 1.076428305824782328e+01
1.090120476559686802e+00 1.243549164890747250e+01
1.137941920369963666e+00 1.197359089082413597e+01
1.401112914979946833e+00 1.437261740315088332e+01
1.088941462107635871e+00 1.250427137836464908e+01
1.127712364160890157e+00 1.141185153485418269e+01
1.518727590661896665e+00 1.529611736755835238e+01
1.257059244640644557e+00 1.331696601078817110e+01
1.535969767843668343e+00 1.445975206065780228e+01
1.260332192160252607e+00 1.224219074827138343e+01
1.527323296914633755e+00 1.417998669420434865e+01
1.560129612736096849e+00 1.469231075729325653e+01
1.400030191965858650e+00 1.311325414709396142e+01
1.480372219441753456e+00 1.409075541430707190e+01
1.538881199750112394e+00 1.322889070586893823e+01
1.295758258869823543e+00 1.248798174389702353e+01
1.384503922639811702e+00 1.460978711650312079e+01
1.076883422382859168e+00 1.260508609629768628e+01
1.140693230678545333e+00 1.092152092866978563e+01
1.615687163645108892e+00 1.522401430538141653e+01
1.148199849382551152e+00 1.074369195547951961e+01
1.350298901780541794e+00 1.211225994234224856e+01
1.138214568938952231e+00 1.106184289871683823e+01
1.216926377302190776e+00 1.290406104244820540e+01
1.210929289311546864e+00 1.141932152842533554e+01
1.346520678895297696e+00 1.175329096702517617e+01
1.181394950606687422e+00 1.182374762599573259e+01
1.460366847645335531e+00 1.341037623143797575e+01
1.176263902671925043e+00 1.171456698409928343e+01
1.390449874403806074e+00 1.294367778229070254e+01
1.364247192853386581e+00 1.188506368956199921e+01
1.172128072210172567e+00 1.059323090126314781e+01
1.201187506094145707e+00 1.231486908214755438e+01
1.160419535285412751e+00 1.278012244811915465e+01
1.186987329594227258e+00 1.128568054430150980e+01
1.335629647729888791e+00 1.299943225820116766e+01
1.586309218472187865e+00 1.497667696026149997e+01
1.283073930024499765e+00 1.124565787896429114e+01
1.388578358278322655e+00 1.204430346119326067e+01
1.624669376633388396e+00 1.452975048737015840e+01
1.699024718999368577e+00 1.510095038492647390e+01
1.302368702440964254e+00 1.260823403173317914e+01
1.341013337022597396e+00 1.235537914633885137e+01
1.142329424357860557e+00 1.065178597599478039e+01
1.063500765437768170e+00 1.197329231880797806e+01
1.287140269088126621e+00 1.379620927369061434e+01
1.346017015188898824e+00 1.339846204197302981e+01
1.265337544283644977e+00 1.122415963495637214e+01
1.189641188143723216e+00 1.130026481789355586e+01
1.257501511692527663e+00 1.234744326375309953e+01
1.606326226908904697e+00 1.450896629592504539e+01
1.674060877859230301e+00 1.515329121092515763e+01
1.468251296255332017e+00 1.375175092224274565e+01
1.615632809619095944e+00 1.460129065034910667e+01
1.222185509156654248e+00 1.175244805230319400e+01
1.352443055567344787e+00 1.325778976939876230e+01
1.656043194286444642e+00 1.514326098299699552e+01
1.218548441552817385e+00 1.146911642069289528e+01
1.575794705461731393e+00 1.518137734121611260e+01
1.375435575405505428e+00 1.465856340116236822e+01
1.043318147861944878e+00 1.139038124013847408e+01
1.006959999740715705e+00 1.007682097009753441e+01
1.500372612832737929e+00 1.497814926778533362e+01
1.192881784303626125e+00 1.230354693260619214e+01
1.228074341228978072e+00 1.172975907468527268e+01
1.052666594942588851e+00 9.784164462267941786e+00
1.388072538972880521e+00 1.250135843240520472e+01
1.138358650939206740e+00 1.240793983147836954e+01
1.199013552322113707e+00 1.090626664559777836e+01
1.049758211290606980e+00 1.074120543918160742e+01
1.317303642288265797e+00 1.402798836587478704e+01
1.652754667492600582e+00 1.527232718665097266e+01
1.112292050166819646e+00 1.213397165546560075e+01
1.783494461506679674e+00 1.567546417252930269e+01
1.244004294229088980e+00 1.351899223452756615e+01
1.006743167643512793e+00 9.828439795244735322e+00
1.674116499388151880e+00 1.573890389328849082e+01
1.259837277510644782e+00 1.105366763408666131e+01
1.376696286285687965e+00 1.197502505852660093e+01
1.273913306860708028e+00 1.181612341523980092e+01
1.111388841814018091e+00 1.175654719994385111e+01
1.339890570440594564e+00 1.234176863433613747e+01
1.647880233647961656e+00 1.411603839263857907e+01
1.222255613887080372e+00 1.153449402400834067e+01
1.538073881528809750e+00 1.545053871910529608e+01
1.371602604200118369e+00 1.163892636982944140e+01
1.474089176941065782e+00 1.338099176687535419e+01
1.150444512370149441e+00 1.234245433025726157e+01
1.404680659730300984e+00 1.228924225942110127e+01
1.468619183189236121e+00 1.321803585398896175e+01
1.223254155102410756e+00 1.310407511771387234e+01
1.546247841098367992e+00 1.348630110628854695e+01
1.551686667948728893e+00 1.341130848816739629e+01
1.431869869818177987e+00 1.483062795313551874e+01
1.677850423910058231e+00 1.561458137732444840e+01
1.227129471623751078e+00 1.210707708340192390e+01
1.044645611739879687e+00 1.098964538127298241e+01
1.321400434093545906e+00 1.205572257163506578e+01
1.239334440429806561e+00 1.302575341650814877e+01
1.372423876703612766e+00 1.273573948810546241e+01
1.241830115330712525e+00 1.082673843469374830e+01
1.433619585158546705e+00 1.380840041798408180e+01
1.216303201091446295e+00 1.085646885852013455e+01
1.248969982980303373e+00 1.161560837383501088e+01
1.200941951001938568e+00 1.136638714955732965e+01
1.376931386786239830e+00 1.235046174859314050e+01
1.507445023635168413e+00 1.421416948170606176e+01
1.399374626861492388e+00 1.240614523075927700e+01
1.474565338719533436e+00 1.176980959523028858e+01
1.312439102456092854e+00 1.229727206050778676e+01
1.485148543195069282e+00 1.337302675344117731e+01
1.067870258468898603e+00 1.088709699982142709e+01
1.387817798981150874e+00 1.211468587094212346e+01
1.270704956033061439e+00 1.126186578836225038e+01
1.606479745970609052e+00 1.388108665188468294e+01
1.625943343707216382e+00 1.496480445568108664e+01
1.123261061806666516e+00 1.066524430321583949e+01
1.119581416889364966e+00 1.035608069938467679e+01
1.330273875881727852e+00 1.160739541863942215e+01
1.002745438978130288e+00 9.989613059618241309e+00
1.384483907819243909e+00 1.211926135226243417e+01
1.361322940536480619e+00 1.226492400350845458e+01
1.259596780862756393e+00 1.223006313439095827e+01
1.163065328172599777e+00 1.226974137667134812e+01
1.291458244789292165e+00 1.162736516332287806e+01
1.673798805030116021e+00 1.451245668119468846e+01
1.709707149708274976e+00 1.583574238365818232e+01
1.318077848651178385e+00 1.247699985454711324e+01
1.587432183997822932e+00 1.487410932213973069e+01
1.194325779380263297e+00 1.071381492439674687e+01
1.067470373304278741e+00 1.263918009791984787e+01
1.145102988347447948e+00 1.109878929389378932e+01
1.657114789536770161e+00 1.555561486517919079e+01
1.387979438601943505e+00 1.264663780961231510e+01
1.190258265311790353e+00 1.154247668348695299e+01
1.092473961214274425e+00 1.047106427800004980e+01
1.090011441083091226e+00 1.166027343563478524e+01
1.140527400796633062e+00 1.286162818116990891e+01
1.465479248408022794e+00 1.411832161508423766e+01
1.121917377174627806e+00 1.149774800520881257e+01
1.128638461978358931e+00 1.021700188940917542e+01
1.388392679086115855e+00 1.356849651826977166e+01
1.175099920211733373e+00 1.158855926240825340e+01
1.058171646662759757e+00 1.065603458477064969e+01
1.368742718974494510e+00 1.334242366510081368e+01
1.309971849344918615e+00 1.195140789619128441e+01
1.306388891870333469e+00 1.115552651504238568e+01
1.181698452841845715e+00 1.086960710255359608e+01
1.291309675071296015e+00 1.218002857866890842e+01
1.186150598713736404e+00 1.162536381726512502e+01
1.222172883615957772e+00 1.199151644711020914e+01
1.269377987999567026e+00 1.227800503305840252e+01
1.340374807717759076e+00 1.182762106536610247e+01
1.232846217727749938e+00 1.324195640551597108e+01
1.232415124636246917e+00 1.162546065636055026e+01
1.448437034687503511e+00 1.329755748817638050e+01
1.297039754869755868e+00 1.322385761485354649e+01
1.342447540025895947e+00 1.345919071280270529e+01
1.581251868855590104e+00 1.371744548589845536e+01
1.281256039758159382e+00 1.106898364267978963e+01
1.332285738477557047e+00 1.537982428731027440e+01
1.146448245500579555e+00 1.156647344387608811e+01
1.197289581598586672e+00 1.085408901720889396e+01
1.327934860897538982e+00 1.351686171936646730e+01
1.274945846205705058e+00 1.394688787348801284e+01
1.065780553349603643e+00 1.109689907863290159e+01
1.095680972298903599e+00 1.104601759276824779e+01
1.219776128301210072e+00 1.066892965772147406e+01
1.338938048485600607e+00 1.375226615748704617e+01
1.332647503131766609e+00 1.169331079815263408e+01
1.596914318259563093e+00 1.518287103752496847e+01
1.157521225951333443e+00 1.206821173823539084e+01
1.411274517592660649e+00 1.449018444139817774e+01
1.190531379662727485e+00 1.141184572819026855e+01
1.230029677135223265e+00 1.245170039660614236e+01
1.490321895521490525e+00 1.309072277872375167e+01
1.400055458563104427e+00 1.274189542995424418e+01
1.620125854515392483e+00 1.421946323306401894e+01
1.425860502008768904e+00 1.342773621689008934e+01
1.155366214732344021e+00 1.045885868936672480e+01
1.515552816602631303e+00 1.474884100896203520e+01
1.220091525593601567e+00 1.131499874432548225e+01
1.524474299435647939e+00 1.328727022367056776e+01
1.479064524015463178e+00 1.271464626840170808e+01
1.223689588540507467e+00 1.091435797024168863e+01
1.096296573898904114e+00 1.019046592927912442e+01
1.712298547474531141e+00 1.497953506422767234e+01
1.136005842052334680e+00 1.192510204772550431e+01
1.135493679535343858e+00 1.111129346936338536e+01
1.268268453737057877e+00 1.213155482774577720e+01
1.140520879726572234e+00 1.051039643038561877e+01
1.515724567023195135e+00 1.344433149448571285e+01
1.203041123528100442e+00 1.286383869468965102e+01
1.295177973680975203e+00 1.405086143890578398e+01
1.426836011214553057e+00 1.277533764594817711e+01
1.070570910591411851e+00 1.008155073386054923e+01
1.227730270622445330e+00 1.171868578707804431e+01
1.251672190080747038e+00 1.373610908983708256e+01
1.379851024189814090e+00 1.308691791961800277e+01
1.061961093184477178e+00 1.115213223959509392e+01
1.093101522616732435e+00 1.204835125269348950e+01
1.273830229377503898e+00 1.138066580185590126e+01
1.563079350534046785e+00 1.447328101837792858e+01
1.178831080809100929e+00 1.092383988539766015e+01
1.258197335017957830e+00 1.152544971614285885e+01
1.265974908185748760e+00 1.220369392848424361e+01
1.440071213460839772e+00 1.539032390083009716e+01
1.059915681838334844e+00 1.001798671478523772e+01
1.381942806762731735e+00 1.260177956595135029e+01
1.339719945608903284e+00 1.367320857852552507e+01
1.065958923594121588e+00 1.151913206659530431e+01
1.487784937191926726e+00 1.340088123766795292e+01
1.398625450855344399e+00 1.256707791506136473e+01
1.039017828558703505e+00 1.023002754488062216e+01
1.401714685402891458e+00 1.298130569504926157e+01
1.115313952534668918e+00 1.013487909019537980e+01
1.329951066313479258e+00 1.170935763010566433e+01
1.458313259591743849e+00 1.311103699062560324e+01
1.023883629674491758e+00 1.021539679084092000e+01
1.118282386785897753e+00 1.043436678282894192e+01
1.498289285954542915e+00 1.349467631499632247e+01
1.717138046022170794e+00 1.543681263595001951e+01
1.193012700764192857e+00 1.170552290516704552e+01
1.265254349805561285e+00 1.125997283182240061e+01
1.192798714174601038e+00 1.173539661077444052e+01
1.496063922353716436e+00 1.466074967893036529e+01
1.268001379235048853e+00 1.215552652699231828e+01
1.170255310668055548e+00 1.100827794121459924e+01
1.362723513628423255e+00 1.171752302837584381e+01
1.290646138072105487e+00 1.299971044851945479e+01
1.179592093367311190e+00 1.115298550915249720e+01
1.515343101838760198e+00 1.334388058172596558e+01
1.383190782993063195e+00 1.385973265779252728e+01
1.112883429481259956e+00 1.074801677402310318e+01
1.052349332651617786e+00 1.123322874316509257e+01
1.527705728150002384e+00 1.480785982953440438e+01
1.323698715798772740e+00 1.202692436624318439e+01
1.200429156216329840e+00 1.162193957435792768e+01
1.447567923545320712e+00 1.303777722660114335e+01
1.426248398145076202e+00 1.449292000035170247e+01
1.430744811796703209e+00 1.410357128534184312e+01
1.039931996660333979e+00 1.051712416853135323e+01
1.378703668914829095e+00 1.247655527976495549e+01
1.343530826841515591e+00 1.263903043337135657e+01
1.323868771153461354e+00 1.248930427748132743e+01
1.028161963945740442e+00 1.050889868250978765e+01
1.120079606226053182e+00 1.059762112692625813e+01
1.238060646284955713e+00 1.235861066464419622e+01
1.318968041692301085e+00 1.184000261623689276e+01
1.078987219811589959e+00 9.619451049159788880e+00
1.234642543528112091e+00 1.072432526868472991e+01
1.421764727999612621e+00 1.402584357812801130e+01
1.192716322658074368e+00 1.183641830071674050e+01
1.345073421175547734e+00 1.250493340042655888e+01
1.309827607401082838e+00 1.178220181159109359e+01
1.208442764659106716e+00 1.081475756678659295e+01
1.314191452498340684e+00 1.229928383392631197e+01
1.180142766057107773e+00 1.098485525495341264e+01
1.430317719717058456e+00 1.265630563756188565e+01
1.240626603167438891e+00 1.463743341479755955e+01
1.158073927684693860e+00 1.062429996684668865e+01
1.305783835700215834e+00 1.207951214053064604e+01
1.429718584095105660e+00 1.342458904936854935e+01
1.063416820452347755e+00 1.040317087248721961e+01
1.160012343646554811e+00 1.085223657941273778e+01
1.450717679604023091e+00 1.345085089866042338e+01
1.187120925253468462e+00 1.111131551468395351e+01
1.308584705738675025e+00 1.247407404829325728e+01
1.095920641375243365e+00 1.057356892156288453e+01
1.247357895737074118e+00 1.124206343309511169e+01
1.259476044859799027e+00 1.403672218047858422e+01
1.333559698249334735e+00 1.232373290114211706e+01
1.148653022451838090e+00 1.113306553369191576e+01
1.296958531198225240e+00 1.184124221007295574e+01
1.453070681950872522e+00 1.362125237422894486e+01
1.116782522304933689e+00 1.037797315799712905e+01
1.069005041024348568e+00 1.018578705359045955e+01
1.367447202622814606e+00 1.293617164771900008e+01
1.118575403486065989e+00 1.043862824795865762e+01
1.136869163688019269e+00 1.196421163826562051e+01
1.223152829172164946e+00 1.175731914021230473e+01
1.342191671908315564e+00 1.190410475997781603e+01
1.269190578919842327e+00 1.219665789120894672e+01
1.490928180396424496e+00 1.311658172706611936e+01
1.010532586140434841e+00 1.035762739474168548e+01
1.104173965764312815e+00 1.195292415116050577e+01
1.634266074498494703e+00 1.424666570107176256e+01
1.046429450692393015e+00 1.089231937315443233e+01
1.419159436555530673e+00 1.434114609378432448e+01
1.355099435090410864e+00 1.419575604166883309e+01
1.002551658783404687e+00 1.073417804914648954e+01
1.218923313664264985e+00 1.143727252446469222e+01
1.470294998701176858e+00 1.239532809986928896e+01
1.510184804839668438e+00 1.473378847344845255e+01
1.163618176122695136e+00 1.138730913418517332e+01
1.025054484377987185e+00 9.473805470292569808e+00
1.067014335681940151e+00 1.039770399086220110e+01
1.112325025522313382e+00 1.041196333556216658e+01
1.013847696460479231e+00 1.107102015967286768e+01
1.503757278846329815e+00 1.369461958511360322e+01
1.176655701380137087e+00 1.189787855006573025e+01
1.597516615128079520e+00 1.485565976612105388e+01
1.496826753258677423e+00 1.444711396919096202e+01
1.205726648716325400e+00 1.245450765180429542e+01
1.416868025410243703e+00 1.233014468149772469e+01
1.240322868464296846e+00 1.118445462421889758e+01
1.073505443685933258e+00 1.091218829959904291e+01
1.406585473762952621e+00 1.317350045698442074e+01
1.305119500600489424e+00 1.135581863750535092e+01
1.044299028838788779e+00 1.102400700274618828e+01
1.198698433400957164e+00 1.217697973380408527e+01
1.072978003066100472e+00 1.127723914940779615e+01
1.364034594299975645e+00 1.299656479965162958e+01
1.543105838812568242e+00 1.399997161900761000e+01
1.387530411719297030e+00 1.366879261442348081e+01
1.061609033848235795e+00 1.019721846940405996e+01
1.393205297479793492e+00 1.271633185161025281e+01
1.305892081189865106e+00 1.182955460895213307e+01
1.443228786527279262e+00 1.355511126406845079e+01
1.354487471493015960e+00 1.291250009886671890e+01
1.151057927957553240e+00 1.048595938293938801e+01
1.134157199015103590e+00 1.175955419583428530e+01
1.419017604616823025e+00 1.288826950239953817e+01
1.355230535817907311e+00 1.189343865186855353e+01
1.135284112244353549e+00 1.085311319130376972e+01
1.480733591667264815e+00 1.364161142067204935e+01
1.261425267570090547e+00 1.252921759703828997e+01
1.328843390070243657e+00 1.184348492144040321e+01
1.261326859964322589e+00 1.159454633253361777e+01
1.278680375059435992e+00 1.211797462685681737e+01
1.191048981327234246e+00 1.167133967501839820e+01
1.359228098034810372e+00 1.153080861526659717e+01
1.352684706748383370e+00 1.229047546483685593e+01
1.200062817120190362e+00 1.391235801682822171e+01
1.228805365090031687e+00 1.157974670460205857e+01
1.542836950564453025e+00 1.386455754128807882e+01
1.514049186042319306e+00 1.346775175457975493e+01
1.017827041646629294e+00 1.010842974425489160e+01
1.335593055069639323e+00 1.306990752649275223e+01
1.140210896548208730e+00 1.308838954916646102e+01
1.184716912687030721e+00 1.053158967384434064e+01
1.189563052667526710e+00 1.209150696246878454e+01
1.547564231557740255e+00 1.543728310872214493e+01
1.029994490531926044e+00 9.920383359105915844e+00
1.324644822255474752e+00 1.143740536237376659e+01
1.217180036073471472e+00 1.127520065563619411e+01
1.296413499525294721e+00 1.220677466094249652e+01
1.229407146584404531e+00 1.194519535927485521e+01
1.303982688527455913e+00 1.313726390609300054e+01
1.403112088454892215e+00 1.327400338524290291e+01
1.257410051388128780e+00 1.201255138374567366e+01
1.531875537791980157e+00 1.435053232569312698e+01
1.155316533028606374e+00 1.198088551519198930e+01
1.164211847093444607e+00 1.173604808438411062e+01
1.502830492309623622e+00 1.493124996049652964e+01
1.314528161699598741e+00 1.181883982435855529e+01
1.438405255200843946e+00 1.266398711745162942e+01
1.324083919229871675e+00 1.313801201255576245e+01
1.481372107830650542e+00 1.466760219479334637e+01
1.149478693034348797e+00 1.122920492743456222e+01
1.311471845559427862e+00 1.353611825350531106e+01
1.456166152814771131e+00 1.372577188119183234e+01
1.170712848040124099e+00 1.100992508243185775e+01
1.554256766940090184e+00 1.407183058229720629e+01
1.522148122378069734e+00 1.359760302966281387e+01
1.516209153997510439e+00 1.494483777678305714e+01
1.234769484648113647e+00 1.313658648100753012e+01
1.218736399101063794e+00 1.198875454685600417e+01
1.108944350047492700e+00 1.143134197576806166e+01
1.392053370832924575e+00 1.337152247659514259e+01
1.237918713630410394e+00 1.342632495403869441e+01
1.394421620963581798e+00 1.412090058723368102e+01
1.350743812442042557e+00 1.346440602800433339e+01
1.307361695533571844e+00 1.243561004099553458e+01
1.104758622394741208e+00 1.045186850180583527e+01
1.137339804112151853e+00 1.061846567018286791e+01
1.320095003366920094e+00 1.329226876678543690e+01
1.569644134518669354e+00 1.389919366826016756e+01
1.116029243419207617e+00 1.043512029395587071e+01
1.540884582334997921e+00 1.414818130748907876e+01
1.037936859349665619e+00 1.104815721129543604e+01
1.285313967926399847e+00 1.244521247625345950e+01
1.199727482434659098e+00 1.167084071161801972e+01
1.660329893963388148e+00 1.546324153845596783e+01
1.220281726303687586e+00 1.167722100224876414e+01
1.158357295350738614e+00 1.275970222658076025e+01
1.151046485750134352e+00 1.140486281245332201e+01
1.195616583404004674e+00 1.200814867483331483e+01
1.312551004741119520e+00 1.304145706167703267e+01
1.419428422646089594e+00 1.307490154670959726e+01
1.300471037147713504e+00 1.239742627205830772e+01
1.208559010719025384e+00 1.225163332837766106e+01
1.388923102977334345e+00 1.351866111326319242e+01
1.605834020714066446e+00 1.337407903573260270e+01
1.377069016741463203e+00 1.290783969226083272e+01
1.530277661128806255e+00 1.459580583488386551e+01
1.517143476374225308e+00 1.344118404539709388e+01
1.159254671381550583e+00 1.216614386582918783e+01
1.293434925745490904e+00 1.168486903569314350e+01
1.392085856357321294e+00 1.185428222893179750e+01
1.621258535394478395e+00 1.403077596401839244e+01
1.266210464961267768e+00 1.238406160171546233e+01
1.253251072058262583e+00 1.182850867914605786e+01
1.140449248968568696e+00 1.116058825423916190e+01
1.083276719966338009e+00 1.113233603251640247e+01
1.292060805520521161e+00 1.261523148398723393e+01
1.140800641340726784e+00 1.194730801668012532e+01
1.555577311620950809e+00 1.546624718177233859e+01
1.457405009433784482e+00 1.263839869216307576e+01
1.318749863754929086e+00 1.467829227340410725e+01
1.125103602018666438e+00 1.170816229107866135e+01
1.351739879466495431e+00 1.372022302466943700e+01
1.023938070501584141e+00 1.103616339879746988e+01
1.486516084342998756e+00 1.333714900836420725e+01
1.266620973217205792e+00 1.349988290463844365e+01
1.572293047280925116e+00 1.323099674676215898e+01
1.234921976970786650e+00 1.138347868844704358e+01
1.420287647370239714e+00 1.238154097340165194e+01
1.053101387934900490e+00 1.071149986394093290e+01
1.356725760339694276e+00 1.209602599595891448e+01
1.125180942631136327e+00 1.140425129314081687e+01
1.573410325103485219e+00 1.416081602418782381e+01
1.152631745469489433e+00 1.096741674400315247e+01
1.398821685805045067e+00 1.430076235593515932e+01
1.512510234414622401e+00 1.337752864520089346e+01
1.480765009707597502e+00 1.276300368047646216e+01
1.131017426478238885e+00 1.171992644505453640e+01
1.089133352127629628e+00 9.862478570359982655e+00
1.193610604480344506e+00 1.186953584356684033e+01
1.287344139501827911e+00 1.282963262001188198e+01
1.182540242725180102e+00 1.213169747799408427e+01
1.325900250044981465e+00 1.185303160951549550e+01
1.261169304172463201e+00 1.152276041498960168e+01
1.293661691807476588e+00 1.151456630338238263e+01
1.148650318082496957e+00 1.224155512166182902e+01
1.226789502672000598e+00 1.258286795291184035e+01
1.446608689304531348e+00 1.405192167192362618e+01
1.293331281886544337e+00 1.230650329896377215e+01
1.239742404400974607e+00 1.447373576706410603e+01
1.554337013718754434e+00 1.544452734461226484e+01
1.574731118089116144e+00 1.526505061552036224e+01
1.196061520950523205e+00 1.380290543561018879e+01
1.367584872681840258e+00 1.223223222389980336e+01
1.272480592856928938e+00 1.140860300492529511e+01
1.303894625173805277e+00 1.220825901623379650e+01
1.322428913554205776e+00 1.300172249232275590e+01
1.090802197693941045e+00 1.293512593603595562e+01
1.287334142086809408e+00 1.132439871967408429e+01
1.396496962980881662e+00 1.374798089714744620e+01
1.524284856060922788e+00 1.325483330374996527e+01
1.319565258714414879e+00 1.220277880665975090e+01
1.206063827543178979e+00 1.196518906070643951e+01
1.155065886790088703e+00 1.176221149076654093e+01
1.177972010934232427e+00 1.077510493759985799e+01
1.174017257880625165e+00 1.091685355085818898e+01
1.579314253376320920e+00 1.441731063165403626e+01
1.275037189401648119e+00 1.393024141366770863e+01
1.127810666420506536e+00 1.142156714463662937e+01
1.270627618691939631e+00 1.311738724810829027e+01
1.249918413678455131e+00 1.177271322808053000e+01
1.212960910706098350e+00 1.203288769358418442e+01
1.225769473887720062e+00 1.168927956048325356e+01
1.348675607702142676e+00 1.204132603595513018e+01
1.260942219058609925e+00 1.186118220418154223e+01
1.196258604280508120e+00 1.215908622645736514e+01
1.081899652564960235e+00 1.116442626157859763e+01
1.328422941467271245e+00 1.134362979761520407e+01
1.625357679364950680e+00 1.499703586446826620e+01
1.053387494957911619e+00 1.108734325337023918e+01
1.541355930593447665e+00 1.395909137917718823e+01
1.439593635726146292e+00 1.352524072199689442e+01
1.300351070030398626e+00 1.138381486666518327e+01
1.000735605633741532e+00 9.819606889473373457e+00
1.219384195640288882e+00 1.350805214461833614e+01
1.332605016343652471e+00 1.491732047164983399e+01
1.222446060292838865e+00 1.313886084492005324e+01
1.260066134452059394e+00 1.146706699045048339e+01
1.475556635823552343e+00 1.543390920820903744e+01
1.042013362355959316e+00 1.055263334347329618e+01
1.208662720852422101e+00 1.246422854222547727e+01
1.223583039881630530e+00 1.169628799920156936e+01
1.141181271838227484e+00 1.197759837520147919e+01
1.333573955370342290e+00 1.276799030626143150e+01
1.280442572520106514e+00 1.242858398816136400e+01
1.067608389928911938e+00 9.912325884125227304e+00
1.236812628590085783e+00 1.306346764972449748e+01
1.433185547867615872e+00 1.232462965575790825e+01
1.044735417800567889e+00 9.547019039942394869e+00
1.427573423744276093e+00 1.308068483129851600e+01
1.126132250875278018e+00 1.090264198672965534e+01
1.349623687106360492e+00 1.213001898560330716e+01
1.229512452855966664e+00 1.280865418473392126e+01
1.406277014769103273e+00 1.487152220300765393e+01
1.009601357614645423e+00 1.058500163872117561e+01
1.468615789617361056e+00 1.361866866990047598e+01
1.297961301732273309e+00 1.160336078265606119e+01
1.011491388607857145e+00 1.084035166999683852e+01
1.255444745373141657e+00 1.283130567098709562e+01
1.024384247717903929e+00 1.150066872065042745e+01
1.142274821702319532e+00 1.216392058287751432e+01
1.360755363782027105e+00 1.286566501040192989e+01
1.301801623240431915e+00 1.285552221330345546e+01
1.563245967121564828e+00 1.412482736472094302e+01
1.193788168087915214e+00 1.147658592196978589e+01
1.165610116802657359e+00 1.465930978338674606e+01
1.516704942051541938e+00 1.511076947528641412e+01
1.179366271336460104e+00 1.156661307219049029e+01
1.452590927143738497e+00 1.514988751435638292e+01
1.415833044765353987e+00 1.342849700666709722e+01
1.333908718664122528e+00 1.447228657901502658e+01
1.227612900932155471e+00 1.216583604158574872e+01
1.455690854702029302e+00 1.314678489668529693e+01
1.084352385911181882e+00 1.140200681617533540e+01
1.575263313834737611e+00 1.413578284950064656e+01
1.256563406002193517e+00 1.245886420298343467e+01
1.095786130802703484e+00 1.151471648940446713e+01
1.587622563495045824e+00 1.449399588260427763e+01
1.036770813206458142e+00 9.685061154779546655e+00
1.149937347646969421e+00 1.139436840937504769e+01
1.064729023776554984e+00 1.038375893546443507e+01
1.202064438408819269e+00 1.106274155327817610e+01
1.121325265523944736e+00 1.125222033088767581e+01
1.463337320433769406e+00 1.351646812447147639e+01
1.271523330106625327e+00 1.202062346759251099e+01
1.134000256194426903e+00 1.048970563079323526e+01
1.596769853819257179e+00 1.397988656775315164e+01
1.319590864253385565e+00 1.194219673925889325e+01
1.211383734792941480e+00 1.128975955867314696e+01
1.493378202460024839e+00 1.298376446425044506e+01
1.244791862445333575e+00 1.294837133429398435e+01
1.186532065834996930e+00 1.155197336984415557e+01
1.435452388920985367e+00 1.422344556448607023e+01
1.371965335328328761e+00 1.303108316976498315e+01
1.291289376985066850e+00 1.378617994876755759e+01
1.312064638531812433e+00 1.161227471124650634e+01
1.572532006652976433e+00 1.473976032707864547e+01
1.273042229730848796e+00 1.165950689778631144e+01
1.513150860315475521e+00 1.313124803019641362e+01
1.148741776062123687e+00 1.148519180356044522e+01
1.290682440335485071e+00 1.299569252970080058e+01
1.339585533128768713e+00 1.355798960302512768e+01
1.477512009130868664e+00 1.458715461031781402e+01
1.209440350128017094e+00 1.136830511333629801e+01
1.335976257252982080e+00 1.265683292853940145e+01
1.508964575357856663e+00 1.466914840628104599e+01
1.273404853977885720e+00 1.330478406008623082e+01
1.083082020793034284e+00 1.059788124526337327e+01
1.425495267474782501e+00 1.419417632131968077e+01
1.190422809284849448e+00 1.149507976117650543e+01
1.275403038807939593e+00 1.175516259920180673e+01
1.029899002569547806e+00 1.097985565752813741e+01
1.208973698413619013e+00 1.240880806865413533e+01
1.303949167431550427e+00 1.247092814229764457e+01
1.565907336525952376e+00 1.432955508301308356e+01
1.543407029329751490e+00 1.426646407517122483e+01
1.235419160540437877e+00 1.214223978549842542e+01
1.065356563276228519e+00 1.225087138162424516e+01
1.289350150790065541e+00 1.216276565395026132e+01
1.286298351867830814e+00 1.141004986245213715e+01
1.285909055271838630e+00 1.323303612854910583e+01
1.146572429430480433e+00 1.322230805389132158e+01
1.251397477579127449e+00 1.107744208140775299e+01
1.321437679733606263e+00 1.210170865560215780e+01
1.436794492413320468e+00 1.462500320725911607e+01
1.475357820793896213e+00 1.402810493715335838e+01
1.345771886363058778e+00 1.326721566459904622e+01
1.195434821763216249e+00 1.168272275150368600e+01
1.147913507120639887e+00 1.181626277295525718e+01
1.164338874846493121e+00 1.194178195622584937e+01
1.434846746424619734e+00 1.341442587640910844e+01
1.132839130424495577e+00 1.088147433713220558e+01
1.322598324280970461e+00 1.286454286365708199e+01
1.238915281775126775e+00 1.158055354672258375e+01
1.577493415326031823e+00 1.577999863403390890e+01
1.298989327492265700e+00 1.518688981006603100e+01
1.211661172186417001e+00 1.313480341979748189e+01
1.408459362855117636e+00 1.339586625318611013e+01
1.203386055149578748e+00 1.370987564910236145e+01
1.295171919105769787e+00 1.204079134106125792e+01
1.090772616342411627e+00 1.271432107552345414e+01
1.137380995626841251e+00 1.135493911870947414e+01
1.151886007809429735e+00 1.123905198005940065e+01
1.143382417857280897e+00 1.154574294216107866e+01
1.384612840497743136e+00 1.380777290746799579e+01
1.280859161107628763e+00 1.238283701501097944e+01
1.332354592655646153e+00 1.169037356826760821e+01
1.372787495604832486e+00 1.167636333125333437e+01
1.024259312097778540e+00 9.750377483598947848e+00
1.421303616080225929e+00 1.301445124396904873e+01
1.475794073748452728e+00 1.259977273753217730e+01
1.346127430501860456e+00 1.218981466309467265e+01
1.046011600193983648e+00 9.785912948327551319e+00
1.336789601303598918e+00 1.361136938850656364e+01
1.013488620434670917e+00 1.115067189931462721e+01
1.336810583255356066e+00 1.376571055333110394e+01
1.456913163567455705e+00 1.353803203680759637e+01
1.628716114592966058e+00 1.543405412281465772e+01
1.314087065651384778e+00 1.302554673759614445e+01
1.204799739585833418e+00 1.180497258850442321e+01
1.276521258703642969e+00 1.400331971550084020e+01
1.362073646257115467e+00 1.295057829808359529e+01
1.178399572863771505e+00 1.250031239258950322e+01
1.703471635019470742e+00 1.479969424019124702e+01
1.466584798963315173e+00 1.336295482360934983e+01
1.188200237339227527e+00 1.155553461000370774e+01
1.265114696487386059e+00 1.230381629773982688e+01
1.496489050750034355e+00 1.324667350807200350e+01
1.287300135023078385e+00 1.221776819115742185e+01
1.168090798177215728e+00 1.139766775902457674e+01
1.303713185765606575e+00 1.104823389483548013e+01
1.052160768527822254e+00 1.043628064832185309e+01
1.403955914439664054e+00 1.334125320626739608e+01
1.358701103336922733e+00 1.303728722717828603e+01
1.290127143572796564e+00 1.228166362458317451e+01
1.218197285175964817e+00 1.254369735252664597e+01
1.240038890991536302e+00 1.120543152596058434e+01
1.546167308310250732e+00 1.459568826314878720e+01
1.391457778171007353e+00 1.213457231014094795e+01
1.294609854258099046e+00 1.244880787504780528e+01
1.198895931020986128e+00 1.159964587263334934e+01
1.071035241607605437e+00 1.232017426081240075e+01
1.278520995584221165e+00 1.171768642920702064e+01
1.270018277284341579e+00 1.132786683779295345e+01
1.588738406923871693e+00 1.354371608885152156e+01
1.070463073285027544e+00 1.060407633862382326e+01
1.496361338523726658e+00 1.387888503100921866e+01
1.165929504977327502e+00 1.098155536946391919e+01
1.298621340316848283e+00 1.285195094075948674e+01
1.325919978783370645e+00 1.182297697062740838e+01
1.345020087330322411e+00 1.317262134620389347e+01
1.398057061427286696e+00 1.384360523077539185e+01
1.265356537734726228e+00 1.133531685274057565e+01
1.740535734186559491e+00 1.544434540355620200e+01
1.206692339301447259e+00 1.354323554423968545e+01
1.047723817762029386e+00 1.083639584843542991e+01
1.488873178997567770e+00 1.332815284858202176e+01
1.167798718881581266e+00 1.077176919674093192e+01
1.412958072564278744e+00 1.232107272288091693e+01
1.435428268457263901e+00 1.301886427526773105e+01
1.341276822264470647e+00 1.213065191413841504e+01
1.435828339592531311e+00 1.339057467624017761e+01
1.161725454539995317e+00 1.199766506774702357e+01
1.466776210680600379e+00 1.411151372857581165e+01
1.327887761196935967e+00 1.285264032564072068e+01
1.421638961641316978e+00 1.322566368300650552e+01
1.522606374212308378e+00 1.524014567571686385e+01
1.360890850969449506e+00 1.214266213855761833e+01
1.690672862439008384e+00 1.492561288085013871e+01
1.324914268831383302e+00 1.273047966463703418e+01
1.290386982903118485e+00 1.264568781959549071e+01
1.443275070710811514e+00 1.442915647329847673e+01
1.374179343550691268e+00 1.292239960777673602e+01
1.138470303288339425e+00 1.115278545233105412e+01
1.104817081560257375e+00 1.110663877178495795e+01
1.069372881396666086e+00 1.153420665758424946e+01
1.418930620138047605e+00 1.216835671318493795e+01
1.192833291895357251e+00 1.319566426742298404e+01
1.417941598215215482e+00 1.246861417101452574e+01
1.443628643794187205e+00 1.379054876699124677e+01
1.293327878688194987e+00 1.229925315121752938e+01
1.441353206396242204e+00 1.368895667484038015e+01
1.139298833629749597e+00 1.185030281309257205e+01
1.400501215755267648e+00 1.238676039112814564e+01
1.181366847757296057e+00 1.192566041390796983e+01
1.442659267780245003e+00 1.384876158288454562e+01
1.387507649997010484e+00 1.311647234230359160e+01
1.259512710941326663e+00 1.296665165830314237e+01
1.502384450344078637e+00 1.395978202562563908e+01
1.232138873706090765e+00 1.380897064082542869e+01
1.398493576906935543e+00 1.328844879365675524e+01
1.293783856214881123e+00 1.339998071526636636e+01
1.442981128936755564e+00 1.277539088106680509e+01
1.283388758132599117e+00 1.452676160995990884e+01
1.232918657802777984e+00 1.189590652279270344e+01
1.254252386308162492e+00 1.313895262637244343e+01
1.249538120093840909e+00 1.250562418431228195e+01
1.124493560367615386e+00 1.002961832042294787e+01
1.360406381246412000e+00 1.369887216063646918e+01
1.079133748619405253e+00 1.034875959857906125e+01
1.142387249303068453e+00 1.118175571998981432e+01
1.298653794937325134e+00 1.429979797885873793e+01
1.163560693648249433e+00 1.185259658274224748e+01
1.166729804744821575e+00 1.156193962481792425e+01
1.210623055843351281e+00 1.134310768135614467e+01
1.409474305870193955e+00 1.344261975022358513e+01
1.126501527182221407e+00 1.018222693815338431e+01
1.234351958757148982e+00 1.138067250643532091e+01
1.225365066292247063e+00 1.111164517301869736e+01
1.296495608908716290e+00 1.278211871028099722e+01
1.326813356512663633e+00 1.298004902947604577e+01
1.481867458266937332e+00 1.317648928261819918e+01
1.378445043038966755e+00 1.300186661979506653e+01
1.236228622132099719e+00 1.136480163965793011e+01
1.321549202354196151e+00 1.377677627849363873e+01
1.255563184881737682e+00 1.173575362397321697e+01
1.208005474438128335e+00 1.279804145703757001e+01
1.504336149360207431e+00 1.453436371187670773e+01
1.129381221410056479e+00 1.207056941151053309e+01
1.266283135480100519e+00 1.066641751459837018e+01
1.325758847339199242e+00 1.370894472002440523e+01
1.206442902313924259e+00 1.170963731504121519e+01
1.417341385811136778e+00 1.523642968747829229e+01
1.145708087859569790e+00 1.083161000094206905e+01
1.406562585398231313e+00 1.366234121213540931e+01
1.357201860928947568e+00 1.163150031037789489e+01
1.336376910588068956e+00 1.284134490903356607e+01
1.115079662640473757e+00 1.169413794208560908e+01
1.273435524993870471e+00 1.254423318073942539e+01
1.472744084635283279e+00 1.370658149375665502e+01
1.541129118868318937e+00 1.413166991216411716e+01
1.054837733435771696e+00 1.128454563400255850e+01
1.209051445514901513e+00 1.257700184447173086e+01
1.205613528580367966e+00 1.180710790749932215e+01
1.201253360457922748e+00 1.458108856776075513e+01
1.336127441028302387e+00 1.360066710453576988e+01
1.329484478611783427e+00 1.333059057232247469e+01
1.051981664355486235e+00 1.026177439625145382e+01
1.364117877331018303e+00 1.299650613161912460e+01
1.410520237549040434e+00 1.268702713759357792e+01
1.362319687198706220e+00 1.363709374506397864e+01
1.441780593002052413e+00 1.220777659213274191e+01
1.638740293387116687e+00 1.587659680329157652e+01
1.445690206687792578e+00 1.314534043246223760e+01
1.299035031335530554e+00 1.345606194894087082e+01
1.449213486469065337e+00 1.353421333708076801e+01
1.232166732794294228e+00 1.142631727909996187e+01
1.341567503966394126e+00 1.248739536396173122e+01
1.328382729165805909e+00 1.286569256955079155e+01
1.407905536129755664e+00 1.341102549489536955e+01
1.202637782913658748e+00 1.151271531470254317e+01
1.144894486750666518e+00 1.198967919195771259e+01
1.087153994611631980e+00 9.941160831905477835e+00
1.442699109158799065e+00 1.550018104991061563e+01
1.235171749538262365e+00 1.158405733449300712e+01
1.530054684829460054e+00 1.294609102488200847e+01
1.116461358045062857e+00 1.135150579778769142e+01
1.304323229455063959e+00 1.192613012555880658e+01
1.157127151701986989e+00 1.136338796412042207e+01
1.652769743594762808e+00 1.529547626865666743e+01
1.233084681192873067e+00 1.243003339273759167e+01
1.279199237120276056e+00 1.215856399103161678e+01
1.362344934650060679e+00 1.293145582567114715e+01
1.121451182823465009e+00 1.131570191363378441e+01
1.289557335681817074e+00 1.301940552400563789e+01
1.280041843165030890e+00 1.176569933914058552e+01
1.487651744295177103e+00 1.499574836101648501e+01
1.104587726268827508e+00 1.105635945141495569e+01
1.483029665544945086e+00 1.365537236671267607e+01
1.213438405263801867e+00 1.166168836917896101e+01
1.106196503194882830e+00 1.056348220398911053e+01
1.230766334534047823e+00 1.317492940955272118e+01
1.075830761773804323e+00 1.133186537126925764e+01
1.458305355936223124e+00 1.451681928486874185e+01
1.397877267940175861e+00 1.341912123080470565e+01
1.521125308262852194e+00 1.443092293309026530e+01
1.325003858482991292e+00 1.227360899109537584e+01
1.421477869330996846e+00 1.305127676844324469e+01
1.519533208441170791e+00 1.520136381184040175e+01
1.266383196089894803e+00 1.481505173487423477e+01
1.225743463880079709e+00 1.080091697784909144e+01
1.511686355234058476e+00 1.297151561381674512e+01
1.371092239111133759e+00 1.389733653429140148e+01
1.165754719316919541e+00 1.113146233945797192e+01
1.407266984933557064e+00 1.292940188607853358e+01
1.590566185504933561e+00 1.490784383892019704e+01
1.018204686791108537e+00 1.069983612458339195e+01
1.445728404097394781e+00 1.270334637674497458e+01
1.321327627631895929e+00 1.204222210197246667e+01
1.195078709564584063e+00 1.263026639732307999e+01
1.164085901707985649e+00 1.165343560610756413e+01
1.298081182418480362e+00 1.242351061699658388e+01
1.343832514416540169e+00 1.183518099288000869e+01
1.166181478283705220e+00 1.208968724381361426e+01
1.295782937034561710e+00 1.359181818080889670e+01
1.180761733831539262e+00 1.239144663994492390e+01
1.365236292964014719e+00 1.300387326632613849e+01
1.373055022636687772e+00 1.292447711871606941e+01
1.426235339998319418e+00 1.405403167864504610e+01
1.418455106589467718e+00 1.383852991677925459e+01
1.264586182036004258e+00 1.128355473893383021e+01
1.396787453781276778e+00 1.314401711761265901e+01
1.256550264296389274e+00 1.227474336512909581e+01
1.525355079078743348e+00 1.341238368319796592e+01
1.250539601331085660e+00 1.239084521389768057e+01
1.285058551484144829e+00 1.170222433424412678e+01
1.390135419861489474e+00 1.285268659049916451e+01
1.062585341659463722e+00 1.157449490233421052e+01
1.292233635005907821e+00 1.186350533344400837e+01
1.446807052113428416e+00 1.281035250632106326e+01
1.406047885779205586e+00 1.359788935150424649e+01
1.211141690721897035e+00 1.269915297088219930e+01
1.317930073115291201e+00 1.233966444236409821e+01
1.471438218357986605e+00 1.352080855096836132e+01
1.302030107487786470e+00 1.324128753172643513e+01
1.151497058653390360e+00 1.240449697607861523e+01
1.460050100866731704e+00 1.251113805497215736e+01
1.137496625115371973e+00 1.176332672171982807e+01
1.462880207466946025e+00 1.485308958077791530e+01
1.193417219693194031e+00 1.222394833427037319e+01
1.172367704031542113e+00 1.330063153703224188e+01
1.350609063309654800e+00 1.248852739036956905e+01
1.441475593240348019e+00 1.428442238776862538e+01
1.400598318132060482e+00 1.230818660771840989e+01
1.711006480753664682e+00 1.545982257267164428e+01
1.139051549003756048e+00 1.059244069381060882e+01
1.463082614634495515e+00 1.412891769810463316e+01
1.326945445680437263e+00 1.260228935567796071e+01
1.500691150189176870e+00 1.402280225104232514e+01
1.260345937440574993e+00 1.408963263485164674e+01
1.065041887695277412e+00 1.112574501395300786e+01
1.278063143731339668e+00 1.235773646216122046e+01
1.309551473369820584e+00 1.270538101219790050e+01
1.156356908814808682e+00 1.043663934249055991e+01
1.279270060741330539e+00 1.170901685446138529e+01
1.443011588921271571e+00 1.263696047122868649e+01
1.410135280687172088e+00 1.255190775552948779e+01
1.110713077363158607e+00 1.164948810670465740e+01
1.431478284935623124e+00 1.295047253230932682e+01
1.102415046182614544e+00 1.150766148149101475e+01
1.000975267420761483e+00 1.009714008391663853e+01
1.516369702204690029e+00 1.345646718300334754e+01
1.411091485682602675e+00 1.293081296756098197e+01
1.314921740330068811e+00 1.191476357331501745e+01
1.163204643544880623e+00 1.066288472063513915e+01
1.355325076713417953e+00 1.312472565641069977e+01
1.395441261031837854e+00 1.258400209777503775e+01
1.592761492567095427e+00 1.479279708761832524e+01
1.282363995302922000e+00 1.284529737988990661e+01
1.119594877530026844e+00 1.114437358704148195e+01
1.422331288112752778e+00 1.431751432921214118e+01
1.213281299026957694e+00 1.313622502755214683e+01
1.332572265828979585e+00 1.260106374901823045e+01
1.159186327672394823e+00 1.085192184454009201e+01
1.531498014405582753e+00 1.485068883951468877e+01
1.361403446478783641e+00 1.241373062258278992e+01
1.271469008166746795e+00 1.180715728159908018e+01
1.071735420649998494e+00 1.038551740865598561e+01
1.316162400950256384e+00 1.265739080565857222e+01
1.229366083755289996e+00 1.240674066853106083e+01
1.439316503315914320e+00 1.493107546932145269e+01
1.234548473922594480e+00 1.111407402133537303e+01
1.323359591252668110e+00 1.247608193933492515e+01
1.242132368855558111e+00 1.192381196297439416e+01
1.068490042291747155e+00 9.940902983898372014e+00
1.358072845469481926e+00 1.288165558719838444e+01
1.391109592190825639e+00 1.359153744308104805e+01
1.240791201534380939e+00 1.324516038863691847e+01
1.068390847051457815e+00 1.037169766669047277e+01
1.461587283911380819e+00 1.520355590695693238e+01
1.391080494644027610e+00 1.406305501203557284e+01
1.348450487669353715e+00 1.323433552485173337e+01
1.204007002887853561e+00 1.114801130254403816e+01
1.232140166740912202e+00 1.161495924958923709e+01
1.350604989419091240e+00 1.388552021933283598e+01
1.300064317069369979e+00 1.247230935146004072e+01
1.250206265969940667e+00 1.128346606779528116e+01
1.396490280730896316e+00 1.456853013699217314e+01
1.299987888297386762e+00 1.196080320941421249e+01
1.384286238471448272e+00 1.170334649884775224e+01
1.286979656793226345e+00 1.308647259582765798e+01
1.264518081397159710e+00 1.272537315855394269e+01
1.166505422173744533e+00 1.193701000618419350e+01
1.420571221989637367e+00 1.237396958626764487e+01
1.139158775241131849e+00 1.228761480870505807e+01
1.036757650383473894e+00 1.143834018341888736e+01
1.360915029570479717e+00 1.233693809448939049e+01
1.138498213674382864e+00 1.239637105113302340e+01
1.467833470780353311e+00 1.347974919159119622e+01
1.025837922132657898e+00 1.088287901259814916e+01
1.531567206892574529e+00 1.476491524079525064e+01
1.584312523965500041e+00 1.514329585719010396e+01
1.232012019038334127e+00 1.194070551078529974e+01
1.297119412479463163e+00 1.182142649131900214e+01
1.113157669288661333e+00 1.144645561458721694e+01
1.632626761005587568e+00 1.516349851989497566e+01
1.217148935424199108e+00 1.179724571571925829e+01
1.448828473424630836e+00 1.300248637521683648e+01
1.612576213694144389e+00 1.537395746916763883e+01
1.420747792269216436e+00 1.265032230303605942e+01
1.220586941724676411e+00 1.092059389256286650e+01
1.237184953021879252e+00 1.150486165617426160e+01
1.127135361054619977e+00 1.153909198859573593e+01
1.079579450154264375e+00 1.062182124497123681e+01
1.220916342080866634e+00 1.079482936310388297e+01
1.356348938425740336e+00 1.197586089290714284e+01
1.360565080342178934e+00 1.181063225659021043e+01
1.417476137192734242e+00 1.178605355511580299e+01
1.079569288564242724e+00 1.157370706288965678e+01
1.422220866652947224e+00 1.282809812656260462e+01
1.565116576040844532e+00 1.541974707618682672e+01
1.582428634725108640e+00 1.354227177197283183e+01
1.514190093423176675e+00 1.448474310812019539e+01
1.269153740884956472e+00 1.297912962585373720e+01
1.439321920602244731e+00 1.420243732244399482e+01
1.448017850954231411e+00 1.274818369994579115e+01
1.450048138834393763e+00 1.406498463150689204e+01
1.467797664997656515e+00 1.436355265023760097e+01
1.114980817059149310e+00 1.047564327460380973e+01
1.124577011014425310e+00 1.268945253886851887e+01
1.284522923817344120e+00 1.384562919911568102e+01
1.173043001675698305e+00 1.260215267750570334e+01
1.194070940385721036e+00 1.229726635366690424e+01
1.277711687049424505e+00 1.330055340076655668e+01
1.074329954828463274e+00 1.115047334484970776e+01
1.400142828931199457e+00 1.207390859981183695e+01
1.363723720106878368e+00 1.223061398854504489e+01
1.001765815088257572e+00 9.607632140615105953e+00
1.339216137608572499e+00 1.275081457871113955e+01
1.447655365687192441e+00 1.287101148253477234e+01
1.114530613136486492e+00 1.281676638469405205e+01
1.218587847630041798e+00 1.157927273919892386e+01
1.184695123870373790e+00 1.182494941083328044e+01
1.694734509851346660e+00 1.470688454993330652e+01
1.555550859531729113e+00 1.449443385540877927e+01
1.216097712850140677e+00 1.250708689074144075e+01
1.349727628152441739e+00 1.321021578512723949e+01
1.276132387734640439e+00 1.145594549338199819e+01
1.246321177707557792e+00 1.239220838823325543e+01
1.144841047951117963e+00 1.269848633656599901e+01
1.477555738314646705e+00 1.365814455446362174e+01
1.380300892047599648e+00 1.343716694790842681e+01
1.382134885070756436e+00 1.260771600620587662e+01
1.253725281679296977e+00 1.256369226970657138e+01
1.254707736169962562e+00 1.145886798502667148e+01
1.137279135378310269e+00 1.039838807696922807e+01
1.175998463267648120e+00 1.125592652079665612e+01
1.061506477726093634e+00 1.058431211390730020e+01
1.651626948861612654e+00 1.526139238878905502e+01
1.234525747587412958e+00 1.109122767752999650e+01
1.260016647374664345e+00 1.256992308064233299e+01
1.243930590032356287e+00 1.154249623805037572e+01
1.422846493272912571e+00 1.345925434351102012e+01
1.215790486565328621e+00 1.244035827104343284e+01
1.631809091521633448e+00 1.419602773119012795e+01
1.158041863349525524e+00 1.185638224069180069e+01
1.223592546743530685e+00 1.232567165257483843e+01
1.251437201917239728e+00 1.141725510547259859e+01
1.208965603246504372e+00 1.120608507622923611e+01
1.359992639802997783e+00 1.264261583652202603e+01
1.661025070088156586e+00 1.468507717260733969e+01
1.424532815020189913e+00 1.419080250409612987e+01
1.285068440393595246e+00 1.141686668325759157e+01
1.300170539478085807e+00 1.202808144496965070e+01
1.200730598225267842e+00 1.079541980412387758e+01
1.488563177144671457e+00 1.375287729823565996e+01
1.159428625937394930e+00 1.072457946537113038e+01
1.490886135774238674e+00 1.503888078420194674e+01
1.247848916445319256e+00 1.229615276090068399e+01
1.234579253020612999e+00 1.289764952394590836e+01
1.092651714726950551e+00 1.071931585419116040e+01
1.303730837048461044e+00 1.129367680255424133e+01
1.254692488571822473e+00 1.115643943950574979e+01
1.536227108979215217e+00 1.360629108679401966e+01
1.102718937218923001e+00 1.057355090284077548e+01
1.243136887817027247e+00 1.136727030455761778e+01
1.107634187593695474e+00 1.168396569216655223e+01
1.119940339979612842e+00 1.090819612526625626e+01
1.191817903890831642e+00 1.061371630495297680e+01
1.463399653179676241e+00 1.400378084016654157e+01
1.438866199552004899e+00 1.319613161178740768e+01
1.146377393680677592e+00 1.232342509679335052e+01
1.095844073196787560e+00 1.068921521111397510e+01
1.119181046904549115e+00 1.170804410031545650e+01
1.583610730678244316e+00 1.537607657474130107e+01
1.539565475129614613e+00 1.380302938234348176e+01
1.071725512842938821e+00 1.130562470183947710e+01
1.395333400879330332e+00 1.512576669620150938e+01
1.232632486814652983e+00 1.182106927862828805e+01
1.373885875940692003e+00 1.179346792705592506e+01
1.118200679882138671e+00 1.053959842166717920e+01
1.407618616393916167e+00 1.295980134619096091e+01
1.340706334260119759e+00 1.204448089303625835e+01
1.318345478236695900e+00 1.238697057536998081e+01
1.110650918407506182e+00 1.124198335617986544e+01
1.200808900545145441e+00 1.099321614028445637e+01
1.438561444475210616e+00 1.225071838092080156e+01
1.246568134720738019e+00 1.247821417224201923e+01
1.489569309720831125e+00 1.361560885953547739e+01
1.601932477047030456e+00 1.528724328116421916e+01
1.309045317078486814e+00 1.293210747666460136e+01
1.157027316702474717e+00 1.101040112243855518e+01
1.116385499561897809e+00 1.108222717329593721e+01
1.009134904741334271e+00 1.060298869432294389e+01
1.019945437151647205e+00 1.032064964866601642e+01
1.633661974394296834e+00 1.488633139144357642e+01
1.228107383374110739e+00 1.223937032641341638e+01
1.189103685679262723e+00 1.094340869773864888e+01
1.259128587008035094e+00 1.124648092901212415e+01
1.333575659106168043e+00 1.143530658947932288e+01
1.244188766433343307e+00 1.238959477545467536e+01
1.586142684060027452e+00 1.399032527710951612e+01
1.338503195967502668e+00 1.485676041073799780e+01
1.354690389750727864e+00 1.369199042939878197e+01
1.502259299264827597e+00 1.431741954429536534e+01
1.369817269284384853e+00 1.276507267461867201e+01
1.417844637097105398e+00 1.335677965125831790e+01
1.420356095955128684e+00 1.347685486817137601e+01
1.099653456619287040e+00 1.099207091414912263e+01
1.209416890034887615e+00 1.310100374950766522e+01
1.413806578468505215e+00 1.385631287948604751e+01
1.387355335118118926e+00 1.353204581745165669e+01
1.253937662547654153e+00 1.228772741516205258e+01
1.291000467245894345e+00 1.092113056678615379e+01
1.350010730116289803e+00 1.272262226517786843e+01
1.088587850106099486e+00 1.146687587530335684e+01
1.181484521041969549e+00 1.166497819003127034e+01
1.614717852785023000e+00 1.448840114724073658e+01
1.339802931794587426e+00 1.370225564492908177e+01
1.384467096850541923e+00 1.289451893511573743e+01
1.377770059114472145e+00 1.212693359411175109e+01
1.090606130458173118e+00 1.042343065702367255e+01
1.265969830946905184e+00 1.265828137598223790e+01
1.453538115344067627e+00 1.324597657084029123e+01
1.301377489914786745e+00 1.325934701172660724e+01
1.232664482931211447e+00 1.177442577809428315e+01
1.500018541371800129e+00 1.393711764940754705e+01
1.319715710437579848e+00 1.246675523710249323e+01
1.129929601370420977e+00 1.143773160224819030e+01
1.263582672603843271e+00 1.105613915071112707e+01
1.614027071218751885e+00 1.456314740638733340e+01
1.109700944608847051e+00 1.177788976177830804e+01
1.108838472658170149e+00 1.055608281553250194e+01
1.453491907907045189e+00 1.377041531864411894e+01
1.077137966725612905e+00 1.154796326767566583e+01
1.145088491216767590e+00 1.135125969432993998e+01
1.325438536977107340e+00 1.271898495220021275e+01
1.339310471936460800e+00 1.215988651164445145e+01
1.449157028273341918e+00 1.352492173915444695e+01
1.299926562063197011e+00 1.224021391688887483e+01
1.295922186847668245e+00 1.205167515383913113e+01
1.500516399781499866e+00 1.312557571898667419e+01
1.526171404160575840e+00 1.359377234639062948e+01
1.274325903807083105e+00 1.223168142966069638e+01
1.200577890288939464e+00 1.136039152680999109e+01
1.518394068696200527e+00 1.443824609343977272e+01
1.173347315411823022e+00 1.357200303329927848e+01
1.167118900696239470e+00 1.037501712061068915e+01
1.260883393133848562e+00 1.216442447587116149e+01
1.354187436191999439e+00 1.347746550437847546e+01
1.094437754137377539e+00 1.092574162369505153e+01
1.377983248653166681e+00 1.388773215137804584e+01
1.313093896451853482e+00 1.255391795727642545e+01
1.379385566299430987e+00 1.241426987053695541e+01
1.502626768463140472e+00 1.474838880922646922e+01
1.397604791860856732e+00 1.281303886991027241e+01
1.046401568665860982e+00 1.025756545321176283e+01
1.044729495552549015e+00 1.063265961621710076e+01
1.461308699835453417e+00 1.291188900678836049e+01
1.361061563131110708e+00 1.248265305181563178e+01
1.197245239006780704e+00 1.342927862552958018e+01
1.312016386907059129e+00 1.211797306594127832e+01
1.103657947261873051e+00 1.203956806484906572e+01
1.419206286994128430e+00 1.220393624925931242e+01
1.249866847225360900e+00 1.147382577811372073e+01
1.355227790413068512e+00 1.418190783908372765e+01
1.327431179742758705e+00 1.342172375603995960e+01
1.193602239978809321e+00 1.206587631307692199e+01
1.383384798499815105e+00 1.327191415891334003e+01
1.050807980586124568e+00 1.005332080908037362e+01
1.326901545675210459e+00 1.231701780612097963e+01
1.079907493184887546e+00 1.055532575521337080e+01
1.496597620003621731e+00 1.373746144726174734e+01
1.308499456155558960e+00 1.247348987732502934e+01
1.294941327611232262e+00 1.278186229530905038e+01
1.414787077548836702e+00 1.309071879817672723e+01
1.290670040578914657e+00 1.346448156887734271e+01
1.203815741848443865e+00 1.377089903626312761e+01
1.105618637246947866e+00 1.232425839530378830e+01
1.300454453301184143e+00 1.319814716026904833e+01
1.113358439868037175e+00 1.143385939319243860e+01
1.428568795258714275e+00 1.275367830294460347e+01
1.327691268929880319e+00 1.236268122746826847e+01
1.334546777910175397e+00 1.243249357742816841e+01
1.379067632813015587e+00 1.434283292237456209e+01
1.302467365473441330e+00 1.208015285866900967e+01
1.217479130592011849e+00 1.269995277360055042e+01
1.166045946376337961e+00 1.186128450254103051e+01
1.223028042387317216e+00 1.222915485055438722e+01
1.335272833648150304e+00 1.194707080376605646e+01
1.214987139094020563e+00 1.151326948213382195e+01
1.689238344772346689e+00 1.522142894915825906e+01
1.157820299469604741e+00 1.089868820194572407e+01
1.123429627463306435e+00 1.196599306568642263e+01
1.224287975762073488e+00 1.192850743191742069e+01
1.395956094851276807e+00 1.243922329102267099e+01
1.217218537688820046e+00 1.136262431249847182e+01
1.438698322413426656e+00 1.360220674701634636e+01
1.312647163392752780e+00 1.151968737417723254e+01
1.064580340442622397e+00 9.668436763645523513e+00
1.237657929784411692e+00 1.102649478262473792e+01
1.268984570248076871e+00 1.350525617236688092e+01
1.329846854304430170e+00 1.220142754525314110e+01
1.007776925107934485e+00 1.088145566936280773e+01
1.455547334308307406e+00 1.347554848841899400e+01
1.355877052358496204e+00 1.129363929830265789e+01
1.660813039621657383e+00 1.474702440240479362e+01
1.377525808392762396e+00 1.246787008194148427e+01
1.284399695100775451e+00 1.169786868958529347e+01
1.235787233207091163e+00 1.214045117213755276e+01
1.449639283026677550e+00 1.443875594298157594e+01
1.305872198651201632e+00 1.305578688095246420e+01
1.177533478304577885e+00 1.208795944851030590e+01
1.442859831967886253e+00 1.307406874795194085e+01
1.082430738139479987e+00 1.235904624495171333e+01
1.304793696540446524e+00 1.177650142195802019e+01
1.318580501231716218e+00 1.224261851359734443e+01
1.247414372520611048e+00 1.200280399635046358e+01
1.044374447495453717e+00 1.029975882999396219e+01
1.277301714704114799e+00 1.442627961806602244e+01
1.291212016708539911e+00 1.308325329610676846e+01
1.303814533820131238e+00 1.259216419140564369e+01
1.174281483247536784e+00 1.234100084571898037e+01
1.140744592831239856e+00 1.048209978718183066e+01
1.177196586401643152e+00 1.123879889940112875e+01
1.250927973577454999e+00 1.213693314847866844e+01
1.312668457711586356e+00 1.289838329787848537e+01
1.181039731069252863e+00 1.174045638689781512e+01
1.484436884462988271e+00 1.340643778883576687e+01
1.351017243642458343e+00 1.317286268997872511e+01
1.031414282640455093e+00 9.922809144683469640e+00
1.237982397214363317e+00 1.198168321353635335e+01
1.286714717917973427e+00 1.167226813169040867e+01
1.133718696724220099e+00 1.180059832672220921e+01
1.018715044810482917e+00 1.164730293903894243e+01
1.426254668300332096e+00 1.352581998748215497e+01
1.190662509457216300e+00 1.269591627072187734e+01
1.150799308756662143e+00 1.062335022323585321e+01
1.056098145670243627e+00 1.102619153338198998e+01
1.380327277108478690e+00 1.313700369159225545e+01
1.173162388533519618e+00 1.138771860820181914e+01
1.364286829536003331e+00 1.280248562951103253e+01
1.061059621566538658e+00 1.045724086628660210e+01
1.218676944962534314e+00 1.199315957999348647e+01
1.531921456071963394e+00 1.499768978482516957e+01
1.459972327688361382e+00 1.321894619540342930e+01
1.276961995485330847e+00 1.237987695644607555e+01
1.531341163883698675e+00 1.431356852954117542e+01
1.110562083596717597e+00 1.137575056409878371e+01
1.601610114082391068e+00 1.469829831583750490e+01
1.384080873235724596e+00 1.255058121020668338e+01
1.135638520612566538e+00 1.044347612919806068e+01
1.037759421038414231e+00 1.096370337068418976e+01
1.443877067246855050e+00 1.296489822145582593e+01
1.370152071031712326e+00 1.281214029102237362e+01
1.472214921821178191e+00 1.292653652168235823e+01
1.678919586782553264e+00 1.470086264252963915e+01
1.431935960155100940e+00 1.265518678687077525e+01
1.150489636711143904e+00 1.189907601627032285e+01
1.604390267316974095e+00 1.413677506179358545e+01
1.023747551398128230e+00 1.138119369272854442e+01
1.274708013525292838e+00 1.193141359217867148e+01
1.144127841497861287e+00 1.065520409878605435e+01
1.203486062001604351e+00 1.105955453675411704e+01
1.492177820175381253e+00 1.295519708442694196e+01
1.547430156232046272e+00 1.385109684686500131e+01
1.127093775454552693e+00 1.286653901838035097e+01
1.401738601685508012e+00 1.270879329123469859e+01
1.123657591805932832e+00 1.065102231166427416e+01
1.081599030322484500e+00 1.118153188915255924e+01
1.373327582823699711e+00 1.385995712952215086e+01
1.371848247859707604e+00 1.368787232001027832e+01
1.305114520576422299e+00 1.457799258187776203e+01
1.206025447682348872e+00 1.160996192958426043e+01
1.441914809752022686e+00 1.313433467816285471e+01
1.300460127433389790e+00 1.174080613938936679e+01
1.296457481299434722e+00 1.096515597124682984e+01
1.258485652211132511e+00 1.354892738399185603e+01
1.055422667375979673e+00 1.063187671441577109e+01
1.545179959302737105e+00 1.393434333444638895e+01
1.578498243876684803e+00 1.520424718370254169e+01
1.590348977000459296e+00 1.360107687127334231e+01
1.553595018802895078e+00 1.472876330065604122e+01
1.355030486830949732e+00 1.211893379988259412e+01
1.282147775982249271e+00 1.198421378486010624e+01
1.252585989065138072e+00 1.289194516874182028e+01
1.270595568015433496e+00 1.165919200537499023e+01
1.475477637286058297e+00 1.346165550646568931e+01
1.030276675459336211e+00 1.103177946124308662e+01
1.253630701902220812e+00 1.120313851450689313e+01
1.117302700546358496e+00 1.199643311697391823e+01
1.367685839994016161e+00 1.280486735007657018e+01
1.134871500840251457e+00 1.083521469986252583e+01
1.438674237450630944e+00 1.364195586701628926e+01
1.420493699930830411e+00 1.255033954614615510e+01
1.190893158755613968e+00 1.283168368802784443e+01
1.027514082453439004e+00 1.103733967952361539e+01
1.487919630073930799e+00 1.391579114629131197e+01
1.092149390108693385e+00 1.122519284116619431e+01
1.067167842753294904e+00 1.114004923227008348e+01
1.056429464808405827e+00 9.644285465251353884e+00
1.407529182663542766e+00 1.227339375274575772e+01
1.455882539200422876e+00 1.391202392464378690e+01
1.445504515100079157e+00 1.283146969204567611e+01
1.255641169786040567e+00 1.189281495941362188e+01
1.153479237752007780e+00 1.128381276749755813e+01
1.162926350033348877e+00 1.288718093898864936e+01
1.346455747916397439e+00 1.301070044887793387e+01
1.406661223865751653e+00 1.369522728597862837e+01
1.302081884227140218e+00 1.251308617123452294e+01
1.296583172826084152e+00 1.199924573250496174e+01
1.134080164348346687e+00 1.164234145831004241e+01
1.369849532103827983e+00 1.278824769045563414e+01
1.578915408353808392e+00 1.338877382965738860e+01
1.291665222442833993e+00 1.200544355738029623e+01
1.381731644051636954e+00 1.168399258031056043e+01
1.144524585527197047e+00 1.127754176548659082e+01
1.653653877226073377e+00 1.575341736912760382e+01
1.422712111965400483e+00 1.248741192730504679e+01
1.633103551786922569e+00 1.583152673850217340e+01
1.440441540871645110e+00 1.369616612331136807e+01
1.123290545486356207e+00 1.104655340442496758e+01
1.515248528778846193e+00 1.338779308102093069e+01
1.229955428695625352e+00 1.207254717018006218e+01
1.279982649707598785e+00 1.176278282547802334e+01
1.343070852088735556e+00 1.177270500878773873e+01
1.262667795195425713e+00 1.168785601354841930e+01
1.201407576707919089e+00 1.146277046493369767e+01
1.522006946697259666e+00 1.417186856648916660e+01
1.229341806191066366e+00 1.178813010905512115e+01
1.412586119041308930e+00 1.343564592917116585e+01
1.370714874659248128e+00 1.348810334026144275e+01
1.068341853949423603e+00 1.008605604299775038e+01
1.577910984359456759e+00 1.453732044326492101e+01
1.418621399538895211e+00 1.377352179921805586e+01
1.410219837766943263e+00 1.220292469419487702e+01
1.349673732935606330e+00 1.207709399531566064e+01
1.290201549272979031e+00 1.149470469929463334e+01
1.078126493307918210e+00 1.018449123205721563e+01
1.111632582397477975e+00 1.064441157192011644e+01
1.254070712244121477e+00 1.122077072289044253e+01
1.538346380827061433e+00 1.428258453538770212e+01
1.260935553310163160e+00 1.145700014403304579e+01
1.148274168651257643e+00 1.122706903578865933e+01
1.317454587941883748e+00 1.217023525133829942e+01
1.213374957207191240e+00 1.091404887411084346e+01
1.453007967611523732e+00 1.303714824390930005e+01
1.202929718413954241e+00 1.165155401400347301e+01
1.353999891450865967e+00 1.300958708232127847e+01
1.133095131751370221e+00 1.268707645709549325e+01
1.412509274842500329e+00 1.364391682340349732e+01
1.152291584533933877e+00 1.047267102600439515e+01
1.255313992181675609e+00 1.276925384961454313e+01
1.062026154012063017e+00 1.062060536535977739e+01
1.382551596129287352e+00 1.290333060424557132e+01
1.363690716755043830e+00 1.305687867729317020e+01
1.380764050228418638e+00 1.246823939311630980e+01
1.446317031688936883e+00 1.431533292464964546e+01
1.377237726336376200e+00 1.267196619172231564e+01
1.156497099848468935e+00 1.062475439843007763e+01
1.125237443279211824e+00 1.195536710809724212e+01
1.330060886201243076e+00 1.485519820295304072e+01
1.290779844699373236e+00 1.209182851619668853e+01
1.219835654670086811e+00 1.239804959572152754e+01
1.333105357159958704e+00 1.277525068490253091e+01
1.071706764723301841e+00 9.771100652317642243e+00
1.255329102088527327e+00 1.174835681575574142e+01
1.305096829743178644e+00 1.295818099418628577e+01
1.586927979231985697e+00 1.335004828524286680e+01
1.390621030323488050e+00 1.363703781524964143e+01
1.293277492666929263e+00 1.316590003238851025e+01
1.287150223806140303e+00 1.378057118616809262e+01
1.245785336629669615e+00 1.163511448886914401e+01
1.416485421235583519e+00 1.256973800964103205e+01
1.185500199694532020e+00 1.225168787289478267e+01
1.291537205463445304e+00 1.202576460796269942e+01
1.018820006331463413e+00 9.971904683516140011e+00
1.094288132138093728e+00 1.155965573002973912e+01
1.172440258365600840e+00 1.163127476700010732e+01
1.236947537962871602e+00 1.230574126257567080e+01
1.154538178634724854e+00 1.271722786333314303e+01
1.165207935760504299e+00 1.142416738949164667e+01
1.018991609648844721e+00 1.131669554520263077e+01
1.487325222261807411e+00 1.400131596500457221e+01
1.265747654054812488e+00 1.092841276805187256e+01
1.478651919639466517e+00 1.320378607115957692e+01
1.231014209644923474e+00 1.132016084445825044e+01
1.542994931811835002e+00 1.314329448840073056e+01
1.104990048155090721e+00 1.075991756521941056e+01
1.077614505198360328e+00 1.141555722622346636e+01
1.225831454778376628e+00 1.138181974986576961e+01
1.585447875766376580e+00 1.450243552854586682e+01
1.437422974559688260e+00 1.328460767398996722e+01
1.287555143774007815e+00 1.321856418426239799e+01
1.140319135449635812e+00 1.271926583951552558e+01
1.162100676228233986e+00 1.278405929274437369e+01
1.193483723573713018e+00 1.260102480924021506e+01
1.170388177170004429e+00 1.075515791401961074e+01
1.151529417922246612e+00 1.076541007306611419e+01
1.066281140818876816e+00 1.184710605364011649e+01
1.222041330784309210e+00 1.243475152023744812e+01
1.132183352957699007e+00 1.096606485871470582e+01
1.242991569290050391e+00 1.128079701073193775e+01
1.388263631978994717e+00 1.311639333934821394e+01
1.115525871291009663e+00 1.120016524041253803e+01
1.155422256066839459e+00 1.172597090167856670e+01
1.421218558999406190e+00 1.388225333005268780e+01
1.124840214436192198e+00 1.138390949518342055e+01
1.189719859458062023e+00 1.089261113078359067e+01
1.162626842113877235e+00 1.122031474084453428e+01
1.120500980018544146e+00 1.043771254423149664e+01
1.128668418141441476e+00 1.101584828630249646e+01
1.230017099265932945e+00 1.112792788371450925e+01
1.452706974713474875e+00 1.378061830686861811e+01
1.232050801490701231e+00 1.135748169911605743e+01
1.423510928383750151e+00 1.317783529744055926e+01
1.203613355875438051e+00 1.165747574542034215e+01
1.367822185134776936e+00 1.227818934017878760e+01
1.260954968261924325e+00 1.095815666155919033e+01
1.203617512167421078e+00 1.274881551526152634e+01
1.146891812864751392e+00 1.078577436776544296e+01
1.118419619086213457e+00 1.163856435610057005e+01
1.335016838478098267e+00 1.241698139504489617e+01
1.222924621352342811e+00 1.313106562702322577e+01
1.223773878294255102e+00 1.218463548889408621e+01
1.212066391989961911e+00 1.150517371158810676e+01
1.264277792224699937e+00 1.122343298816942614e+01
1.767753127758845633e+00 1.536562544838384881e+01
1.239918010296149564e+00 1.267307730638793117e+01
1.414035084096506356e+00 1.308110283852458267e+01
1.291457665839924829e+00 1.198628468936322022e+01
1.297888760184122026e+00 1.264010401968230113e+01
1.399384531450914348e+00 1.297304022335684337e+01
1.280587662436972973e+00 1.212277856026715206e+01
1.213281377452031906e+00 1.121073334045827075e+01
1.286675209849611701e+00 1.217178384028758131e+01
1.618823516694702702e+00 1.513577624100784291e+01
1.475029316533941204e+00 1.407325872239760756e+01
1.132512703391347131e+00 1.006686462554075234e+01
1.289774533371224052e+00 1.272199979487767507e+01
1.172943412690988785e+00 1.061439665866008752e+01
1.535831419735070646e+00 1.427615773991779591e+01
1.297547834537815747e+00 1.472669984167944435e+01
1.484876428459403819e+00 1.394937250778201943e+01
1.296362777924817689e+00 1.158299586393909664e+01
1.153499563010054407e+00 1.291128373698994736e+01
1.423001085386856213e+00 1.371523030764788231e+01
1.365824754049499434e+00 1.170372578390072960e+01
1.314004219931264039e+00 1.169700652940119490e+01
1.178339294265044135e+00 1.125803686628763955e+01
1.044871628953056630e+00 1.123035702420483517e+01
1.526789443238826482e+00 1.341281872291969535e+01
1.158449768759983289e+00 1.050264158620941402e+01
1.123598568209656756e+00 1.047548458110888703e+01
1.034109785840319873e+00 1.042523100050691198e+01
1.063904073021996188e+00 1.073960489707077137e+01
1.388755280124901237e+00 1.384661747751928118e+01
1.241057769589722248e+00 1.217508452849641643e+01
1.348147421905899535e+00 1.168154909330320379e+01
1.098110292144234057e+00 1.069815461211635110e+01
1.196471165180948759e+00 1.354148021015175019e+01
1.185733877915540635e+00 1.082500597247415541e+01
1.396951828014293628e+00 1.242158527066709262e+01
1.455779352319989117e+00 1.248022483002348082e+01
1.478595657116092088e+00 1.420724589395200610e+01
1.187158057328362881e+00 1.128494565655945081e+01
1.265485277837756328e+00 1.169176857197017760e+01
1.102761648634234870e+00 1.110534273222927482e+01
1.468305778145974960e+00 1.391381386547448784e+01
1.511349391541888743e+00 1.355661405700325162e+01
1.439149753429727285e+00 1.309886127928739796e+01
1.278453274929057359e+00 1.295136303418982138e+01
1.338489985184051489e+00 1.323804722095202990e+01
1.345511567077138482e+00 1.220252344627959573e+01
1.550945556849163465e+00 1.467691541286852086e+01
1.365366359180791189e+00 1.249248190690168769e+01
1.481170711045273647e+00 1.418356475297958141e+01
1.296636936289264685e+00 1.170556582408442381e+01
1.422390068823751186e+00 1.354563714194614121e+01
1.123570243240151978e+00 1.026912328627432913e+01
1.308378014076497786e+00 1.220408784981035666e+01
1.131003786667302391e+00 1.020624689800129836e+01
1.374204691756443664e+00 1.293001155152516191e+01
1.579119251556017955e+00 1.441590787455732325e+01
1.263103065409895587e+00 1.321874141350381393e+01
1.127908831422337999e+00 1.117270984377059406e+01
1.389932765067106946e+00 1.168084091702246674e+01
1.166856712372327687e+00 1.089038434218664975e+01
1.481354479894505749e+00 1.258062136088627980e+01
1.391310364668489230e+00 1.240801825254778379e+01
1.192252167166630628e+00 1.116418882367825560e+01
1.658637011754465540e+00 1.425685948799673852e+01
1.220549184859502256e+00 1.345105375759169775e+01
1.231126008031494301e+00 1.110544397371650049e+01
1.096076093769827509e+00 1.197855225986195649e+01
1.418486331784050369e+00 1.345338685407860169e+01
1.204381386829683098e+00 1.257138153008435921e+01
1.419721775193493851e+00 1.319388483028007641e+01
1.317904868013328734e+00 1.232226723418098402e+01
1.120881694537245066e+00 1.225419710926269445e+01
1.445913803788765772e+00 1.353127922801470362e+01
1.462553570334190089e+00 1.311400429169354354e+01
1.429176286801256746e+00 1.211804911935118412e+01
1.332485711565642106e+00 1.238627312286082827e+01
1.319308853355760203e+00 1.294117877787274296e+01
1.193558353156838114e+00 1.135895999133850509e+01
1.074314248846628184e+00 1.100684684976014438e+01
1.531767748572455234e+00 1.457703763331068814e+01
1.199557131767524210e+00 1.145533165762443595e+01
1.062732349687055100e+00 1.078760662690915773e+01
1.438373110558521351e+00 1.400008879080723290e+01
1.348667442265298666e+00 1.299269502266928811e+01
1.281607609791211466e+00 1.255652676958631631e+01
1.261290709867656012e+00 1.181282917920885112e+01
1.250589664705587190e+00 1.180063115880228608e+01
1.547995970474389527e+00 1.376439606297758189e+01
1.498336102366458311e+00 1.336965362657149470e+01
1.261099331841495363e+00 1.179274686800535932e+01
1.602068290653124727e+00 1.358185178228798762e+01
1.385387032914225935e+00 1.259449243332609925e+01
1.219007953660570465e+00 1.147748766745164062e+01
1.328852992759509188e+00 1.195856228300268143e+01
1.290840810530839544e+00 1.213030750592074725e+01
1.572664637794860543e+00 1.414719169488551032e+01
1.252868034005251152e+00 1.201565601744635892e+01
1.605465060190470528e+00 1.406322981640259329e+01
1.210291746539491564e+00 1.188950031769197579e+01
1.415016733530873427e+00 1.305390832000276546e+01
1.274664525125828618e+00 1.199079328042166281e+01
1.054609770005046521e+00 1.063609202904926221e+01
1.277170329682155492e+00 1.242089541402816266e+01
1.560271665871491464e+00 1.385457111460057078e+01
1.179577745617804707e+00 1.213041129435374188e+01
1.250736409743439248e+00 1.208536415749778925e+01
1.361672567123183297e+00 1.359808318129467963e+01
1.197883216170599008e+00 1.307333962790245963e+01
1.228886520062344889e+00 1.187050840803236618e+01
1.327707947212977135e+00 1.206437859685554770e+01
1.292004664350963505e+00 1.497432480096658480e+01
1.247774484800788120e+00 1.287759853355647621e+01
1.502966124790748648e+00 1.378665237810096045e+01
1.172568947483902280e+00 1.177990762246346890e+01
1.361317485689207851e+00 1.238324861898205143e+01
1.284992779030717625e+00 1.131769213201276969e+01
1.276747739915854218e+00 1.189557743835361237e+01
1.341141337523136690e+00 1.257917008594699482e+01
1.332011510249389019e+00 1.367786186516298841e+01
1.475867567695580806e+00 1.350494200018790281e+01
1.115508618222490256e+00 1.146463460184514815e+01
1.278678617074674451e+00 1.329512867551952127e+01
1.412753104225775491e+00 1.329695270290505960e+01
1.266222036959097963e+00 1.312007518446257492e+01
1.204754198700448420e+00 1.236891677192227590e+01
1.263448040909730397e+00 1.282266457950301586e+01
1.506363931526054412e+00 1.358875524074875685e+01
1.291819573076491423e+00 1.273732811803018450e+01
1.213679356013553701e+00 1.093793111683957164e+01
1.269477905181720434e+00 1.264004988262809448e+01
1.128943533816547218e+00 1.053643683051264368e+01
1.277458108447645069e+00 1.203309558935209722e+01
1.268122361385812802e+00 1.248415701357165020e+01
1.607781389938068184e+00 1.495904069225559496e+01
1.316588464459612640e+00 1.243217531094922634e+01
1.455072448374074234e+00 1.304390855490655099e+01
1.520966981546966634e+00 1.256789820156193827e+01
1.101816447713382274e+00 1.140950057278429242e+01
1.332551240026220274e+00 1.236075438739948140e+01
1.296822367862560554e+00 1.169306323173487350e+01
1.322810317933710955e+00 1.291073105228330675e+01
1.227615781358657010e+00 1.234683835682506015e+01
1.120155948840610316e+00 1.079444914826970603e+01
1.352903329232630014e+00 1.205612032548438961e+01
1.515075523747936304e+00 1.408857243565496731e+01
1.211239326329125010e+00 1.310951650829367665e+01
1.091510800556185101e+00 1.138034055501245234e+01
1.518052291789924180e+00 1.356834549347326302e+01
1.417265043059530161e+00 1.294649775262675817e+01
1.339231651875658180e+00 1.280964278585334526e+01
1.079888958835023338e+00 1.078761546155800488e+01
1.285584152275542236e+00 1.240100022397422563e+01
1.101001972435724952e+00 1.087379934315700680e+01
1.307243130974154788e+00 1.141343739284350889e+01
1.076418595753545260e+00 1.041263722987741858e+01
1.422970680845682567e+00 1.382408672531104088e+01
1.223741046163963953e+00 1.158049242025929004e+01
1.176340946151710254e+00 1.106707305885638526e+01
1.327271285855898819e+00 1.232425245816992110e+01
1.374170768028372791e+00 1.316279055247605356e+01
1.605132095130058945e+00 1.381045613205007427e+01
1.069826699518918733e+00 1.077486100458769869e+01
1.055585522756656625e+00 1.073403877582327226e+01
1.212791783449631788e+00 1.200886388127901938e+01
1.324439931982813956e+00 1.261448184407958095e+01
1.328578343587275556e+00 1.232171944571800282e+01
1.017553709070660339e+00 1.011482288165779053e+01
1.366856601311617903e+00 1.236567292771982807e+01
1.312021553289231424e+00 1.203834252122015513e+01
1.550642573475410568e+00 1.422364038325174818e+01
1.062995453469520735e+00 1.113137410624307755e+01
1.234820786482634380e+00 1.352601010905300072e+01
1.335958912134401100e+00 1.251792015811144765e+01
1.448330871923723340e+00 1.258538613524780203e+01
1.462190553509199020e+00 1.268851819940178771e+01
1.177915496643282101e+00 1.175422538839769970e+01
1.557696343827807972e+00 1.349780165094946938e+01
1.419339180814679136e+00 1.332280067890421194e+01
1.190510352169604102e+00 1.128356858156492137e+01
1.281643359814718997e+00 1.308070334041391547e+01
1.431022025671845777e+00 1.273918289418869065e+01
1.572664386547369730e+00 1.487666715155689445e+01
1.045212944809892575e+00 1.133663790298147234e+01
1.195871024021124995e+00 1.265877795447713083e+01
1.137160608626317071e+00 1.138394469204730974e+01
1.173216137094646783e+00 1.166870319704468528e+01
1.334937225409203787e+00 1.278399558328190366e+01
1.267459895579339024e+00 1.309097426934919284e+01
1.156982822334874150e+00 1.098113272328464873e+01
1.275222839523566298e+00 1.205346776804635667e+01
1.321276777912405720e+00 1.242545920142701732e+01
1.288122415396798726e+00 1.224291194780420078e+01
1.210839276232396955e+00 1.158733600635957295e+01
1.031486229645519614e+00 1.212788924722847739e+01
1.334869314680635632e+00 1.239625367121990607e+01
1.394691414131404628e+00 1.311698508594931667e+01
1.079789311247124184e+00 1.150304285457725406e+01
1.338827131830367945e+00 1.224135667049760379e+01
1.113727376742306596e+00 1.078729338787849557e+01
1.313837219222214747e+00 1.357129785190436522e+01
1.342755062194577409e+00 1.198855078342670133e+01
1.022944318465176972e+00 1.120750750515794891e+01
1.395240606919565529e+00 1.275548404204665687e+01
1.144013801351050130e+00 1.154492179709955835e+01
1.383727971331621509e+00 1.290910533454344034e+01
1.276526998167263338e+00 1.158361805318463666e+01
1.532118462866538522e+00 1.398612821608015011e+01
1.086102560098344050e+00 1.139260765174483225e+01
1.456467119912428609e+00 1.359731786182730318e+01
1.431037912005880930e+00 1.328862686359642353e+01
1.527960388613619269e+00 1.531370219739292082e+01
1.539193839836495492e+00 1.396650542562404240e+01
1.181750325230110699e+00 1.141230724072690350e+01
1.445160472997094381e+00 1.312611026688015414e+01
1.153667438468948259e+00 1.177597616603129893e+01
1.557698091478944891e+00 1.388092521566946047e+01
1.274991169683914904e+00 1.210037884928671659e+01
1.193447947849988866e+00 1.183128440455433505e+01
1.411817985346524029e+00 1.279793749853437035e+01
1.426988864855846195e+00 1.231698690960942422e+01
1.564427044024270463e+00 1.434229091585357452e+01
1.413658283906541246e+00 1.438834727649649281e+01
1.497677078287769525e+00 1.422640357682186973e+01
1.360625385462907566e+00 1.216096709323103475e+01
1.234977551697612919e+00 1.175925731520408313e+01
1.251710998231000627e+00 1.151188095706491410e+01
1.319383863449282046e+00 1.217064393768456121e+01
1.314737102338860097e+00 1.267347268331493737e+01
1.460180236100378393e+00 1.344678866948756024e+01
1.202220589624627189e+00 1.057455024858037618e+01
1.320064686649442098e+00 1.195634793201641344e+01
1.383713737245007902e+00 1.326114918191833780e+01
1.337499648293884347e+00 1.155871319004656428e+01
1.323206065414410437e+00 1.335293785005168843e+01
1.380856897345318135e+00 1.226268093970575279e+01
1.054010339022455112e+00 1.028064732145662497e+01
1.216332423202165280e+00 1.144668765684398259e+01
1.490960245644257443e+00 1.313381091446303017e+01
1.305500954716754425e+00 1.260312454107016578e+01
1.300603191029945593e+00 1.241875655675331558e+01
1.196410885756874043e+00 1.110118639566438148e+01
1.325580348641544504e+00 1.232700931614906636e+01
1.434296378036665764e+00 1.297347616746921517e+01
1.170288798141679631e+00 1.096133447840267650e+01
1.355444200382120989e+00 1.241287747188718171e+01
1.201317959437582683e+00 1.195482692105998268e+01
1.269625495958640382e+00 1.241479179633837759e+01
1.234576474182276673e+00 1.161128514176284021e+01
1.385796143681145010e+00 1.293575422715984047e+01
1.600730993684512882e+00 1.334504468956292556e+01
1.238632674732287997e+00 1.148434604667237124e+01
1.367732723853253729e+00 1.287436227648052878e+01
1.268636113588464509e+00 1.187501069661022157e+01
1.255589745115337275e+00 1.203522478856963751e+01
1.306707089366226260e+00 1.289534257957907926e+01
1.191420194730056004e+00 1.131627129545713117e+01
1.294400193084457307e+00 1.198268804811016608e+01
1.364885318302744288e+00 1.188973876554828202e+01
1.161967912489354493e+00 1.197329315428054208e+01
1.287539788948442121e+00 1.175080576813513744e+01
1.462673765050587438e+00 1.433557826067358576e+01
1.482192321957833459e+00 1.316109162702858626e+01
1.147479468153881133e+00 1.036878001718229569e+01
1.259512293128230098e+00 1.180644843257024590e+01
1.164476329256805665e+00 1.129588244404766328e+01
1.492448864703995515e+00 1.292081779149296494e+01
1.318328960813169193e+00 1.393597620212439026e+01
1.194196194023644964e+00 1.147794301714348641e+01
1.174356755724684787e+00 1.089683541543416467e+01
1.240319035768778777e+00 1.310018831108561344e+01
1.595218033027020255e+00 1.443754287408349057e+01
1.091756883322495097e+00 1.047941164159294658e+01
1.203581111601626841e+00 1.336828218477482011e+01
1.337713780887821002e+00 1.212536979901636514e+01
1.188930134379252879e+00 1.109282596534607990e+01
1.267831457434439812e+00 1.153207315460064564e+01
1.072920865008482050e+00 1.201057320009935836e+01
1.143735684255117624e+00 1.152029903273645317e+01
1.299186140890293828e+00 1.255935960070487312e+01
1.485725184349973693e+00 1.436900150015846478e+01
1.329805100131584705e+00 1.180550180867687970e+01
1.003757225136103548e+00 1.080894157708358705e+01
1.047777411872577114e+00 1.059467946481535883e+01
1.431977580066444933e+00 1.302192982201313143e+01
1.452609992027030561e+00 1.359411895249802171e+01
1.119107558844644856e+00 1.097389850363521546e+01
1.077123365350479700e+00 1.117498624595253176e+01
1.322711289740478025e+00 1.158081711481764131e+01
1.278424074799944687e+00 1.217981591698671195e+01
1.091121133360926754e+00 1.141988909442653721e+01
1.504691679710826513e+00 1.355784600241809201e+01
1.445756971663753276e+00 1.313524221529548086e+01
1.397624856459509957e+00 1.218971218122278799e+01
1.400823372808856382e+00 1.208635044735583719e+01
1.087304451887874723e+00 1.191747781612338031e+01
1.387628481981453721e+00 1.293348197115376053e+01
1.194466553808644083e+00 1.231603901577384441e+01
1.169638015040488588e+00 1.071248629277699749e+01
1.303891875127117350e+00 1.149700406292058830e+01
1.179465682384550629e+00 1.341277817561588748e+01
1.349327003140935455e+00 1.352206640136872551e+01
1.111975610796858582e+00 1.201671494808827134e+01
1.067151377311402527e+00 1.021970993382584503e+01
1.179251374189795420e+00 1.119268298716549737e+01
1.325799218574424509e+00 1.310400127949784022e+01
1.093949290589912859e+00 1.074466345237623877e+01
1.277993427588966391e+00 1.185007129529346059e+01
1.094726395538780928e+00 1.055319676825202002e+01
1.256336084695836686e+00 1.124137290782951126e+01
1.197847741276634403e+00 1.104504415090463709e+01
1.362464165908561675e+00 1.259119464009134504e+01
1.103732749263061308e+00 1.042565304757866151e+01
1.318753811527515252e+00 1.264897477895334887e+01
1.226268220335665848e+00 1.215942299084240652e+01
1.333791919983574381e+00 1.326401005478239981e+01
1.153068332371898430e+00 1.137124807659054682e+01
1.185783803245963552e+00 1.124688836257758595e+01
1.126876493447441119e+00 1.054635509604806209e+01
1.101560245459706433e+00 1.053234352113906525e+01
1.210120494919612710e+00 1.248719498609818856e+01
1.476742030482457224e+00 1.458779787066524847e+01
1.475946615889607738e+00 1.457740416782038295e+01
1.157964483410523382e+00 1.209560068416676160e+01
1.236348060929227000e+00 1.120255163691911449e+01
1.260959334144990285e+00 1.389643961813192874e+01
1.494926912812791553e+00 1.439703038360219267e+01
1.507665925525286221e+00 1.285296438271177877e+01
1.202036910484678200e+00 1.186321431140753191e+01
1.133218103547773747e+00 1.290075273474861106e+01
1.545735119220269738e+00 1.421618259940056461e+01
1.172668017808438545e+00 1.115273876198967073e+01
1.262612753110015085e+00 1.212692304665989695e+01
1.328249608991850739e+00 1.181558360615705183e+01
1.379628263489478979e+00 1.263150266039123792e+01
1.508660407281604998e+00 1.290893299259885296e+01
1.406603099317931038e+00 1.248222763446458572e+01
1.424091282757991905e+00 1.282978200237631938e+01
1.114010475561153513e+00 1.165818240209232926e+01
1.081212905039089511e+00 1.095079814144484409e+01
1.344288803645953045e+00 1.342185151175519664e+01
1.132632423127486909e+00 1.191078036050994804e+01
1.332446342504052694e+00 1.174101672943419317e+01
1.096200205525319271e+00 1.120748660797789853e+01
1.441128632928467157e+00 1.225905243678663581e+01
1.487155425295355826e+00 1.380346675833177272e+01
1.160612884628117403e+00 1.132976913735628344e+01
1.272448362684446721e+00 1.268913637325530885e+01
1.231784098643820213e+00 1.157991323502417558e+01
1.640283993812901020e+00 1.468350892328870927e+01
1.115678115266728776e+00 1.110248662215878213e+01
1.323052899875555966e+00 1.193876893986905685e+01
1.366947336009294967e+00 1.317319619678713494e+01
1.366535534699431675e+00 1.273052771298125663e+01
1.227036219141748763e+00 1.272641179666376132e+01
1.443883425755776218e+00 1.293810478915639095e+01
1.675827978675773267e+00 1.442340921882222204e+01
1.235919163270286836e+00 1.205868748449379169e+01
1.376188684604427337e+00 1.451105741091964418e+01
1.073657228007564246e+00 1.028540036854836970e+01
1.232491217423104191e+00 1.202957989415129880e+01
1.127105468664495458e+00 1.124058490705524349e+01
1.216381165396306141e+00 1.269622028945680725e+01
1.343007323070815273e+00 1.338872052305901406e+01
1.260062833791117054e+00 1.170832716028612275e+01
1.462224330810509176e+00 1.310341419571686572e+01
1.429533210717717884e+00 1.291426233442626526e+01
1.213500068572242130e+00 1.255134525248025312e+01
1.269919708000813996e+00 1.323540359320011461e+01
1.049288139150491794e+00 1.057796015113822463e+01
1.539914741886192928e+00 1.325992268612634462e+01
1.452429554077475871e+00 1.291650489307216176e+01
1.258993209742633734e+00 1.222796230564999576e+01
1.170803606373244099e+00 1.184734748623067802e+01
1.437810969737727040e+00 1.243972675663383853e+01
1.423599828835967918e+00 1.459797543030716938e+01
1.480261706756331730e+00 1.286674589645850730e+01
1.513281552859233603e+00 1.355899959159149049e+01
1.261724777376281637e+00 1.238950746149222581e+01
1.142635437042517577e+00 1.096480609215892343e+01
1.309282118162593989e+00 1.158072969466315527e+01
1.172204914843242962e+00 1.058200215752904327e+01
1.215229930061195951e+00 1.087055187773919585e+01
1.259192645055179582e+00 1.456316222087902190e+01
1.408058240560255303e+00 1.362783876457376664e+01
1.118301587346943515e+00 1.108812647486190528e+01
1.142975097034437892e+00 1.152977043008281655e+01
1.355040868786245856e+00 1.211430609749565690e+01
1.386924134862937086e+00 1.210946723833954053e+01
1.403889489243106636e+00 1.289267051802934816e+01
1.431078544720499890e+00 1.336890392198771949e+01
1.286663587633409822e+00 1.398016685618018329e+01
1.447671580540244918e+00 1.228383931202520962e+01
1.501828951314718719e+00 1.368785451321087265e+01
1.038349947789081851e+00 1.008237086880117594e+01
1.215676993102760450e+00 1.192597175564981882e+01
1.171966500434425296e+00 1.142687933815138024e+01
1.281239084039262899e+00 1.154173500226607985e+01
1.441618438260163781e+00 1.239562712730276495e+01
1.067643099986018251e+00 1.083638409598012409e+01
1.104982394544040236e+00 1.230841688623151597e+01
1.156854817402592772e+00 1.092169975524605974e+01
1.437875603422397841e+00 1.336198611976170625e+01
1.155749800522363868e+00 1.107099202189377074e+01
1.138018249969191764e+00 1.201480261946927008e+01
1.168450050547072516e+00 1.170058223080781801e+01
1.296760908311111571e+00 1.132962963009995860e+01
1.398626766123265863e+00 1.330207083353517916e+01
1.073222678301960054e+00 1.074024427169921125e+01
1.679836845472590268e+00 1.482027386272431357e+01
1.255945385692182947e+00 1.260939903402718087e+01
1.282425886176103980e+00 1.229888791491480404e+01
1.601835831934283583e+00 1.497841119517794795e+01
1.249781077990968381e+00 1.174409004562156156e+01
1.297023333889799623e+00 1.231382351234057815e+01
1.099775358796810210e+00 1.081138559343811067e+01
1.376983005704224050e+00 1.375191648971829039e+01
1.336857674461293000e+00 1.294381671823237667e+01
1.146145639998972676e+00 1.101643238730252072e+01
1.750543661390764560e+00 1.483418472564192570e+01
1.435251432640933356e+00 1.262924847833486908e+01
1.177984894543643080e+00 1.078117329211891828e+01
1.084790303688635937e+00 1.021351214364522519e+01
1.288206060285738142e+00 1.217010304123733100e+01
1.401712523571889024e+00 1.358361779258067514e+01
1.424429100366525036e+00 1.236553910034958648e+01
1.247011445157588216e+00 1.211117478428789340e+01
1.265428167971642370e+00 1.204913992361614028e+01
1.557970711479064629e+00 1.347832232158114607e+01
1.265022761129052542e+00 1.187215676356323968e+01
1.113428523781536006e+00 1.139049504037489413e+01
1.338059221587080128e+00 1.244938942332947818e+01
1.495307552010044283e+00 1.484157996453407335e+01
1.260063500083463239e+00 1.151153688575224621e+01
1.088784658814493156e+00 1.122114104910611232e+01
1.170134429333914428e+00 1.266879853853882310e+01
1.280630856198308187e+00 1.276360771783892645e+01
1.201003692359688291e+00 1.197628189247858899e+01
1.361260313955590551e+00 1.203321982166663773e+01
1.710688952269811214e+00 1.512558294155423155e+01
1.396614957637419163e+00 1.290858914476125818e+01
1.134041715340457390e+00 1.090861527167415268e+01
1.161268144191633045e+00 1.093912738550180563e+01
1.237518582868474493e+00 1.130769783254858396e+01
1.254585499907893587e+00 1.251583457222483275e+01
1.424283966279262792e+00 1.407935909472562841e+01
1.331412749313641397e+00 1.304925764718422343e+01
1.163511262074726327e+00 1.166263639829446852e+01
1.345861036994883575e+00 1.348839292061853712e+01
1.472143911901510505e+00 1.302375430618061714e+01
1.181403785476281554e+00 1.301963025844235844e+01
1.484436175243330380e+00 1.332880820114682408e+01
1.332974653647134300e+00 1.237024136921857043e+01
1.365206171657797007e+00 1.316325057042036661e+01
1.475625583478543668e+00 1.443914972753838200e+01
1.454404229160168427e+00 1.338918729168237576e+01
1.487047081052135900e+00 1.401609790383628251e+01
1.340895644333134351e+00 1.408338795910471219e+01
1.249214876502125149e+00 1.193339854562116642e+01
1.251612212127749091e+00 1.106656344599832487e+01
1.564918080687397239e+00 1.464377023589923255e+01
1.144532406987194495e+00 1.154372283370296692e+01
1.112188108848240153e+00 1.094468899937149509e+01
1.457979267960861858e+00 1.255750041475745604e+01
1.145465889826039474e+00 1.124291815361630498e+01
1.591669093813002256e+00 1.458071238159234184e+01
1.247069550593471909e+00 1.118860725359184016e+01
1.266378316786495928e+00 1.199475221211767817e+01
1.372933605787662881e+00 1.472795123242458004e+01
1.128128297582637440e+00 1.114302512340776197e+01
1.185943324321204306e+00 1.247408803112160669e+01
1.635760048324105931e+00 1.543376839932676603e+01
1.235835078040151025e+00 1.180236195460932436e+01
1.098186584176993996e+00 1.108609535767076437e+01
1.227615089681225680e+00 1.208169444992165964e+01
1.103861194570395998e+00 1.095794914210037518e+01
1.053048972471669842e+00 1.164788638813462285e+01
1.213911372979355585e+00 1.098158102959635229e+01
1.038587954945926262e+00 1.089911947798050917e+01
1.180302324777410483e+00 1.131744950307314213e+01
1.443235984778085568e+00 1.440917632691317607e+01
1.431078031318502752e+00 1.318445257540420457e+01
1.383769703504840631e+00 1.314884835696662790e+01
1.113777067280195432e+00 1.080652029894440425e+01
1.479279175794141032e+00 1.342660141277106334e+01
1.261871879692798348e+00 1.133673614463829082e+01
1.538408440495424578e+00 1.377791558443299280e+01
1.411453370626655435e+00 1.282138582731419874e+01
1.290484892704648168e+00 1.315761160679620545e+01
1.211049481087657087e+00 1.220725326809078126e+01
1.181194535371796750e+00 1.149807897350309993e+01
1.368910720164993045e+00 1.187046867229745573e+01
1.248866149235216216e+00 1.248664149887735419e+01
1.416975065960707658e+00 1.239059683367138121e+01
1.359652229414971991e+00 1.189055310967184909e+01
1.201384996470412192e+00 1.090708347412467027e+01
1.436491008921344958e+00 1.322364334492383264e+01
1.142970516320594543e+00 1.055648771232454131e+01
1.193500742635710266e+00 1.160597767671603719e+01
1.161527675887682909e+00 1.126922225413019163e+01
1.375589754555686550e+00 1.199762387270809150e+01
1.257426239631585840e+00 1.176083898452585785e+01
1.310081676833136477e+00 1.140365504266121732e+01
1.351240191884052866e+00 1.165070881915859147e+01
1.158558930536131459e+00 1.140953969836585458e+01
1.236976799982465458e+00 1.050360058478342751e+01
1.260838548086270716e+00 1.209623442855938436e+01
1.151089238129421988e+00 1.126794726966765481e+01
1.099564601918096018e+00 9.976603443815648120e+00
1.145395217995725856e+00 1.259658012491529888e+01
1.301166361688964379e+00 1.211631503582338532e+01
1.229618755929514418e+00 1.243948962724162755e+01
1.446110032482546659e+00 1.260734059967349907e+01
1.457262350323945466e+00 1.360455647569085968e+01
1.117029182232132989e+00 1.100708058795297006e+01
1.484604044510468457e+00 1.323245693083163488e+01
1.485232888516432093e+00 1.334510379352160570e+01
1.297260519584649829e+00 1.139885902844702770e+01
1.335951828457707657e+00 1.260067042928099212e+01
1.253202188978696396e+00 1.157142119488937837e+01
1.082573141986670651e+00 1.204282883273627647e+01
1.351550009240724659e+00 1.230256234447100638e+01
1.402279458126479028e+00 1.256503665689852767e+01
1.436650120833738331e+00 1.311407094793652206e+01
1.201313367985431313e+00 1.206966380975912578e+01
1.001468553588312105e+00 1.188287544031408594e+01
1.128456470041851123e+00 1.067063063815080781e+01
1.268126666801352442e+00 1.161478430356148195e+01
1.054361338730655184e+00 1.043585357998582452e+01
1.413930231038259766e+00 1.412868757192176261e+01
1.262208739663033485e+00 1.229763168729311928e+01
1.279257219953590763e+00 1.261775173868031885e+01
1.487217214537825516e+00 1.369997533355355657e+01
1.395316356782473788e+00 1.253262312986652205e+01
1.423858851959963312e+00 1.274076034640884814e+01
1.279432363307066334e+00 1.216111341999713602e+01
1.313905662365763005e+00 1.245144122172813539e+01
1.522114198319240774e+00 1.301825967265993711e+01
1.547711448480842300e+00 1.449976320841829036e+01
1.520833444227122300e+00 1.275004560409708176e+01
1.382649601882399493e+00 1.242271586052714483e+01
1.245067245790912658e+00 1.079311658122638207e+01
1.441228081715217657e+00 1.377849341801548633e+01
1.086516614638684208e+00 1.070419127877042342e+01
1.559869176734846263e+00 1.424847921588265365e+01
1.280638040203020189e+00 1.255020498338393509e+01
1.299696719831915592e+00 1.159199141593041915e+01
1.275981281065136086e+00 1.229256415441832218e+01
1.168098878674136643e+00 1.106576741344560233e+01
1.197600335903397317e+00 1.134218347630649149e+01
1.367552221631257892e+00 1.268485709284939134e+01
1.030451574708363127e+00 1.073030264702230951e+01
1.282944831832933064e+00 1.193614443471282272e+01
1.298473176958969688e+00 1.327861521898572406e+01
1.475130845464779572e+00 1.296845060763655511e+01
1.304680648204187055e+00 1.251925497960015221e+01
1.315115185373988416e+00 1.239196053866476532e+01
1.274323194541991056e+00 1.346381313454784845e+01
1.232548160222190603e+00 1.070989788972137546e+01
1.530239515743010426e+00 1.375050125796973788e+01
1.619497372848954786e+00 1.441171100704043795e+01
1.345552559785403890e+00 1.312560458506716898e+01
1.137501754941778520e+00 1.097081851994552437e+01
1.286426539736515773e+00 1.221242262628411801e+01
1.386411756340351520e+00 1.246158839148362674e+01
1.300250717664539701e+00 1.308646865698407780e+01
1.203022678554732217e+00 1.199584417289163163e+01
1.379957273523455097e+00 1.393694661537940505e+01
1.422060819639555884e+00 1.210391575988811219e+01
1.231746017693313711e+00 1.185949104639939655e+01
1.661173657312077667e+00 1.541362687991868796e+01
1.383233519268446621e+00 1.255838282675485829e+01
1.219220887936663722e+00 1.138052484769860939e+01
1.179929578442053595e+00 1.149023304277344160e+01
1.255453966566324908e+00 1.148981465425492843e+01
1.221071416902965723e+00 1.223095089563746640e+01
1.740632300355427819e+00 1.449526888678497727e+01
1.215420194283190813e+00 1.236312781900556068e+01
1.470879907335402192e+00 1.521820078375424501e+01
1.345177459941239828e+00 1.271171436305284530e+01
1.370321317889289681e+00 1.305438080279436264e+01
1.345859089133622177e+00 1.247314530215814088e+01
1.503294130085222946e+00 1.313260906685889395e+01
1.106883317105397557e+00 1.189596547191789710e+01
1.103444249733945171e+00 1.085445452922193610e+01
1.436697883129887998e+00 1.300755577860189049e+01
1.228688124236094747e+00 1.213028475429312358e+01
1.295502971996323360e+00 1.242256228829457321e+01
1.401874024565865628e+00 1.293863081025522632e+01
1.099938548695402973e+00 1.056144978941896184e+01
1.212563363491327539e+00 1.147950931356791315e+01
1.324764527094243416e+00 1.349065083898930340e+01
1.402233011535077623e+00 1.199166776870241691e+01
1.269089722949601873e+00 1.227717619562844220e+01
1.098584259786097750e+00 1.241633285094516381e+01
1.478005830568469126e+00 1.377378992336095820e+01
1.476654941788464903e+00 1.355260014943214131e+01
1.497741301679511805e+00 1.327241746205081796e+01
1.223468440813909597e+00 1.305614114106990797e+01
1.197900758042588665e+00 1.202169487334512610e+01
1.114569147914166169e+00 1.152305950512602983e+01
1.014312314149562466e+00 9.942315346022592593e+00
1.449176204135891988e+00 1.321910782862369871e+01
1.374912846510196962e+00 1.356356356830536924e+01
1.293872453907315423e+00 1.195179608801908699e+01
1.327291755363650960e+00 1.254511094219907363e+01
1.317484962344915633e+00 1.392448919042359634e+01
1.373124371225645124e+00 1.212596969804538460e+01
1.452285026212652763e+00 1.411292049555259709e+01
1.311255364864295503e+00 1.190628892777573711e+01
1.323839838462911978e+00 1.245705811513786188e+01
1.352198775190954105e+00 1.250849341289535133e+01
1.090171982108209203e+00 1.137224069812065252e+01
1.233629101399146499e+00 1.301793361425108841e+01
1.306153667689420983e+00 1.130775373421118957e+01
1.203451349302288920e+00 1.105672804331138082e+01
1.425578078552732109e+00 1.357008481901633701e+01
1.527053975223812143e+00 1.368695808490991794e+01
1.010583910480285619e+00 1.134600770802639502e+01
1.258068467614938069e+00 1.282378198367930722e+01
1.283266678816931572e+00 1.323447582614272733e+01
1.359875057213448146e+00 1.208553006097766769e+01
1.498626592426862025e+00 1.310214926527123325e+01
1.090348983485537548e+00 1.247943572638039456e+01
1.327201898422710302e+00 1.212417554613021764e+01
1.218244024790284374e+00 1.216676250702879969e+01
1.386869950428296860e+00 1.391458971143852352e+01
1.018826216304749455e+00 1.055884819763318738e+01
1.413048076139576725e+00 1.470707650273871891e+01
1.207505402423213470e+00 1.174455895495476909e+01
1.438461651211129011e+00 1.378919526862319600e+01
1.286163702051683178e+00 1.210555413832455329e+01
1.160579276950708838e+00 1.170365314394578782e+01
1.572014681562462268e+00 1.418622914709052552e+01
1.182549108902234636e+00 1.182978379360784871e+01
1.328746661003411322e+00 1.185349835123798989e+01
1.133718272874077115e+00 1.103079467011729520e+01
1.449225851282757827e+00 1.455588829750104551e+01
1.190459797545708964e+00 1.072824092003340013e+01
1.295598677829836731e+00 1.298061326873961008e+01
1.543500601335004774e+00 1.341132230763414057e+01
1.681566494869439765e+00 1.508027407154744637e+01
1.193300246013113020e+00 1.202618383185676265e+01
1.428386333819817722e+00 1.371487756444858519e+01
1.288299643405550921e+00 1.336618972814498463e+01
1.369117801810068036e+00 1.275740453836205646e+01
1.147227227745259537e+00 1.179076624230284231e+01
1.267876682933352317e+00 1.229508303129622604e+01
1.585718631381547894e+00 1.430636941908497661e+01
1.505568802328561384e+00 1.335682485866146152e+01
1.187719746185377900e+00 1.087913368714923834e+01
1.312887320089687782e+00 1.287109476874896785e+01
1.159391861610224339e+00 1.245678776196302806e+01
1.340999086483903202e+00 1.254425174055401015e+01
1.338118985587783527e+00 1.308938041997448209e+01
1.545477515297235094e+00 1.406017127704372172e+01
1.614993873774364097e+00 1.422142998781190215e+01
1.377263210815632632e+00 1.219259684892777607e+01
1.208611189002087194e+00 1.157743645354686102e+01
1.453974814018561545e+00 1.329625147524784268e+01
1.229805602245448215e+00 1.197652251929901368e+01
1.430610624144313725e+00 1.295727765798839926e+01
1.548751512800673247e+00 1.351394584113867126e+01
1.279737000744447739e+00 1.114919206789115691e+01
1.165520876207816636e+00 1.047494298145334923e+01
1.155938462133518696e+00 1.140324630843295850e+01
1.520616379163467480e+00 1.385318559562692897e+01
1.262831088123989920e+00 1.204922813206692567e+01
1.210880685135933055e+00 1.146148295979572396e+01
1.216811910818825337e+00 1.183881320448792529e+01
1.214672451745508752e+00 1.142853083674042480e+01
1.292176043014239939e+00 1.074745813462026334e+01
1.223075826926942833e+00 1.126518875048837387e+01
1.222652021220326679e+00 1.135694815862709106e+01
1.339134736064932829e+00 1.171742943463487840e+01
1.296814184789747637e+00 1.230806169731325994e+01
1.553431632267832985e+00 1.333957643033123475e+01
1.330374760177519544e+00 1.247202246341563381e+01
1.554078744515363653e+00 1.360722938527832326e+01
1.292277480194301331e+00 1.224795684710239030e+01
1.356001038782577606e+00 1.214238046345077748e+01
1.283569449841047927e+00 1.236389884729958766e+01
1.104303002507142750e+00 1.213782704570787629e+01
1.594431880591965278e+00 1.352734067291545372e+01
1.435271448919299253e+00 1.247283601383157858e+01
1.245025977630674907e+00 1.117403199018757576e+01
1.313222153086649246e+00 1.213906320953915952e+01
1.427236053420728457e+00 1.447820103449971896e+01
1.587583668158884409e+00 1.501981690438168116e+01
1.456882337923642412e+00 1.431541216721003806e+01
1.498413568099755677e+00 1.322397186401756741e+01
1.199145317540138755e+00 1.089302866522098512e+01
1.404509696311651901e+00 1.310145292616856239e+01
1.315629884267444538e+00 1.225205689329214565e+01
1.386577090759533171e+00 1.252101765755969254e+01
1.463452328023893800e+00 1.320391580413959076e+01
1.229329638248795931e+00 1.241678103015451384e+01
1.120107388396290871e+00 1.190158109453244961e+01
1.213576178511094339e+00 1.254335559939080369e+01
1.481913079078190254e+00 1.314842473821234137e+01
1.421512550775295036e+00 1.332754328226007701e+01
1.137486291261399884e+00 1.242551875805431294e+01
1.185155748688492050e+00 1.251152953250751665e+01
1.202820832078586921e+00 1.166772433892573702e+01
1.032011898555888818e+00 1.030957592656708677e+01
1.436048695097385197e+00 1.404809795980331089e+01
1.266016779488688737e+00 1.254391676480896578e+01
1.108832610090731752e+00 1.054299812030340178e+01
1.388645017925899117e+00 1.399814679002465567e+01
1.398395650331312634e+00 1.264065254602131816e+01
1.135797658845992597e+00 1.094027967302559290e+01
1.200544415243055552e+00 1.075981277407861469e+01
1.547616976001796374e+00 1.341122161777371957e+01
1.126470015851060769e+00 1.029726058251814180e+01
1.060768725778493238e+00 1.069838597030701521e+01
1.579517906865280263e+00 1.389821286442814952e+01
1.422779148055054232e+00 1.358259237679937570e+01
1.298534873545462265e+00 1.293500394512906482e+01
1.503756841024731283e+00 1.332232152589158858e+01
1.507490236592185173e+00 1.318866489281689880e+01
1.278050819057421128e+00 1.139561915705190565e+01
1.315014066924963920e+00 1.303600318311355721e+01
1.514674997038035764e+00 1.414495332751471679e+01
1.515444380284826975e+00 1.418972158679824958e+01
1.061366334973127268e+00 1.044444912383998059e+01
1.318517051104571625e+00 1.167334238196139573e+01
1.426793245217887085e+00 1.228922649173179593e+01
1.121167343123325111e+00 1.195238264992531896e+01
1.437603021196795172e+00 1.392932686467100822e+01
1.165660310462753646e+00 1.111793537240323637e+01
1.334945747645458258e+00 1.145263382006029751e+01
1.297341965107868145e+00 1.179315220940797104e+01
1.442635628924499480e+00 1.323776404477368374e+01
1.068660279683921299e+00 1.035591936858872586e+01
1.357857803057343826e+00 1.263721474785583609e+01
1.276040794685278978e+00 1.213715883345103563e+01
1.062428396904662842e+00 1.028802611000054945e+01
1.378917535401133820e+00 1.192299901122584416e+01
1.427847308784406133e+00 1.175230910089264569e+01
1.402718053885465554e+00 1.401899099720283459e+01
1.557499774300252326e+00 1.348564742454991716e+01
1.206181794627685155e+00 1.085912556498550607e+01
1.520572571404937179e+00 1.373685876026940278e+01
1.326596404325151246e+00 1.173600822357650131e+01
1.320097838349270081e+00 1.239699683934410146e+01
1.307448704039563481e+00 1.227981364255490071e+01
1.389236254441415408e+00 1.284296013267316638e+01
1.539262172437733334e+00 1.335459385267686372e+01
1.315063566094890390e+00 1.297135931355560601e+01
1.462946793150036617e+00 1.354792435346410429e+01
1.231769401902455874e+00 1.108972449896179668e+01
1.359496952167742023e+00 1.278917211722764691e+01
1.430148001642494116e+00 1.449409539602787333e+01
1.490097033368990243e+00 1.361943221245927660e+01
1.295721772430499241e+00 1.223823909511469310e+01
1.341433745420946622e+00 1.209759359231494713e+01
1.409721449067963039e+00 1.395225961091175648e+01
1.495078262395463264e+00 1.294334350631536168e+01
1.392421852033337570e+00 1.219485298913760118e+01
1.461354656330812185e+00 1.274609809890664636e+01
1.394453932473610713e+00 1.295978663789300711e+01
1.282923054330908474e+00 1.267524931072102135e+01
1.518007546267636343e+00 1.290109579123000572e+01
1.416883232310305996e+00 1.338044234469202109e+01
1.380941468437614006e+00 1.285627020085264505e+01
1.257626759850501097e+00 1.127137721827925176e+01
1.087886316950570365e+00 1.042395113379195237e+01
1.354951868364099310e+00 1.177806180081179832e+01
1.553690247239313926e+00 1.458824938605900812e+01
1.606133561368233043e+00 1.385862951735120419e+01
1.240952916081957680e+00 1.144776978092466280e+01
1.157407702545003803e+00 1.085398837013742401e+01
1.158577153526999304e+00 1.115483695543573361e+01
1.441148278782045100e+00 1.296996585609930008e+01
1.319403204943707442e+00 1.298177583194591378e+01
1.204328765766200293e+00 1.148466580339848520e+01
1.251089113668515385e+00 1.252844946484920996e+01
1.204330202850322218e+00 1.185620479611815625e+01
1.485611789657903747e+00 1.443536350976460270e+01
1.142313979672961555e+00 1.202010062391888212e+01
1.481397905891549405e+00 1.422385979011810520e+01
1.530300449375280536e+00 1.331600081850256245e+01
1.425617125566485566e+00 1.316250969512431368e+01
1.294551394381520559e+00 1.346251751473312908e+01
1.207540507433400467e+00 1.139952903362401315e+01
1.183004614011495814e+00 1.283121764305678880e+01
1.380819789455596247e+00 1.256120055265734337e+01
1.147908233836185454e+00 1.164473269084894369e+01
1.111540036160026057e+00 1.135251622249339043e+01
1.268710772071528270e+00 1.278600818673598738e+01
1.157429776484416584e+00 1.067244899888344811e+01
1.143357728157951891e+00 1.045124104735992354e+01
1.379632267847832994e+00 1.287719659757846102e+01
1.303385782409338889e+00 1.144394526779131205e+01
1.533605344348357935e+00 1.327744173185599408e+01
1.480791191143141061e+00 1.477899582332808848e+01
1.353944724520922627e+00 1.259430106488671086e+01
1.242788909493556249e+00 1.275071264647598568e+01
1.383613695155003986e+00 1.319524383424987946e+01
1.263478038327329855e+00 1.223399475113898127e+01
1.194365929665739401e+00 1.132580980768606338e+01
1.161629850868691083e+00 1.126547825026732497e+01
1.331719871939085253e+00 1.267062841387986438e+01
1.195218362453401628e+00 1.362988461943743346e+01
1.310908513997144809e+00 1.217498046952070645e+01
1.178751056402053798e+00 1.083917065999177609e+01
1.255245639048204298e+00 1.154270954166429952e+01
1.277899114984121010e+00 1.271559159886746571e+01
1.340000645597756002e+00 1.273227929092820787e+01
1.472273652731598936e+00 1.297773925879994650e+01
1.233868808996663180e+00 1.116292290312771485e+01
1.225337879211852554e+00 1.271306494268685938e+01
1.536054281609609440e+00 1.300882337222692442e+01
1.186345400535005812e+00 1.296633386877488903e+01
1.207010372338354953e+00 1.311956201071193462e+01
1.428729207273178758e+00 1.409718107654948938e+01
1.364742958491613534e+00 1.452645636258636230e+01
1.109394104342061205e+00 1.141004215180221415e+01
1.349018501237205570e+00 1.230917711483455257e+01
1.076656922106301595e+00 1.022284305136338745e+01
1.481814184903359477e+00 1.363489650050040325e+01
1.195515006675782255e+00 1.194541812012310089e+01
1.368763390631380528e+00 1.343034749382140802e+01
1.282613923887402807e+00 1.172153655009525508e+01
1.101046463602846082e+00 1.146167382243839583e+01
1.398604975668648054e+00 1.253839137309002894e+01
1.278646612059064491e+00 1.168433009071592110e+01
1.362395596269228903e+00 1.307283859718316421e+01
1.213529074361497262e+00 1.129256076045568946e+01
1.270892909446271979e+00 1.131336670294138713e+01
1.264190661559824846e+00 1.276762620871594933e+01
1.375083171367200263e+00 1.211375041611767855e+01
1.648663988433862304e+00 1.485953703986154295e+01
1.133825576827923287e+00 1.054698797965803259e+01
1.173909824066504903e+00 1.065410234673828427e+01
1.299402999005732084e+00 1.237202003484215318e+01
1.189629133679227957e+00 1.124570617806489636e+01
1.077331447385336594e+00 1.122673821103055403e+01
1.174442816016858293e+00 1.132879335140504828e+01
1.479477793456097201e+00 1.334184831557532647e+01
1.256943456469183484e+00 1.187963707333761931e+01
1.418117239605981350e+00 1.353251572743820574e+01
1.351578731412244050e+00 1.289685021297830403e+01
1.318256240218456776e+00 1.401480266011979481e+01
1.322324475318281456e+00 1.260797078845617136e+01
1.434881838836077117e+00 1.348846542426008099e+01
1.487383990180150217e+00 1.329289044258868557e+01
1.304034329756679211e+00 1.221980837255936869e+01
1.210748068685644219e+00 1.140737692271912351e+01
1.327681077703005474e+00 1.306622597957733589e+01
1.630586128317257799e+00 1.473269741142854627e+01
1.204633058520728550e+00 1.209534680843483301e+01
1.350112567572093081e+00 1.207311546505573219e+01
1.287307876058944922e+00 1.162237172074968683e+01
1.229323916583805465e+00 1.152071171316908860e+01
1.513003011687614752e+00 1.541209456131980104e+01
1.522456041721218067e+00 1.470641562207754660e+01
1.474313300383471415e+00 1.289082127565175284e+01
1.144063334422848799e+00 1.166322808575608683e+01
1.624576277788691847e+00 1.477997693347412778e+01
1.108421426258018094e+00 1.371639357062339926e+01
1.211479953325636849e+00 1.234307082241570086e+01
1.273165041792318819e+00 1.171204325052509354e+01
1.574818909613882489e+00 1.359357772309473589e+01
1.325748856962200461e+00 1.262378025144855442e+01
1.408228232391322887e+00 1.394201543958548228e+01
1.140583711480044560e+00 1.096071963774393865e+01
1.049530700731693633e+00 1.050216007759467196e+01
1.080508967404608001e+00 1.047424596309696376e+01
1.488355058424739585e+00 1.359187876630933545e+01
1.608806974509405130e+00 1.400608953745172158e+01
1.250788074201517830e+00 1.225381418352378127e+01
1.137000020694539426e+00 1.163679146952298993e+01
1.384346095032366275e+00 1.307740939201108432e+01
1.574404740765984689e+00 1.514171602205334821e+01
1.089126376072562463e+00 1.120505279864598336e+01
1.495746505148539240e+00 1.438682692306987576e+01
1.404486683733068730e+00 1.359148697354141433e+01
1.406771830537972168e+00 1.474878015176880197e+01
1.318436165550031625e+00 1.197479723808245566e+01
1.473359956881588051e+00 1.274619148487699505e+01
1.056352522480584311e+00 1.062566768755882407e+01
1.464241474276930521e+00 1.407439088315974018e+01
1.141001749686189504e+00 1.187418761758251051e+01
1.177275766498291798e+00 1.276870984170626855e+01
1.401531205180999828e+00 1.267543537642215767e+01
1.416066024737261841e+00 1.287158460897417811e+01
1.589129791711617834e+00 1.414193486307136283e+01
1.259404017108651352e+00 1.164543598045148798e+01
1.492016953396465562e+00 1.468260428553361763e+01
1.484249941542062912e+00 1.297928011953075256e+01
1.308897810649483739e+00 1.287945483962064230e+01
1.473681755243697156e+00 1.310155729870733055e+01
1.253164770611369550e+00 1.173538956055999805e+01
1.273244281368820952e+00 1.303527414155107422e+01
1.366050139646759476e+00 1.212034557587260863e+01
1.258692901634596240e+00 1.115966191386778839e+01
1.151200038881154741e+00 1.263818929291941373e+01
1.465656679211250202e+00 1.302586689963602140e+01
1.150312001163063869e+00 1.160228978300850677e+01
1.316875802518967298e+00 1.431331330535127577e+01
1.187575804443035343e+00 1.121675631177897614e+01
1.392510732038186205e+00 1.251438329525526072e+01
1.587652416795256816e+00 1.413904171497167894e+01
1.275653824289038507e+00 1.384435254952486005e+01
1.304411204065908603e+00 1.247687068563166335e+01
1.384752981628996737e+00 1.235787663821176352e+01
1.179003214500225827e+00 1.184419163774876083e+01
1.381323915187741669e+00 1.305493796950076302e+01
1.418096742372232599e+00 1.291133809666117571e+01
1.325272045742163618e+00 1.286550339835537571e+01
1.316037002356389873e+00 1.321662776041997844e+01
1.219860985754526839e+00 1.258902480757786080e+01
1.197464628484186999e+00 1.139523567576210894e+01
1.297934144524939715e+00 1.194533543506610940e+01
1.378692816856931458e+00 1.250482895292381968e+01
1.596546836381981915e+00 1.412260934920545807e+01
1.114570892427381610e+00 1.133084942946983809e+01
1.162516813605219745e+00 1.198928992436251306e+01
1.413880650185204590e+00 1.365291808090444192e+01
1.420382283829566550e+00 1.322517230937999244e+01
1.274731987869099248e+00 1.199066213540263703e+01
1.539467518333328178e+00 1.398222645119244945e+01
1.184142640970954119e+00 1.147634544254172795e+01
1.322097567630531545e+00 1.212927021594633104e+01
1.323613230036722932e+00 1.204284601435512414e+01
1.103167177425775636e+00 1.111843580377635377e+01
1.091924730079622208e+00 1.126972521802087535e+01
1.557817199282793386e+00 1.339303442147068779e+01
1.279069873003325863e+00 1.154718380899334562e+01
1.111696707266699446e+00 1.056822538008830747e+01
1.116846768165359771e+00 1.131010691810318747e+01
1.143033546493253061e+00 1.112493232844583702e+01
1.164383825790047178e+00 1.296685238622579206e+01
1.470555638939363252e+00 1.354914426781539660e+01
1.275558396603769351e+00 1.256251449227386630e+01
1.388385466634230347e+00 1.314049172929279763e+01
1.176318303491236783e+00 1.073130771280742835e+01
1.365122485130224383e+00 1.270065732099001465e+01
1.146116116766822568e+00 1.242400165463219253e+01
1.181983831188162526e+00 1.230807420754671710e+01
1.303503226634259216e+00 1.189234472350534766e+01
1.426948104854228294e+00 1.456106181699203361e+01
1.482031994144652032e+00 1.328949426140906098e+01
1.200493199735510830e+00 1.092481002177640370e+01
1.356515896469771665e+00 1.356369044129753121e+01
1.013309728982476399e+00 1.048463363240659874e+01
1.319519442591105207e+00 1.126222027126879510e+01
1.245021520736888876e+00 1.134673286482887278e+01
1.698070337095395121e+00 1.505736098347005125e+01
1.569745729881683038e+00 1.384058678388499786e+01
1.604968072518865085e+00 1.375081512850513832e+01
1.256786859703344250e+00 1.201489138918334909e+01
1.644240674232733124e+00 1.506394399290559605e+01
1.475366811257939448e+00 1.358545416421490160e+01
1.333552956576305792e+00 1.336178009991628102e+01
1.352821541960483209e+00 1.293843137369188767e+01
1.389331290347677328e+00 1.348025196315784058e+01
1.183870907705295794e+00 1.168168098047419434e+01
1.053316923479697964e+00 1.068366288044110313e+01
1.500131228773285752e+00 1.495085593947413471e+01
1.239740295039591933e+00 1.219167185057757408e+01
1.470768187439991825e+00 1.349851065638510761e+01
1.228568015773736866e+00 1.215227866837412485e+01
1.293467311416045318e+00 1.303468217010352248e+01
1.417758358664385154e+00 1.309348879110196151e+01
1.245295791995437718e+00 1.121459200869501416e+01
1.415363097972176076e+00 1.311509525187154424e+01
1.297465666121162542e+00 1.303549423916792449e+01
1.322518513071337054e+00 1.245471383391310738e+01
1.291436695077436081e+00 1.171570909742901101e+01
1.454801660580571365e+00 1.395866892149641458e+01
1.463186949016175742e+00 1.338167714904928829e+01
1.217774046288330636e+00 1.065758910268942827e+01
1.275254631431506303e+00 1.241686421412292773e+01
1.514110460806620484e+00 1.391625177317401807e+01
1.493114890612978529e+00 1.377779785628120024e+01
1.478334651149924683e+00 1.362832667779319706e+01
1.369379067778211612e+00 1.313375154337812845e+01
1.425792093751418133e+00 1.258237598681859382e+01
1.282043626041356355e+00 1.273360598863335014e+01
1.493356918284328039e+00 1.352372538308787497e+01
1.235366071602395976e+00 1.136095384691536658e+01
1.508505411190636192e+00 1.385605617468362993e+01
1.295284440976418594e+00 1.354067204052017104e+01
1.338020307500810357e+00 1.258757122738397172e+01
1.203168223180854479e+00 1.214293312028240379e+01
1.388029256880166429e+00 1.293717935926055063e+01
1.312478528038863335e+00 1.193870017487680890e+01
1.384104152749079386e+00 1.310972932580799366e+01
1.385361672085107632e+00 1.256006196247134454e+01
1.322830738319915156e+00 1.311905070998105316e+01
1.317078767077784152e+00 1.289759646071702903e+01
1.481888599181036215e+00 1.398762753691375593e+01
1.189571741877911482e+00 1.227136871546520247e+01
1.368802008755458433e+00 1.254400900922362183e+01
1.621768918022385320e+00 1.448520067894614272e+01
1.117724742954855355e+00 1.228822593080556302e+01
1.378475906156062525e+00 1.304411661291107549e+01
1.511585877581447690e+00 1.390257336059998039e+01
1.116281960056963563e+00 1.230389372434742690e+01
1.585335671844981142e+00 1.397090672742330142e+01
1.515194556260985870e+00 1.435737866032568988e+01
1.082495963849680942e+00 1.103911144405469358e+01
1.412922346464521528e+00 1.346366394272596523e+01
1.607506401806845453e+00 1.393747448276899803e+01
1.029417714280096430e+00 1.064396282538936411e+01
1.091042266376768710e+00 1.195022304255401480e+01
1.141744996017505454e+00 1.093229238171332085e+01
1.628948387883292881e+00 1.440592867061457127e+01
1.405600471707395771e+00 1.308109772400880644e+01
1.229380442159162756e+00 1.255208532668699561e+01
1.384453286828594143e+00 1.197891777337090247e+01
1.477340246250228972e+00 1.342100139260350744e+01
1.361074987180892037e+00 1.245445680860984439e+01
1.290573653623952710e+00 1.176595088576418213e+01
1.342020882547614091e+00 1.194379749363543297e+01
1.034869751860643117e+00 1.023925650481258742e+01
1.197227498935785395e+00 1.185757378388271377e+01
1.453931108125829263e+00 1.292153741071128792e+01
1.397872417290099145e+00 1.348157539025066498e+01
1.355049099015914305e+00 1.251766028338602865e+01
1.251354206738531705e+00 1.238384011186154154e+01
1.460400872093335689e+00 1.338618877660502804e+01
1.442067215726408058e+00 1.468153096730610230e+01
1.497102134500631010e+00 1.391555757114965530e+01
1.153866372990538736e+00 1.150709351293867755e+01
1.502623592995743440e+00 1.439399657489920870e+01
1.248437021504348321e+00 1.327364616028847166e+01
1.168637005665110307e+00 1.092023050231177628e+01
1.357989823148422648e+00 1.354731627473884714e+01
1.266840073304153158e+00 1.334775639496792365e+01
1.313079070694998851e+00 1.240593079175406288e+01
1.572856613236948142e+00 1.324607784877160199e+01
1.437173839402521303e+00 1.415103837542894993e+01
1.346105733456539832e+00 1.281163187639164747e+01
1.507385604125316636e+00 1.435708532813568894e+01
1.400119750240636840e+00 1.346200746553090610e+01
1.413895033824466241e+00 1.272353296077713480e+01
1.298248914695384837e+00 1.307146371664635254e+01
1.169449169024674662e+00 1.208105095330462220e+01
1.366378510855185802e+00 1.293902603595846657e+01
1.309060502053060793e+00 1.261443921789611267e+01
1.170806873036039475e+00 1.120501621096565614e+01
1.415724621485474621e+00 1.242788280423448377e+01
1.193608786489814833e+00 1.104138056349777486e+01
1.588231558305790880e+00 1.447407382674988341e+01
1.304948837633076231e+00 1.151648943939303393e+01
1.247965958441916046e+00 1.075988762890880679e+01
1.208990124474864647e+00 1.186607486204092510e+01
1.472516927410506993e+00 1.284437727588429823e+01
1.341569997515835722e+00 1.382502124566599377e+01
1.467801971930573490e+00 1.405840148776117715e+01
1.336912890377242036e+00 1.219221811840946046e+01
1.404324954156729088e+00 1.420050213088693170e+01
1.012706978824085891e+00 1.061235545589142149e+01
1.180620799176338886e+00 1.186750768480134433e+01
1.206720241684318129e+00 1.238773583620368157e+01
1.254173576714350702e+00 1.243978397401202685e+01
1.414265991477089202e+00 1.421439332435810954e+01
1.355338850166407205e+00 1.286976568369048124e+01
1.674574001384505850e+00 1.392243191239533573e+01
1.258722849373901331e+00 1.103340359847774366e+01
1.433236892717183242e+00 1.306947744089701757e+01
1.229250361882760156e+00 1.245007015457149180e+01
1.164663499343328024e+00 1.132128752237236391e+01
1.340916314221434646e+00 1.241787166678277998e+01
1.419907529914341104e+00 1.265841772619222283e+01
1.148373533777455213e+00 1.113029239434321660e+01
1.405046751199012567e+00 1.325326967795330191e+01
1.218191842885764098e+00 1.188927197525962853e+01
1.429964092358035455e+00 1.268082856007903558e+01
1.053586993863069754e+00 9.998209015209098993e+00
1.692681486416734771e+00 1.507186262104130137e+01
1.209306475705862249e+00 1.156590025071677630e+01
1.320785607590488686e+00 1.176950973841934101e+01
1.321182681828084515e+00 1.229016805234322618e+01
1.150760333588621176e+00 1.034808278308080887e+01
1.283773565443031783e+00 1.243166903958850256e+01
1.409890663340614081e+00 1.327982098928141141e+01
1.580984752406852101e+00 1.461930669724362986e+01
1.376992202980169333e+00 1.322889138247537844e+01
1.536504388807542476e+00 1.333506089175005371e+01
1.427293672302697214e+00 1.293698953138928331e+01
1.055159746303638846e+00 1.101108486750598203e+01
1.022875310239258706e+00 1.039608774448884887e+01
1.567783180006792509e+00 1.426833735343648613e+01
1.338657575663473764e+00 1.171051501410163986e+01
1.642844849805703333e+00 1.416255181350719283e+01
1.369807123518630210e+00 1.335495008067445966e+01
1.383905206608492033e+00 1.340844732044071108e+01
1.308539900484427587e+00 1.308673758789388941e+01
1.525936456517928308e+00 1.376129753460702787e+01
1.264715442949302382e+00 1.351635334735179228e+01
1.379378963935170122e+00 1.433991623409864147e+01
1.199918776423467781e+00 1.106531807867687789e+01
1.312090631134938956e+00 1.184241819096624226e+01
1.142780168410379771e+00 1.117136709650399240e+01
1.056084818809898351e+00 1.039932332546666238e+01
1.301784969507545853e+00 1.105325512440630042e+01
1.358853490934563313e+00 1.243685713639871793e+01
1.259367324760801488e+00 1.254224802324650767e+01
1.010594689045223982e+00 1.167456113604988843e+01
1.109322792029416638e+00 1.115891088002064890e+01
1.099858434946340502e+00 1.094685839743078049e+01
1.129786373224022533e+00 1.221917987726749466e+01
1.313392758716606323e+00 1.261498111531489030e+01
1.188154477807267906e+00 1.128888983654913325e+01
1.357850343518028913e+00 1.233930792892806494e+01
1.498754592585248790e+00 1.448789517395011828e+01
1.086173698471316174e+00 1.115861770038732814e+01
1.393584544482721066e+00 1.316483283840698704e+01
1.108551836926956913e+00 1.200566279979731021e+01
1.389477190274593710e+00 1.266056554907065035e+01
1.205463221882893121e+00 1.170611645095005393e+01
1.402023628350209661e+00 1.249933987389727008e+01
1.262627443559253937e+00 1.354801790902277503e+01
1.316871748890513505e+00 1.164158978583743931e+01
1.335372240885471129e+00 1.378091749956278278e+01
1.165883083000720077e+00 1.161758905965479727e+01
1.620573231652451707e+00 1.400822704396878393e+01
1.386483722252550788e+00 1.228242237906086842e+01
1.274968813130316958e+00 1.195299632941040180e+01
1.184987877947124346e+00 1.153690665714095331e+01
1.122863695193892397e+00 1.119870598594171085e+01
1.322937897076670311e+00 1.206301479820454325e+01
1.271517900831413694e+00 1.282191170164490757e+01
1.177337367952286717e+00 1.180209410023637773e+01
1.130297361345174112e+00 1.207784352536989658e+01
1.422223739531384368e+00 1.321684059876425721e+01
1.157882124164541837e+00 1.186541681335640419e+01
1.529141563398196180e+00 1.334657641642834847e+01
1.096401599487033973e+00 1.129129165956018710e+01
1.308030473654329340e+00 1.199587155181796305e+01
1.522858857593575532e+00 1.360790405970231376e+01
1.576808647450334000e+00 1.352954324545138931e+01
1.173134822003494504e+00 1.044643295394292792e+01
1.520542219591410671e+00 1.304683966883935753e+01
1.626744505866618340e+00 1.496774749995699239e+01
1.208456517780906569e+00 1.173555907276591981e+01
1.621025210267122540e+00 1.408956934066867461e+01
1.291240171874517895e+00 1.144450765494730149e+01
1.133101991332987390e+00 1.163002155262056547e+01
1.085521067559578334e+00 1.047342391079716428e+01
1.398395687397560483e+00 1.305701920543774008e+01
1.644434878675100409e+00 1.488445889193310379e+01
1.345264685950531947e+00 1.235988592282963694e+01
1.152824043015863831e+00 1.066135864671727518e+01
1.380090389641134063e+00 1.307292751950927112e+01
1.468777479277441511e+00 1.328424875743289135e+01
1.298899709035140848e+00 1.176977339425360114e+01
1.364370004287068117e+00 1.424813183990367804e+01
1.216531144801965780e+00 1.184182496382484473e+01
1.316683038950584361e+00 1.296286608181563693e+01
1.408089892440726354e+00 1.389586815294078903e+01
1.500119858983628429e+00 1.299505610072271722e+01
1.387506668802302334e+00 1.237874960613927655e+01
1.704552797710240153e+00 1.422054522594993387e+01
1.102616349426374542e+00 1.103112009826966400e+01
1.406738280725804868e+00 1.266366548005555970e+01
1.435015388106367862e+00 1.384175141806540665e+01
1.462973109973772390e+00 1.286727259506973553e+01
1.371112307776839900e+00 1.185742111565101098e+01
1.292755987352076641e+00 1.221953758567907400e+01
1.134222708340260066e+00 1.058175277267817194e+01
1.264057432708596274e+00 1.223313977077560111e+01
1.175794448217006405e+00 1.116996852340416346e+01
1.394257611123018936e+00 1.401459794306312290e+01
1.359712619434591208e+00 1.308791648171490607e+01
1.343229134502955668e+00 1.303058491583990630e+01
1.491364592307292458e+00 1.261823396532719244e+01
1.140247307938559107e+00 1.145572626875839717e+01
1.244867645704295755e+00 1.230583173539657693e+01
1.275992221881902422e+00 1.157854410704195658e+01
1.585936098929791260e+00 1.495742213063484982e+01
1.464060885121031275e+00 1.267145287113571683e+01
1.258486531175977863e+00 1.216082647194046196e+01
1.557355588262830492e+00 1.443842503513369735e+01
1.379229064768503044e+00 1.364205067965779605e+01
1.728035803261360748e+00 1.498497206689413019e+01
1.125367516849948624e+00 1.121340929137563691e+01
1.514268138468457980e+00 1.359398400075629354e+01
1.452959829147241422e+00 1.377271999298919525e+01
1.215664675658840066e+00 1.145719686239384316e+01
1.543489266792312353e+00 1.434189663871370968e+01
1.490885169976674307e+00 1.385273505927839821e+01
1.498338859546822999e+00 1.379094137030774903e+01
1.267310170726673846e+00 1.184467453512765545e+01
1.531529818777861429e+00 1.392040349083899642e+01
1.211133660980547866e+00 1.133951123637236691e+01
1.225997530335920960e+00 1.233039611617781617e+01
1.051618928741474335e+00 1.136556293640244419e+01
1.502681683753568809e+00 1.376351154442055247e+01
1.233383954112588832e+00 1.214019953521304629e+01
1.048196633656361731e+00 1.060373263020967372e+01
1.393927368696638913e+00 1.269177235126517189e+01
1.439854892708858580e+00 1.421322916529448932e+01
1.176225952060152791e+00 1.114673880631763403e+01
1.201759743704646999e+00 1.158008340875530706e+01
1.249510704302229547e+00 1.063875696066701693e+01
1.196026753542055232e+00 1.141298937673711933e+01
1.274080445112451221e+00 1.288939466727444128e+01
1.313205398313970207e+00 1.268764138099297156e+01
1.405010005555929364e+00 1.395661004754948209e+01
1.338182602730086490e+00 1.210373918971276908e+01
1.494346582014596025e+00 1.476003957875158434e+01
1.376832306677722162e+00 1.331873886482074099e+01
1.366263165208119412e+00 1.250794855107294623e+01
1.208787966886614385e+00 1.163022745547935699e+01
1.357611174205746174e+00 1.310596148906341440e+01
1.327555775656601433e+00 1.265016549274193736e+01
1.517555733252816230e+00 1.346197980894585555e+01
1.451673477885287777e+00 1.399184395250609469e+01
1.186667718641934544e+00 1.140926703053587765e+01
1.467967193400288917e+00 1.266768157590764687e+01
1.407186151949463948e+00 1.359696727866890953e+01
1.307832584459497571e+00 1.171222288395881783e+01
1.161286811822965337e+00 1.129000563456037121e+01
1.272307875443315694e+00 1.176261866742415307e+01
1.091046096020456657e+00 1.111125749406508945e+01
1.168614966872798533e+00 1.230163771007305940e+01
1.353851294044461140e+00 1.190720787983458351e+01
1.194361255395528953e+00 1.080698209572193491e+01
1.422993692741241656e+00 1.336301364998814023e+01
1.224364408220637079e+00 1.166443798097842510e+01
1.256778484568600973e+00 1.257933957831988891e+01
1.305944556842876469e+00 1.310855669255510847e+01
1.373504861816896794e+00 1.258974977732025025e+01
1.504143842315427859e+00 1.374844883977527843e+01
1.263833239104193096e+00 1.182194267576487690e+01
1.522657544268732455e+00 1.332934812653451573e+01
1.313107321149252549e+00 1.232145469167899954e+01
1.444949646608290506e+00 1.318281599335152166e+01
1.495789994183667648e+00 1.294100642473401663e+01
1.512175110392236288e+00 1.426619544133233930e+01
1.252158574752011200e+00 1.197105800805446840e+01
1.232270488060358105e+00 1.153679040380219334e+01
1.435869476395777111e+00 1.352509514758125064e+01
1.333427807829289824e+00 1.273419190469448026e+01
1.317636462368247496e+00 1.166852722203712744e+01
1.475308560082320808e+00 1.361553838087189305e+01
1.598993092443979691e+00 1.369308924234911728e+01
1.130396545213390391e+00 1.104669750595473054e+01
1.272860629356089568e+00 1.268498520028760268e+01
1.052376146899597131e+00 1.069495738074745539e+01
1.162205562861206465e+00 1.139465340851297270e+01
1.515151891524720185e+00 1.419840032344308156e+01
1.262896027808274368e+00 1.307913443220225247e+01
1.286473838782539847e+00 1.237459321850686145e+01
1.548558940772231773e+00 1.431355557911253484e+01
1.564856806157106872e+00 1.358748178820680863e+01
1.347646689782428409e+00 1.352530621345130868e+01
1.297718560361070583e+00 1.229550046061390134e+01
1.382334039217407051e+00 1.179720444013217673e+01
1.457969552967053328e+00 1.379665389078705573e+01
1.226601492424988171e+00 1.155750687150613132e+01
1.177192276400153226e+00 1.210058797306382772e+01
1.157832432337999595e+00 1.066337452736087243e+01
1.595911458434269292e+00 1.437705061392315287e+01
1.109240555346959312e+00 1.026079513237853824e+01
1.514034219754506694e+00 1.419054072437436886e+01
1.408238575735902609e+00 1.269330221570968931e+01
1.567552117923119770e+00 1.378199215583849835e+01
1.332885679174163451e+00 1.381582551831772676e+01
1.328107789823608442e+00 1.287232456520026957e+01
1.342636982091411024e+00 1.261114770712823940e+01
1.618924588110012053e+00 1.437701300007323724e+01
1.265794224604613660e+00 1.315423050691953932e+01
1.320108309016503334e+00 1.241384255981252416e+01
1.396247997914672689e+00 1.323857927767364018e+01
1.192477978389271831e+00 1.194257287071835449e+01
1.340925734432028893e+00 1.213674838655250809e+01
1.181712069582763203e+00 1.273144642197822307e+01
1.133029757873715182e+00 1.070502019732746746e+01
1.202163496727634229e+00 1.144544858577491020e+01
1.134086126748897527e+00 1.191298690363252177e+01
1.387701523190384201e+00 1.302387433608794964e+01
1.196027793679809381e+00 1.194750188172657701e+01
1.178807876102353269e+00 1.143197776077762384e+01
1.317584701666796088e+00 1.341770562899733577e+01
1.113678642617996095e+00 1.277536021776510822e+01
1.503938994251754480e+00 1.367332896979191759e+01
1.359492128192861138e+00 1.343484239967291671e+01
1.682758370289371364e+00 1.520339079606629440e+01
1.421181262109094678e+00 1.280120920366584159e+01
1.295438153009496940e+00 1.373467824412750815e+01
1.375618466378271565e+00 1.192958330263796363e+01
1.330360897096829920e+00 1.189062902410288736e+01
1.395929468279420105e+00 1.321169101778511745e+01
1.462547107520409062e+00 1.335357229405422430e+01
1.380053245612011814e+00 1.442655648859911821e+01
1.421607436801859858e+00 1.308617026098218972e+01
1.329188670515530024e+00 1.307979747861208963e+01
1.072732618818135863e+00 1.066344320880240382e+01
1.109082213050032628e+00 1.213593653447302856e+01
1.539611977165480372e+00 1.412960146446569709e+01
1.391363010385863852e+00 1.224160240344092898e+01
1.242911197830932402e+00 1.273659395833269059e+01
1.136545195926918383e+00 1.156486570242801548e+01
1.215096700393890394e+00 1.105984600173019672e+01
1.403207706849669112e+00 1.345549406394676240e+01
1.263513444364010363e+00 1.125602689638659371e+01
1.245400974152211848e+00 1.269655699932415516e+01
1.167742582733779955e+00 1.165562165411305884e+01
1.538013791600534308e+00 1.434407336606984273e+01
1.196581300982403340e+00 1.061118745748604653e+01
1.653082051319512580e+00 1.451765150239596380e+01
1.178366556576123436e+00 1.131924357885065291e+01
1.153491125037837239e+00 1.114727043711561549e+01
1.382717177375322848e+00 1.323206380661070369e+01
1.706230468642647047e+00 1.535448782738823681e+01
1.189419188890048273e+00 1.149294205031490002e+01
1.459745458829770470e+00 1.376527686585606958e+01
1.417655113630923891e+00 1.309498357690623394e+01
1.667954259357252500e+00 1.518160480040772953e+01
1.062538565288019488e+00 1.109825025239846141e+01
1.288193199660967014e+00 1.189793707300722048e+01
1.415037007826132953e+00 1.237492206575443099e+01
1.417641570414074792e+00 1.334291179256873860e+01
1.356606730713494580e+00 1.312160143845953186e+01
1.406838905434298681e+00 1.357582649179987655e+01
1.336082262365992479e+00 1.273858147458613743e+01
1.152090528938935599e+00 1.313451181496871101e+01
1.366812633620844819e+00 1.328273334986065279e+01
1.087542193523249656e+00 1.047637890159439955e+01
1.500076714503995490e+00 1.338307331361978214e+01
1.020796190499597689e+00 1.024289811928262495e+01
1.380890101978664353e+00 1.359713233551030243e+01
1.482484921515754506e+00 1.403375698232406421e+01
1.519636216419102404e+00 1.330947060973109686e+01
1.145002782830497168e+00 1.138880736666271609e+01
1.374157626194182358e+00 1.291774611413454465e+01
1.385386600817290148e+00 1.231692878103621069e+01
1.207081761065143422e+00 1.175373357723673529e+01
1.274126823504498462e+00 1.212058766562986811e+01
1.264488328444765219e+00 1.303748795425759965e+01
1.160567792029368217e+00 1.161761275254601067e+01
1.378345294712802094e+00 1.247701306358641560e+01
1.392121023182851136e+00 1.300815230642138332e+01
1.504996268117938296e+00 1.333946280253071848e+01
1.593800600209796858e+00 1.367563796348921912e+01
1.331602648016288359e+00 1.222941956507107619e+01
1.277495477637393240e+00 1.142410109931352480e+01
1.356814217785222709e+00 1.281402122037719593e+01
1.402934652663038184e+00 1.269148777209187884e+01
1.404507335571711479e+00 1.326635056297208948e+01
1.160921127332408709e+00 1.192552751335638206e+01
1.306184709561636348e+00 1.282216866870945537e+01
1.217450940000315951e+00 1.205576132326266681e+01
1.465287502455282276e+00 1.492326547233277267e+01
1.148927175055922900e+00 1.064140797845475461e+01
1.454484747332345673e+00 1.280003595778626035e+01
1.215201780839612722e+00 1.147517862801582034e+01
1.192245893675698110e+00 1.130861252181688847e+01
1.422570393994858184e+00 1.357056381481298502e+01
1.215036040868707090e+00 1.317781312912978464e+01
1.471909630786204293e+00 1.307420239632769210e+01
1.451599365746932824e+00 1.446531474616841351e+01
1.182335192264431623e+00 1.233586910554435789e+01
1.146326471119219814e+00 1.165297268049183188e+01
1.154057905477615664e+00 1.050451043956834596e+01
1.354652263829814185e+00 1.250973011775055355e+01
1.235460833831091065e+00 1.173316439597292238e+01
1.459433008552608824e+00 1.287280142071085365e+01
1.190732850516872610e+00 1.066479983670240372e+01
1.385710594499781179e+00 1.301394170828212893e+01
1.418840069524013536e+00 1.328882348327175222e+01
1.609752027816116815e+00 1.532662740803267809e+01
1.368663753462096011e+00 1.321214218563684994e+01
1.636591176601362996e+00 1.506441574283783424e+01
1.440924358098620628e+00 1.362868966745013921e+01
1.309646503722309951e+00 1.286476355106299252e+01
1.312920279980431815e+00 1.216733839150214891e+01
1.497259785890166395e+00 1.320787322097388383e+01
1.311872767917760196e+00 1.249662140953914857e+01
1.166653410544932656e+00 1.139966803511692461e+01
1.338298991269612159e+00 1.242871141343684371e+01
1.507388298399267912e+00 1.402288292168798378e+01
1.124358336674637249e+00 1.107561990021552489e+01
1.286937507534148484e+00 1.404422003740133817e+01
1.278391533328397500e+00 1.234246849507780119e+01
1.360422766081107682e+00 1.226007355800921061e+01
1.478590092600157169e+00 1.328881526505965383e+01
1.465485108782788259e+00 1.272977592922112677e+01
1.501422230275700320e+00 1.367647982846002463e+01
1.351037765666459389e+00 1.267994970945649058e+01
1.432897824941770093e+00 1.317625300040645442e+01
1.393821739829305351e+00 1.339837516459905942e+01
1.331416313455899170e+00 1.282595423526253953e+01
1.261536789319150476e+00 1.165096205258202744e+01
1.447343560250777372e+00 1.352425209811448781e+01
1.294113671455363157e+00 1.238347020287451272e+01
1.433448755265068097e+00 1.407534324434087480e+01
1.044364340612357500e+00 1.106688193488058758e+01
1.347600905749021249e+00 1.302774947499019831e+01
1.528258653089879182e+00 1.335156065734302544e+01
1.306824150790480310e+00 1.189091417469577827e+01
1.390973629986434368e+00 1.221430333720002182e+01
1.371440183481775765e+00 1.360461562664010060e+01
1.298679081610949471e+00 1.202528971600032648e+01
1.323205158995427011e+00 1.259256744977324161e+01
1.160496635454006276e+00 1.197563814248616509e+01
1.536462705811796337e+00 1.418422911983445189e+01
1.360483493973712488e+00 1.243356136072808127e+01
1.277435759688612116e+00 1.282026122338591634e+01
1.513350286835387859e+00 1.382320027848125576e+01
1.240339088196954043e+00 1.142917142889600512e+01
1.332113836151067154e+00 1.277092546735973855e+01
1.440787194676283134e+00 1.383724800001508370e+01
1.265027519969661229e+00 1.256145376966043514e+01
1.242085301066372605e+00 1.244866293104385591e+01
1.157417421040115579e+00 1.065219715642028575e+01
1.207724404030644072e+00 1.193772094557756347e+01
1.367021541164648024e+00 1.292905793394318792e+01
1.274911159783727044e+00 1.256948741903290312e+01
1.227067254837058030e+00 1.174506220747702656e+01
1.271592801156343766e+00 1.207200395460819742e+01
1.170422747925307538e+00 1.162816095746837242e+01
1.283851480457281147e+00 1.274626442299699036e+01
1.673472896508088947e+00 1.531053514930370341e+01
1.537772561165432705e+00 1.482185443643335887e+01
1.361479677691266543e+00 1.231415066366884759e+01
1.293375649332515920e+00 1.170078926673439668e+01
1.394871041280933310e+00 1.282814948269040656e+01
1.370740453839600193e+00 1.316466443920415941e+01
1.228572152325005051e+00 1.208602326522291293e+01
1.319268190695480625e+00 1.292012064181417585e+01
1.082999001062958877e+00 1.160453093248448297e+01
1.348062426667809177e+00 1.300965626515919737e+01
1.386490082124334888e+00 1.398976323477838690e+01
1.248032983614122404e+00 1.300728485695040959e+01
1.534672253561395916e+00 1.406743364027398258e+01
1.512191455388193884e+00 1.329378232201024446e+01
1.280610601004215088e+00 1.222218404956217341e+01
1.112394060325065714e+00 1.216138544060816429e+01
1.059179361763956218e+00 1.124919701887463752e+01
1.486595972532326781e+00 1.318527317128216580e+01
1.198843183042090477e+00 1.162640901080373723e+01
1.298204212990037298e+00 1.278057082764285823e+01
1.427995244666635077e+00 1.289630159435061429e+01
1.438613686397784308e+00 1.258915414442413194e+01
1.409416293123702646e+00 1.294408402617416343e+01
1.176985337776675467e+00 1.193543065272878856e+01
1.405138613812227488e+00 1.268724241498453509e+01
1.290015207655297758e+00 1.203539329029828053e+01
1.520215390275493128e+00 1.357868566760050300e+01
1.196080124735942718e+00 1.190748362058371868e+01
1.410951629337864111e+00 1.253310423245758898e+01
1.161608318640099613e+00 1.155455307124073094e+01
1.191401903911521343e+00 1.105716858279398274e+01
1.297188366371095469e+00 1.250839735102336192e+01
1.395617193621604191e+00 1.430843715140322558e+01
1.344291778454818509e+00 1.316935537824431535e+01
1.276783967496980088e+00 1.164875825311291102e+01
1.243493942288754095e+00 1.216503996464389736e+01
1.102719663713982445e+00 1.087154970251352992e+01
1.105872405252763979e+00 1.099152885635623278e+01
1.346992472121567141e+00 1.315294713955072226e+01
1.233633897625233233e+00 1.259704887680248220e+01
1.261600135825952984e+00 1.300222239328381946e+01
1.190913657075332255e+00 1.145914014636579203e+01
1.286945819988778439e+00 1.211265010520218510e+01
1.558636497916766617e+00 1.330593160853523926e+01
1.432603266055740621e+00 1.289932538647115123e+01
1.316994638797403860e+00 1.279407767490300429e+01
1.627739028302641611e+00 1.449771790006824901e+01
1.356468873859851154e+00 1.365280402809433014e+01
1.558423861585865877e+00 1.332567301323468101e+01
1.325719333416699675e+00 1.238295471709018258e+01
1.376576383463980591e+00 1.325415404643274542e+01
1.369108834410474707e+00 1.238992293829307023e+01
1.635702292041468997e+00 1.449533071327757483e+01
1.283990894571171770e+00 1.287105702094418902e+01
1.170624932680674801e+00 1.133125996893611998e+01
1.344149512496804588e+00 1.204243365288433054e+01
1.241475004557977435e+00 1.244437809941145900e+01
1.595062537183805196e+00 1.406008301558361495e+01
1.382384296240111832e+00 1.187449739581373187e+01
1.375969122872217065e+00 1.307980245060672075e+01
1.234968141800779851e+00 1.155082775367660375e+01
1.321538246601244637e+00 1.206312081133032521e+01
1.113594485206584661e+00 1.140680622054632209e+01
1.635743991714229573e+00 1.450000025885848842e+01
1.528393126573680760e+00 1.421486571172187396e+01
1.391723642333384969e+00 1.223169858707097113e+01
1.166013352347248233e+00 1.144284013617336093e+01
1.089473414077910096e+00 1.177250322403784821e+01
1.531181793244313472e+00 1.381738529453058106e+01
1.375054265605137882e+00 1.293317544142997733e+01
1.394123033745152673e+00 1.252934698824877557e+01
1.170669864396764570e+00 1.197968936962278619e+01
1.370390612940845187e+00 1.243900973884719363e+01
1.532518462100013412e+00 1.295338779676673724e+01
1.314101244619681585e+00 1.201129572955089486e+01
1.156465685255694487e+00 1.057776961972114194e+01
1.339088692551836379e+00 1.192862141718746827e+01
1.267430709435067637e+00 1.286005935338627282e+01
1.346148854356643554e+00 1.215806811657332531e+01
1.284280574975070977e+00 1.246259129104915786e+01
1.661448002035645688e+00 1.510877670444896381e+01
1.292904690823197811e+00 1.334707696718140113e+01
1.304245368806017602e+00 1.262546816089553303e+01
1.319002251124031133e+00 1.331997835741363190e+01
1.139475503121105238e+00 1.165555424783897820e+01
1.311250614373685730e+00 1.228862968772569531e+01
1.285747656633298375e+00 1.347323730518776586e+01
1.407212890574428332e+00 1.376824275287926724e+01
1.460107843781096371e+00 1.295949653984019889e+01
1.442617895061742317e+00 1.307060731936667963e+01
1.607467635789032290e+00 1.464050197545792642e+01
1.195967306633804572e+00 1.108970331499377338e+01
1.254684023132737636e+00 1.326832335518860617e+01
1.277651248385470950e+00 1.242217758208908407e+01
1.455607819397122693e+00 1.265646060492679226e+01
1.545931564857197849e+00 1.440677715872535813e+01
1.146613841008528922e+00 1.183622587570920359e+01
1.296048114153997455e+00 1.184717197643738018e+01
1.281124522978406288e+00 1.186086791721647771e+01
1.246514787338313335e+00 1.140090083883007921e+01
1.295004218904519666e+00 1.171071559429164033e+01
1.477309093847912314e+00 1.337215797526597072e+01
1.336610087576272754e+00 1.322039407602967032e+01
1.337361960193826693e+00 1.228008699614747101e+01
1.456217304229817211e+00 1.350950735141433867e+01
1.551235721062847794e+00 1.486162059788532730e+01
1.151009149778774665e+00 1.064169288141632563e+01
1.414942085917918924e+00 1.403532483635879657e+01
1.398948887085086135e+00 1.221168476758914601e+01
1.210673395741719727e+00 1.168662587928004015e+01
1.382626581349980732e+00 1.327490754896757963e+01
1.130618295686726338e+00 1.128002817402939328e+01
1.341024962335137793e+00 1.266020755392151287e+01
1.580119996033304330e+00 1.388594148239062420e+01
1.137565184196048795e+00 1.075643812421536794e+01
1.311464247781905623e+00 1.277737825299059793e+01
1.179689944863707929e+00 1.110536510558704038e+01
1.369699193591759956e+00 1.247710279467123229e+01
1.359687099361366336e+00 1.294715281145269969e+01
1.413325238888044844e+00 1.323072424932338009e+01
1.358949154615296084e+00 1.275879415466410549e+01
1.204086827434042606e+00 1.250656314033936667e+01
1.044439071410358633e+00 1.146194730459870570e+01
1.143686034765432735e+00 1.068737789135997573e+01
1.205963933290087997e+00 1.183846748600041821e+01
1.320512054714428007e+00 1.373316954757782682e+01
1.312645675926532363e+00 1.230879746262178998e+01
1.391669044035583225e+00 1.267618487537682981e+01
1.398124252367731524e+00 1.289921127979775051e+01
1.228385706450367820e+00 1.127964160961889917e+01
1.387284492270499214e+00 1.312757436604844230e+01
1.161614859955029777e+00 1.188780801137203369e+01
1.477367214264155182e+00 1.282129888418359087e+01
1.267010013654418010e+00 1.245063702110238069e+01
1.250791066026126774e+00 1.263169194718218336e+01
1.418937793192831975e+00 1.366988171905214955e+01
1.409481097372913716e+00 1.386622187667479622e+01
1.473338214362839294e+00 1.316748155009750576e+01
1.435153854156234310e+00 1.404526407974131175e+01
1.359052890038999095e+00 1.250191447772174413e+01
1.465126973481798434e+00 1.349926432023960743e+01
1.216847140046849685e+00 1.243195613971795765e+01
1.227601006406604300e+00 1.124207426353632755e+01
1.674795895238876842e+00 1.487574367465656167e+01
1.402659107212485878e+00 1.424972772555432954e+01
1.247398038889032890e+00 1.300725205734319445e+01
1.045455863099702842e+00 1.068937868067843056e+01
1.317466288011684084e+00 1.169750927725071321e+01
1.190528978165345197e+00 1.247112097276445652e+01
1.326057500952496415e+00 1.197696161083809230e+01
1.301314414640900807e+00 1.197655078894499425e+01
1.425999189328645889e+00 1.323109350099235115e+01
1.418360560326175079e+00 1.330092248398153032e+01
1.303805968432595552e+00 1.288110457302688161e+01
1.462277644516580821e+00 1.333277748862979806e+01
1.425441786774307662e+00 1.261104552533008771e+01
1.348412430723761712e+00 1.250331745339511258e+01
1.180092659855487058e+00 1.261713155381531948e+01
1.423414323325163711e+00 1.354298643651034340e+01
1.199646099184920267e+00 1.185007679725773500e+01
1.385799460520367621e+00 1.328426226679815869e+01
1.124895496804160899e+00 1.137041459992176584e+01
1.305088840825478158e+00 1.363420766801259632e+01
1.382821401375836645e+00 1.323664480489121686e+01
1.362016060842520693e+00 1.350654161405532960e+01
1.483639091910455843e+00 1.395337088675323045e+01
1.496440252664735793e+00 1.412887820405140360e+01
1.691035274513408293e+00 1.525934408378503804e+01
1.332550402933724065e+00 1.318660468696876364e+01
1.291730687041786174e+00 1.206475926894069417e+01
1.403283244434597066e+00 1.302898466874598782e+01
1.200292224661648754e+00 1.192615968633912260e+01
1.260776526624077354e+00 1.264170218873278984e+01
1.344959333818271041e+00 1.335920355282519623e+01
1.162470777602389482e+00 1.143508530041224347e+01
1.388828426577146002e+00 1.282732202778061747e+01
1.369344923414619108e+00 1.367342159473944818e+01
1.226942006304422073e+00 1.199663653359532844e+01
1.245210660298629479e+00 1.180847980031827049e+01
1.343367690695348449e+00 1.251441809286072981e+01
1.106216439344208435e+00 1.115343787788732222e+01
1.456675452822578709e+00 1.326105822058381278e+01
1.219132297359934780e+00 1.221599624118580252e+01
1.739139950262403200e+00 1.491057569250943260e+01
1.525550478614415173e+00 1.326166202513470438e+01
1.209623488526393675e+00 1.101589646743682493e+01
1.323459552364047331e+00 1.226587209537452949e+01
1.358589218141436072e+00 1.305013270367816958e+01
1.548077322531800082e+00 1.467183617961767084e+01
1.613123775566116525e+00 1.538435517128591457e+01
1.328436468416251071e+00 1.225298592621970073e+01
1.394839990858672607e+00 1.297274468833075289e+01
1.327107846608817976e+00 1.233167626792549498e+01
1.468008794122084293e+00 1.344371541762152589e+01
1.178377771975577692e+00 1.143513770013499986e+01
1.245296483723998371e+00 1.268543381590686536e+01
1.499798712668128253e+00 1.280922171522106012e+01
1.329218248269715463e+00 1.236810974902824256e+01
1.544491984962996556e+00 1.384054917117213179e+01
1.356838150049943348e+00 1.311466740010833831e+01
1.365329447964139131e+00 1.256447226478585577e+01
1.463278124537263247e+00 1.285693101175646902e+01
1.562285269088963258e+00 1.450747973945133751e+01
1.282607625725495026e+00 1.118205224079200022e+01
1.513424646438531473e+00 1.479318132945059006e+01
1.266811396317322203e+00 1.227073091824845363e+01
1.416555770640314016e+00 1.372892503891863569e+01
1.233591820313272747e+00 1.261952079525927672e+01
1.553517571072887904e+00 1.425183012346993650e+01
1.146989349790114909e+00 1.095301553012746254e+01
1.207624593385870693e+00 1.102728168461805858e+01
1.505465047706079362e+00 1.444012490398908355e+01
1.202229392775339800e+00 1.248039642059831777e+01
1.102141911355320136e+00 1.043907778213232618e+01
1.332768034554352887e+00 1.350824682602795690e+01
1.360868619213422948e+00 1.275241227055967030e+01
1.604572061794010462e+00 1.448527189899804668e+01
1.206373851919312568e+00 1.085977923785784149e+01
1.314674007218569640e+00 1.185006423268859699e+01
1.298110056048208838e+00 1.324386177129301245e+01
1.056520567405275779e+00 1.116183627210611462e+01
1.390447877972187163e+00 1.283795315316145391e+01
1.560185714437675397e+00 1.361458360488726171e+01
1.599302223171612747e+00 1.371600765992128856e+01
1.556768176845582108e+00 1.433720559697913188e+01
1.319141521881280976e+00 1.238567360880773371e+01
1.386049765819710178e+00 1.285981486436054411e+01
1.195488497952002405e+00 1.191083244549257714e+01
1.377029124647748182e+00 1.347043875349355702e+01
1.486976172655919637e+00 1.392884154451257928e+01
1.281606399937930352e+00 1.327482406962779038e+01
1.576657813972749622e+00 1.357160303172021543e+01
1.401464081823422525e+00 1.343953670255507049e+01
1.354327513236731173e+00 1.173354894055446351e+01
1.428471401545762243e+00 1.341302212423547147e+01
1.443384526435291360e+00 1.310076159250882810e+01
1.317397211718082994e+00 1.246959319545470990e+01
1.454980332747047855e+00 1.346342537044877119e+01
1.488867390851306816e+00 1.390310598907734629e+01
1.354475162573489211e+00 1.325950802123578143e+01
1.558403240361459829e+00 1.414253700993644358e+01
1.538275803692009447e+00 1.358912496285741867e+01
1.077964709391920684e+00 1.096747425278927679e+01
1.144693506427338692e+00 1.109348352558901851e+01
1.402987748770807563e+00 1.336288722968896536e+01
1.227610528009479784e+00 1.130322944221909687e+01
1.340652531612589238e+00 1.359107785097545573e+01
1.434674102611668056e+00 1.300135094500110711e+01
1.442980383563876590e+00 1.277733249975212004e+01
1.256100089936044828e+00 1.160094342629576403e+01
1.341022476967590471e+00 1.208235920770491489e+01
1.345585323215750417e+00 1.227550436008420931e+01
1.477797127480390049e+00 1.339621281633347749e+01
1.583188858491448636e+00 1.468560442479161310e+01
1.356189484080441598e+00 1.241913213005160799e+01
1.474865422818884220e+00 1.296275634963234680e+01
1.396544215608059414e+00 1.278759519973861813e+01
1.456505085156946100e+00 1.285066173734903927e+01
1.383469892799486844e+00 1.346243629456040836e+01
1.218900239585008149e+00 1.133754883598949093e+01
1.328479513035697002e+00 1.283859405447618585e+01
1.331881455887130139e+00 1.250608500609537188e+01
1.500130687009983088e+00 1.382808775096908960e+01
1.394850422831762637e+00 1.331927790544063228e+01
1.571673916910782509e+00 1.449672497281001782e+01
1.354414089486641881e+00 1.203433473410857957e+01
1.217864606109859027e+00 1.218271935997450939e+01
1.354734074416819478e+00 1.318532690662863160e+01
1.326324332808168860e+00 1.247972771951237902e+01
1.508162740133195179e+00 1.423313366334662433e+01
1.311025428537772042e+00 1.266780562646417607e+01
1.254780844685826402e+00 1.187472767516325867e+01
1.281566822591984955e+00 1.197713615432743772e+01
1.460749403193505991e+00 1.281555790276996021e+01
1.179393543593373561e+00 1.182345457806914979e+01
1.360278737105178992e+00 1.279683113894553514e+01
1.190428460772686048e+00 1.136047982966714898e+01
1.315482279712682834e+00 1.199024896157860098e+01
1.465768254399253845e+00 1.245955349748489382e+01
1.241511618472946665e+00 1.224029556058759027e+01
1.251985835222695354e+00 1.204882179445411872e+01
1.248709388571053402e+00 1.214801726094032475e+01
1.423762534626656917e+00 1.327390266260655949e+01
1.382646509067257279e+00 1.276494231353159137e+01
1.189056481483621530e+00 1.155304227567985720e+01
1.647759210513213057e+00 1.392152917576561677e+01
1.157408854310549184e+00 1.180790905319688555e+01
1.352484050309591179e+00 1.174375511008210538e+01
1.344826628364704346e+00 1.237930569286743676e+01
1.290988969351966276e+00 1.200317854410417873e+01
1.604190475435240737e+00 1.457180603860360790e+01
1.268324644416904956e+00 1.279149865016616516e+01
1.310338656292295401e+00 1.269262003779854453e+01
1.279630696966511660e+00 1.168993744351286246e+01
1.381909668333654029e+00 1.333566682882883470e+01
1.356803076831803123e+00 1.303958254163444863e+01
1.265377730256544542e+00 1.179947870745750649e+01
1.398047614505474767e+00 1.320136564645839528e+01
1.508116772111615767e+00 1.345467427183901066e+01
1.391830342371510820e+00 1.293379605458496329e+01
1.448793246208925467e+00 1.303354859201700933e+01
1.210907989309730537e+00 1.156844937874166490e+01
1.362108034210129492e+00 1.295685119519141182e+01
1.230006132482782899e+00 1.291763814890116180e+01
1.327650070169838603e+00 1.294425848796475620e+01
1.517363473560807474e+00 1.398375767524770907e+01
1.399639421288055852e+00 1.301067165569057238e+01
1.215412185267516820e+00 1.148137144863830628e+01
1.257631818438059046e+00 1.177453502546384279e+01
1.315106236055471722e+00 1.281670571270684178e+01
1.471613914873252993e+00 1.319644024811635319e+01
1.155920993804165242e+00 1.095767311878488037e+01
1.365127175788356517e+00 1.349614254335092056e+01
1.370642508342312160e+00 1.247809902607477284e+01
1.335275285028768355e+00 1.270670766828938625e+01
1.307437565637190602e+00 1.171537509285299983e+01
1.286158814218298474e+00 1.203352641697044234e+01
1.094770211033356588e+00 1.098759923334830191e+01
1.317028385137283042e+00 1.202989480392422905e+01
1.478499077277816598e+00 1.365409784890118061e+01
1.243282443393862069e+00 1.145107246295461323e+01
1.467527524195817223e+00 1.337455827783058382e+01
1.230193944325873812e+00 1.146220389273784512e+01
1.176065451905587089e+00 1.132979429160468854e+01
1.283843159452990879e+00 1.194381715283129886e+01
1.406153652738501680e+00 1.346404921061078852e+01
1.448622433269973087e+00 1.345801209609358651e+01
1.323750575492888881e+00 1.250212326923323758e+01
1.387391682562151063e+00 1.310405635715060413e+01
1.327464002308145652e+00 1.213118403474617146e+01
1.540739208575566455e+00 1.410145799957443202e+01
1.222581011506664428e+00 1.217446148263622163e+01
1.268549729870692033e+00 1.151318966591101045e+01
1.481213102664502124e+00 1.300589593419631385e+01
1.538462023304258075e+00 1.451404654196198862e+01
1.281174480728557441e+00 1.191561245131407887e+01
1.614153951329070580e+00 1.483482572758572360e+01
1.216427328368437477e+00 1.174204980999279258e+01
1.201370127785867714e+00 1.165250131228478381e+01
1.149096876889935004e+00 1.095094246752506351e+01
1.613879733284219409e+00 1.445524075287880095e+01
1.333134692143122191e+00 1.217148055977892440e+01
1.391105781436491551e+00 1.263480077159237780e+01
1.629758474706735960e+00 1.434790936324717947e+01
1.267148978825865413e+00 1.108034008020558758e+01
1.351090446073849760e+00 1.263298685533026600e+01
1.178434582197931624e+00 1.109134654124552100e+01
1.204487183641778092e+00 1.214375820482431223e+01
1.337957516880237785e+00 1.282429130569160947e+01
1.233772312230576595e+00 1.125623936396401703e+01
1.198181795062971844e+00 1.120174332047641741e+01
1.484669640130485302e+00 1.332115355044266991e+01
1.269451330691909519e+00 1.186508158669720991e+01
1.431305687680508587e+00 1.330218234517758091e+01
1.556119374438150071e+00 1.328345075067653269e+01
1.346798135659385443e+00 1.254824884312183997e+01
1.630102189920262123e+00 1.443187520800287515e+01
1.507802749113236196e+00 1.380121127542307846e+01
1.334540705636222624e+00 1.253436585964374217e+01
1.557664328898266337e+00 1.390503031474003848e+01
1.143049341683928910e+00 1.164231731248763779e+01
1.122807293712675847e+00 1.136011552496151467e+01
1.175687981554522921e+00 1.189635374688680969e+01
1.281742688017802889e+00 1.306359468184599493e+01
1.214837784951909638e+00 1.192125782534710154e+01
1.325982222031960589e+00 1.297113332884890013e+01
1.190655354661444232e+00 1.202031315476468620e+01
1.241138950505250138e+00 1.161067346527754474e+01
1.289686601357459939e+00 1.275822913197191610e+01
1.183914476946162253e+00 1.125977778614467795e+01
1.344386398113561532e+00 1.273380165828134025e+01
1.527725219443266003e+00 1.335643883767568951e+01
1.229582015932948025e+00 1.191495933261147755e+01
1.568144031260084947e+00 1.385260876642265515e+01
1.305249410359961448e+00 1.222774579298072339e+01
1.401426336613726509e+00 1.243602910373928339e+01
1.317800185002058422e+00 1.293621635539281201e+01
1.434403918844438408e+00 1.296795652443201519e+01
1.249914090642891384e+00 1.204353546750915882e+01
1.147749094773544032e+00 1.160350397868184302e+01
1.410944273819712214e+00 1.359396345742829482e+01
1.324743283510389391e+00 1.284041335335247425e+01
1.321289684175819934e+00 1.210875227164306089e+01
1.454513238646446105e+00 1.364857425098209731e+01
1.465263686313880376e+00 1.385612843469247579e+01
1.507768201342047920e+00 1.387329568430205029e+01
1.487369251194448960e+00 1.331062699286080075e+01
1.478453800032313969e+00 1.379483482316516429e+01
1.229451403107852059e+00 1.172129255096728428e+01
1.172701079509431032e+00 1.124887264195177572e+01
1.509456140201348440e+00 1.373495370688062067e+01
1.415164232955582246e+00 1.394289302506355810e+01
1.274112892296184629e+00 1.162160207854467409e+01
1.188823237560455492e+00 1.218689886603962336e+01
1.247725293669042168e+00 1.093865075903538298e+01
1.370005711595323472e+00 1.239471201866428274e+01
1.387041189066812619e+00 1.354135641002713797e+01
1.441334534312409321e+00 1.310097078965177886e+01
1.488818840421966661e+00 1.365101385423895053e+01
1.415978628341413081e+00 1.353758133925759566e+01
1.469559053176959562e+00 1.418846339889616814e+01
1.181955043112954407e+00 1.168539340068522492e+01
1.344333599583191763e+00 1.228846970737198596e+01
1.208081100314366108e+00 1.135916805339000923e+01
1.200532177481724583e+00 1.129340436084741839e+01
1.463610319336859700e+00 1.377203042172824254e+01
1.631318686845633970e+00 1.447232376943621901e+01
1.318225046102172504e+00 1.207117110607500976e+01
1.158140372972672028e+00 1.097405600964696859e+01
1.305627957495979263e+00 1.241112488352132814e+01
1.145858394926285273e+00 1.133029998522469484e+01
1.289407608699774110e+00 1.206016923934647878e+01
1.234461190079344295e+00 1.194959164845794319e+01
1.212416333319321637e+00 1.155634828312881446e+01
1.101923008453429942e+00 1.175939978532789354e+01
1.456680974185035948e+00 1.337245137608800860e+01
1.285729844663154875e+00 1.263511597160156086e+01
1.184031891292421035e+00 1.167110309468199958e+01
1.239888206652882685e+00 1.256902536020310635e+01
1.197432890407215789e+00 1.151212541047959981e+01
1.210933722440840521e+00 1.118645666744804501e+01
1.260616438869312850e+00 1.268355762497128580e+01
1.449941931380888338e+00 1.337276484030189749e+01
1.329891341951853434e+00 1.225217387427153604e+01
1.532658478118205991e+00 1.380723024865803339e+01
1.406688240105103294e+00 1.346093028544886394e+01
1.342657020135696433e+00 1.279457194833378253e+01
1.375517256292210222e+00 1.393270979862400694e+01
1.362598760720548974e+00 1.259555558904627048e+01
1.218052907315040789e+00 1.232290797168076502e+01
1.543640919726685823e+00 1.417753356926958119e+01
1.378800143914535870e+00 1.315399355517887869e+01
1.304595087504559547e+00 1.285701660900893728e+01
1.245943311449309254e+00 1.228213088919475382e+01
1.404943195321259886e+00 1.351000220941291374e+01
1.423536695457324530e+00 1.283601798794332893e+01
1.324061688996301056e+00 1.205649229929012378e+01
1.353110535715151608e+00 1.314982784648992720e+01
1.567229842323431876e+00 1.440055709329830336e+01
1.156712742943189376e+00 1.120030216548996194e+01
1.612988848902771277e+00 1.429232394391661742e+01
1.344751556779855362e+00 1.144294944246712120e+01
1.461761254164559709e+00 1.345902477483580739e+01
1.390129241588596631e+00 1.288182459896643550e+01
1.333903226146206045e+00 1.229968614296440776e+01
1.314112783570887677e+00 1.334916249510730424e+01
1.413579414807021095e+00 1.332566819577185768e+01
1.221419987013268482e+00 1.249913993925752820e+01
1.453696247077611137e+00 1.361044814806085412e+01
1.627633697111689148e+00 1.505033053908011809e+01
1.225366848442133838e+00 1.151148664011635248e+01
1.430376221646613821e+00 1.315915584569512831e+01
1.262042737230263834e+00 1.203111307402805608e+01
1.426444846258227095e+00 1.314832335780268835e+01
1.433949488573545761e+00 1.257256339821908142e+01
1.250271519846737567e+00 1.165042127364220370e+01
1.317340875254622512e+00 1.256444603679928207e+01
1.385966068508975635e+00 1.275189027369184203e+01
1.479574767340134045e+00 1.392947228348523581e+01
1.292757748211184943e+00 1.209594523746323347e+01
1.409860569670051689e+00 1.231179386791013286e+01
1.356429707822944586e+00 1.291084717897587808e+01
1.402983746311254443e+00 1.330996619214385746e+01
1.511216169226773154e+00 1.373374988529967311e+01
1.253318647014646903e+00 1.280709353326202660e+01
1.250094662767067044e+00 1.199984955279266430e+01
1.380942977960361695e+00 1.346615708184163651e+01
1.374697595523175941e+00 1.360742273347137044e+01
1.179719737170637384e+00 1.227768902089133007e+01
1.224255231411506495e+00 1.189714028305645854e+01
1.319007455752614133e+00 1.296911625498632148e+01
1.549199364488749620e+00 1.388303402847608226e+01
1.323760762263643143e+00 1.220145218163666456e+01
1.075849907079569956e+00 1.150477268556223009e+01
1.116485812484461659e+00 1.122281475264218109e+01
1.453366785964665731e+00 1.303133673885536936e+01
1.667385742921391412e+00 1.451192400520783465e+01
1.560398692264313159e+00 1.409076046380447167e+01
1.280883866506868696e+00 1.336110454617176302e+01
1.352972453281585663e+00 1.266147020133690759e+01
1.176495010813224606e+00 1.164182843444633342e+01
1.160338118134393026e+00 1.104517590238707747e+01
1.210317486783432761e+00 1.236635727801216156e+01
1.522668131596120578e+00 1.452995673341104066e+01
1.250954032965466922e+00 1.270308722784686495e+01
1.322162706795423803e+00 1.330039886454458298e+01
1.280512834187178317e+00 1.265236120080290050e+01
1.408131356006472101e+00 1.356085986020450918e+01
1.098696601985876153e+00 1.063467286400858214e+01
1.377182222082701912e+00 1.274816031476967737e+01
1.283972554343874251e+00 1.233589047118104176e+01
1.314888461318064916e+00 1.198290455492708517e+01
1.284618105611087469e+00 1.260327788473099631e+01
1.224884405873746029e+00 1.232808643190789155e+01
1.275075980565341327e+00 1.240667666654860035e+01
1.219531492586696464e+00 1.183813058262808227e+01
1.414250260340176757e+00 1.383039818023719647e+01
1.373144215647574828e+00 1.233236364854154488e+01
1.584458670027715232e+00 1.489861251074741944e+01
1.549384775588716012e+00 1.328524162434216294e+01
1.236050578658553167e+00 1.202387126398639694e+01
1.398131683963674821e+00 1.362801964955856349e+01
1.337676147962347128e+00 1.259287976348924687e+01
1.618445927014778629e+00 1.372951420984500359e+01
1.345224334371625474e+00 1.298831535072583421e+01
1.686807781604928946e+00 1.513071976387841744e+01
1.333971409085626503e+00 1.384322685685390297e+01
1.536950662233006470e+00 1.407203967896004571e+01
1.765443246385131282e+00 1.574175367802150305e+01
1.296474870705887072e+00 1.284057373499179633e+01
1.316642053476002827e+00 1.345432743794066610e+01
1.261571838640826337e+00 1.224061522555935255e+01
1.617368814467155413e+00 1.461333443493260020e+01
1.433131777657576933e+00 1.321873504155227508e+01
1.277893787865667319e+00 1.254282050054052533e+01
1.357285801440675232e+00 1.350559634776017859e+01
1.541520161673386902e+00 1.366083921195346917e+01
1.337160905598780092e+00 1.268269599398097469e+01
1.381637944688519193e+00 1.341808465239979853e+01
1.439329966442724373e+00 1.306931085223567379e+01
1.132869004643298538e+00 1.140265344082567545e+01
1.548028999592957700e+00 1.406628843627138892e+01
1.320331929646234137e+00 1.265211583759803915e+01
1.549545420893745806e+00 1.423765765185369148e+01
1.438716612505604342e+00 1.343059713399622979e+01
1.196929955232997944e+00 1.181602120848737059e+01
1.260112943716751088e+00 1.179334795931422697e+01
1.488222963958281353e+00 1.381136592267312224e+01
1.140681696367714437e+00 1.100030696163780775e+01
1.625109900153830722e+00 1.440747329321278158e+01
1.476888060010731030e+00 1.393200104073110523e+01
1.500915281240120747e+00 1.398080450257044305e+01
1.377574472389491822e+00 1.225129424300619085e+01
1.354732505376642138e+00 1.287154766120693594e+01
1.381162034218418766e+00 1.387526126717524733e+01
1.525816436099526996e+00 1.469671126372093184e+01
1.425485601045308304e+00 1.354365322802998861e+01
1.531083224566591738e+00 1.396023074527073149e+01
1.398534254328890114e+00 1.345637343880964210e+01
1.337300146666979606e+00 1.278293138037490095e+01
1.283799070482906313e+00 1.287265803403489173e+01
1.676813158684197891e+00 1.471807833891165984e+01
1.166718094404776807e+00 1.161042245413013774e+01
1.189681820508855958e+00 1.109734444529139452e+01
1.394277923066798763e+00 1.337529470057337022e+01
1.439242813752110273e+00 1.284906535797434302e+01
1.353014612766813007e+00 1.253512991824685585e+01
1.141715452216456095e+00 1.188177537715623622e+01
1.479702206457693681e+00 1.377092138802455068e+01
1.173197350326888655e+00 1.176313610089272643e+01
1.671954758713816602e+00 1.476864904715901261e+01
1.228242296426801161e+00 1.150744707771066544e+01
1.350785585280604773e+00 1.322212174023662001e+01
1.343391315951467435e+00 1.257639960533023782e+01
1.489924084780020364e+00 1.349739604347147193e+01
1.203907680607183117e+00 1.106680034564516646e+01
1.411327541811437047e+00 1.336047971901419729e+01
1.411408512952935901e+00 1.328685919079493516e+01
1.155674080658706693e+00 1.097319292435135019e+01
1.194165497551665123e+00 1.089248693691567738e+01
1.426645061600268605e+00 1.350613096470194918e+01
1.427259555135862890e+00 1.273950876296960644e+01
1.063574164185725479e+00 1.107314715287477469e+01
1.361754652932873011e+00 1.310988859095763459e+01
1.335751984692081340e+00 1.289314152860413287e+01
1.418829988848004486e+00 1.306203055587874573e+01
1.419161431076293445e+00 1.264537658884847460e+01
1.290600175437830455e+00 1.223046607285023768e+01
1.118469807015507689e+00 1.094807423323678819e+01
1.517148979390359642e+00 1.425516100766658667e+01
1.367018169521284632e+00 1.394642832100777241e+01
1.329093452409603415e+00 1.276252609608692268e+01
1.284808352122120301e+00 1.259726700171943392e+01
1.363294882498909288e+00 1.185006087995736124e+01
1.448139199026744706e+00 1.329147884161946180e+01
1.585981785434828151e+00 1.445455691051500580e+01
1.276025991021511041e+00 1.253685288118321850e+01
1.486131794010222551e+00 1.357287325367774855e+01
1.110152123617386133e+00 1.074849293330421496e+01
1.502739580526369245e+00 1.475150053889935720e+01
1.466879415986969359e+00 1.422721503796391929e+01
1.443768072734561425e+00 1.394428424681263934e+01
1.299582306238955987e+00 1.168022502734992685e+01
1.283217032126310331e+00 1.331637193849408618e+01
1.433962572096006527e+00 1.323925941814480822e+01
1.249543001956107569e+00 1.243999353140731046e+01
1.396395678876759749e+00 1.266234674636547552e+01
1.210648993993812539e+00 1.226483286360772595e+01
1.439735021008406113e+00 1.333628728728753998e+01
1.198325428887253796e+00 1.247219420033063386e+01
1.461033335372078135e+00 1.331799608261539802e+01
1.714009005646502937e+00 1.460039732752461461e+01
1.256902255237587251e+00 1.204962465593821896e+01
1.316735166257200440e+00 1.242964093259116254e+01
1.360795178420412643e+00 1.294131633274280446e+01
1.348411641479330347e+00 1.331508428773171815e+01
1.523710542294343773e+00 1.431086018475857102e+01
1.395117455398837691e+00 1.371597669908339867e+01
1.391718619442632532e+00 1.304984615018921446e+01
1.544302050457913689e+00 1.362491149436958793e+01
1.490033354746562511e+00 1.368198743376039417e+01
1.516162887495115408e+00 1.364099950069484635e+01
1.551752014344481623e+00 1.436021960453810919e+01
1.155322316764623825e+00 1.158811435168612114e+01
1.389019534975223680e+00 1.288729756412843841e+01
1.301423846081030122e+00 1.187423079883151722e+01
1.144205965553101612e+00 1.167469245738854511e+01
1.252586193974136952e+00 1.141599136631648292e+01
1.618363064615101710e+00 1.500792917400323034e+01
1.438358053579530837e+00 1.322919511277453353e+01
1.358869903763619824e+00 1.231061638636467492e+01
1.478047352831656669e+00 1.353121901295277851e+01
1.429557564246875856e+00 1.337701398462953506e+01
1.555030751726682592e+00 1.352880863329628980e+01
1.166493925490458050e+00 1.166234797402571921e+01